ID,age_y,SP_grezzo,RS_grezzo,CS_grezzo,MR_grezzo,RR_grezzo,QS_grezzo,MO_grezzo,RP_grezzo,MP_grezzo,SM_grezzo,PG_grezzo,CL_grezzo,SS_grezzo,CR_grezzo,DM_grezzo,age_m,age_band,SP_PP,RS_PP,CS_PP,MR_PP,RR_PP,QS_PP,MO_PP,RP_PP,MP_PP,SM_PP,PG_PP,CL_PP,SS_PP,CR_PP,DM_PP,age_group,qIC_sommaPP,qIC_SS,qIF_sommaPP,qIF_SS,qVS_sommaPP,qVS_SS,qML_sommaPP,qML_SS,qVE_sommaPP,qVE_SS,qAR_sommaPP,qAR_SS,QI_rapido_sommaPP,QI_rapido_SS,QI_totale_sommaPP,QI_totale_SS
1,6,2,5,4,4,2,1,7,0,2,6,0,9,16,0,1,72,6;00-6;03,7,12,11,10,8,7,11,6,7,11,7,8,11,7,9,6-10 anni,19,97,18,94,17,91,18,94,19,97,16,88,37,95,80,92
2,6,6,2,4,1,2,4,1,3,2,3,2,13,12,8,6,72,6;00-6;03,9,9,11,8,8,10,7,10,7,9,9,10,11,12,17,6-10 anni,18,94,16,89,17,91,18,94,21,103,29,128,34,90,82,93
3,6,15,3,5,7,7,0,8,5,4,5,9,20,34,15,7,72,6;00-6;03,15,9,12,13,16,7,12,12,10,9,15,12,19,17,19,6-10 anni,24,112,29,127,24,112,24,111,31,131,36,150,53,122,115,121
4,6,10,7,1,3,4,2,7,0,4,9,2,11,23,8,3,72,6;00-6;03,11,14,8,9,10,9,11,6,10,12,9,10,13,12,13,6-10 anni,25,115,19,97,17,91,21,103,23,108,25,116,44,107,95,104
5,6.08333333333333,3,0,3,5,3,2,2,4,2,2,0,5,0,3,0,73,6;00-6;03,7,7,10,10,10,9,7,11,7,8,7,8,5,8,8,6-10 anni,14,82,20,100,18,94,15,86,13,80,16,88,34,90,76,89
6,6.08333333333333,6,3,5,7,4,3,8,6,7,10,2,9,11,6,1,73,6;00-6;03,9,9,12,13,10,10,12,14,13,14,9,8,11,11,9,6-10 anni,18,94,23,109,26,118,23,109,19,97,20,100,41,102,100,108
7,6.08333333333333,4,1,3,1,2,0,5,1,1,0,1,5,5,1,1,73,6;00-6;03,7,7,10,8,8,7,9,8,7,6,8,8,8,7,9,6-10 anni,14,82,16,89,17,91,14,83,16,89,16,88,30,83,68,82
8,6.08333333333333,4,1,2,3,4,1,2,2,6,2,1,15,14,3,2,73,6;00-6;03,7,7,8,9,10,7,7,9,12,8,8,10,11,8,11,6-10 anni,14,82,19,97,16,88,16,88,21,103,19,97,33,88,75,88
9,6.08333333333333,5,9,3,8,5,3,10,4,6,7,2,28,15,8,1,73,6;00-6;03,9,15,10,13,12,10,14,11,12,11,9,14,11,12,9,6-10 anni,24,112,25,115,25,115,20,100,25,114,21,103,49,115,111,117
10,6.08333333333333,11,4,1,5,3,3,5,4,0,11,3,11,3,2,1,73,6;00-6;03,13,10,8,10,10,10,9,11,6,14,10,10,8,8,9,6-10 anni,23,109,20,100,20,100,24,111,18,94,17,91,43,105,95,104
11,6.08333333333333,8,0,1,0,2,5,4,4,4,3,3,14,3,6,1,73,6;00-6;03,10,7,8,6,8,12,9,11,10,9,10,10,8,11,9,6-10 anni,17,91,14,83,20,100,19,97,18,94,20,100,31,85,81,93
12,6.08333333333333,14,11,8,6,5,7,9,6,9,4,5,23,15,6,2,73,6;00-6;03,14,19,17,12,12,15,12,14,15,9,12,12,11,11,11,6-10 anni,33,138,24,112,26,118,21,103,23,108,22,106,57,128,115,121
13,6.08333333333333,3,2,1,1,2,1,2,3,1,2,1,0,7,0,1,73,6;00-6;03,7,9,8,8,8,7,7,10,7,8,8,6,8,7,9,6-10 anni,16,88,16,89,17,91,16,88,14,83,16,88,32,87,70,84
14,6.16666666666667,3,3,1,1,4,3,6,1,4,6,5,8,9,2,2,74,6;00-6;03,7,9,8,8,10,10,11,8,10,11,12,8,8,8,11,6-10 anni,16,88,18,94,19,97,23,109,16,89,19,97,34,90,80,92
15,6.16666666666667,9,3,3,4,3,5,9,4,5,3,1,2,5,4,0,74,6;00-6;03,11,9,10,10,10,12,12,11,11,9,8,8,8,10,8,6-10 anni,20,100,20,100,23,109,17,91,16,89,18,94,40,100,90,100
16,6.16666666666667,11,5,1,1,2,2,1,1,3,2,2,9,5,1,1,74,6;00-6;03,13,12,8,8,8,9,7,8,9,8,9,8,8,7,9,6-10 anni,25,115,16,89,15,85,17,91,16,89,16,88,41,102,79,91
17,6.16666666666667,11,3,2,2,4,3,4,1,5,5,6,12,5,13,3,74,6;00-6;03,13,9,8,9,10,10,9,8,11,9,13,10,8,16,13,6-10 anni,22,106,19,97,17,91,22,106,18,94,29,128,41,102,93,102
18,6.16666666666667,20,5,11,15,9,9,17,10,12,17,13,35,29,9,4,74,6;00-6;03,18,12,19,19,18,16,19,18,18,19,19,17,16,13,14,6-10 anni,30,129,37,151,37,151,38,152,33,136,27,122,67,145,153,152
19,6.16666666666667,5,5,2,3,6,4,6,3,3,12,4,10,22,5,3,74,6;00-6;03,9,12,8,9,14,10,11,10,9,16,11,10,13,10,13,6-10 anni,21,103,23,109,21,103,27,120,23,108,23,109,44,107,101,109
20,6.16666666666667,3,2,0,4,3,2,2,1,4,3,0,11,11,1,0,74,6;00-6;03,7,9,7,10,10,9,7,8,10,9,7,10,11,7,8,6-10 anni,16,88,20,100,15,85,16,88,21,103,15,85,36,93,77,89
21,6.16666666666667,3,1,2,0,2,0,4,1,2,2,0,0,3,5,0,74,6;00-6;03,7,7,8,6,8,7,9,8,7,8,7,6,8,10,8,6-10 anni,14,82,14,83,17,91,15,86,14,83,18,94,28,80,69,83
22,6.25,3,4,2,1,1,1,0,1,2,0,0,2,8,2,0,75,6;00-6;03,7,10,8,8,6,7,6,8,7,6,7,8,8,8,8,6-10 anni,17,91,14,83,14,82,13,80,16,89,16,88,31,85,67,81
23,6.25,11,1,3,7,1,2,7,2,4,5,2,23,21,5,1,75,6;00-6;03,13,7,10,13,6,9,11,9,10,9,9,12,13,10,9,6-10 anni,20,100,19,97,20,100,18,94,25,114,19,97,39,98,90,100
24,6.25,5,0,1,1,2,4,2,3,2,4,1,0,4,1,1,75,6;00-6;03,9,7,8,8,8,10,7,10,7,9,8,6,8,7,9,6-10 anni,16,88,16,89,17,91,17,91,14,83,16,88,32,87,71,84
25,6.25,7,2,5,5,5,5,2,1,7,1,3,7,17,3,2,75,6;00-6;03,10,9,12,10,12,12,7,8,13,8,10,8,11,8,11,6-10 anni,19,97,22,106,15,85,18,94,19,97,19,97,41,102,80,92
26,6.25,4,2,4,5,1,3,10,2,3,5,3,0,7,3,0,75,6;00-6;03,7,9,11,10,6,10,14,9,9,9,10,6,8,8,8,6-10 anni,16,88,16,89,23,109,19,97,14,83,16,88,32,87,78,90
27,6.25,11,8,5,7,7,11,9,9,10,10,8,41,24,13,0,75,6;00-6;03,13,15,12,13,16,19,12,17,16,14,15,19,13,16,8,6-10 anni,28,123,29,127,29,127,29,126,32,133,24,112,57,128,135,137
28,6.33333333333333,1,1,4,3,0,2,1,2,0,0,1,0,3,1,0,76,6;04-6;07,6,7,10,8,5,7,6,7,6,6,7,6,7,6,7,6-10 anni,13,79,13,80,13,79,13,80,13,80,13,79,26,77,57,73
29,6.33333333333333,10,3,3,4,8,4,6,1,4,6,4,26,21,3,0,76,6;04-6;07,11,8,9,9,14,8,9,6,9,9,10,11,10,8,7,6-10 anni,19,97,23,109,15,85,19,97,21,103,15,85,42,103,85,96
30,6.33333333333333,4,0,2,0,2,1,5,1,2,0,3,0,0,5,0,76,6;04-6;07,7,7,7,5,7,6,8,6,7,6,9,6,6,9,7,6-10 anni,14,82,12,77,14,82,15,86,12,78,16,88,26,77,61,76
31,6.41666666666667,20,17,5,12,10,7,12,9,12,24,7,26,37,15,1,77,6;04-6;07,17,19,12,16,15,13,13,14,17,17,14,11,12,16,8,6-10 anni,36,147,31,133,27,121,31,132,23,108,24,112,67,145,138,139
32,6.41666666666667,15,7,3,6,3,11,11,8,4,14,4,12,8,4,1,77,6;04-6;07,14,12,9,10,8,17,13,13,9,13,10,9,7,9,8,6-10 anni,26,117,18,94,26,118,23,109,16,89,17,91,44,107,101,109
33,6.41666666666667,5,4,2,1,3,2,3,5,0,3,2,16,21,5,0,77,6;04-6;07,8,9,7,6,8,7,6,10,6,8,8,9,10,9,7,6-10 anni,17,91,14,83,16,88,16,88,19,97,16,88,31,85,73,86
34,6.41666666666667,6,4,4,5,5,6,8,3,5,7,2,37,11,1,0,77,6;04-6;07,8,9,10,9,10,11,10,8,10,9,8,13,8,6,7,6-10 anni,17,91,19,97,18,94,17,91,21,103,13,79,36,93,82,93
35,6.41666666666667,8,0,1,3,2,3,3,4,1,6,0,24,32,3,0,77,6;04-6;07,9,7,7,8,7,8,6,9,7,9,5,10,12,8,7,6-10 anni,16,88,15,86,15,85,14,83,22,106,15,85,31,85,73,86
36,6.41666666666667,12,4,9,10,5,0,9,10,3,7,8,35,27,14,5,77,6;04-6;07,12,9,17,15,10,6,10,15,8,9,16,13,11,15,17,6-10 anni,21,103,25,115,25,115,25,114,24,111,32,137,46,110,108,115
37,6.41666666666667,8,3,4,1,2,6,12,3,5,5,7,9,11,5,1,77,6;04-6;07,9,8,10,6,7,11,13,8,10,8,14,7,8,9,8,6-10 anni,17,91,13,80,21,103,22,106,15,86,17,91,30,83,75,88
38,6.41666666666667,15,11,8,3,9,5,14,5,8,20,2,20,55,22,4,77,6;04-6;07,14,15,16,8,14,10,14,10,12,16,8,10,17,19,14,6-10 anni,29,126,22,106,24,112,24,111,27,119,33,140,51,118,120,125
39,6.41666666666667,5,1,1,7,3,10,6,2,4,4,3,20,16,3,2,77,6;04-6;07,8,7,7,12,8,15,9,7,9,8,9,10,8,8,11,6-10 anni,15,85,20,100,16,88,17,91,18,94,19,97,35,92,77,89
40,6.41666666666667,6,6,2,5,4,3,10,5,6,6,1,14,8,7,3,77,6;04-6;07,8,10,7,9,8,8,12,10,11,9,7,9,7,10,13,6-10 anni,18,94,17,91,22,106,16,88,16,89,23,109,35,92,85,96
41,6.5,2,0,5,3,2,2,10,5,5,4,1,0,7,1,0,78,6;04-6;07,7,7,12,8,7,7,12,10,10,8,7,6,7,6,7,6-10 anni,14,82,15,86,22,106,15,86,13,80,13,79,29,82,71,84
42,6.5,17,5,4,13,3,8,12,4,12,14,7,11,17,9,1,78,6;04-6;07,16,10,10,17,8,14,13,9,17,13,14,9,8,13,8,6-10 anni,26,117,25,115,22,106,27,120,17,92,21,103,51,118,108,115
43,6.5,5,2,3,4,5,2,5,5,4,5,2,10,22,4,1,78,6;04-6;07,8,8,9,9,10,7,8,10,9,8,8,9,10,9,8,6-10 anni,16,88,19,97,18,94,16,88,19,97,17,91,35,92,79,91
44,6.5,4,3,1,5,1,7,4,1,1,4,4,14,16,5,2,78,6;04-6;07,7,8,7,9,6,13,8,6,7,8,10,9,8,9,11,6-10 anni,15,85,15,86,14,82,18,94,17,92,20,100,30,83,70,84
45,6.5,6,1,1,4,4,1,5,3,3,4,4,2,11,3,1,78,6;04-6;07,8,7,7,9,8,6,8,8,8,8,10,7,8,8,8,6-10 anni,15,85,17,91,16,88,18,94,15,86,16,88,32,87,71,84
46,6.5,3,1,1,6,3,6,1,0,2,5,3,10,20,7,3,78,6;04-6;07,7,7,7,10,8,11,6,5,7,8,9,9,10,10,13,6-10 anni,14,82,18,94,11,73,17,91,19,97,23,109,32,87,70,84
47,6.5,4,0,3,2,3,6,3,5,2,1,2,11,4,1,0,78,6;04-6;07,7,7,9,8,8,11,6,10,7,7,8,9,7,6,7,6-10 anni,14,82,16,89,16,88,15,86,16,89,13,79,30,83,68,82
48,6.5,10,9,4,6,3,6,8,5,3,6,6,24,7,5,1,78,6;04-6;07,11,13,10,10,8,11,10,10,8,9,13,10,7,9,8,6-10 anni,24,112,18,94,20,100,22,106,17,92,17,91,42,103,90,100
49,6.5,9,5,2,9,5,5,8,3,5,12,2,31,25,6,2,78,6;04-6;07,11,10,7,13,10,10,10,8,10,12,8,11,11,10,11,6-10 anni,21,103,23,109,18,94,20,100,22,106,21,103,44,107,95,104
50,6.5,3,2,4,2,6,4,4,3,9,8,3,6,7,8,3,78,6;04-6;07,7,8,10,8,11,8,8,8,13,10,9,7,7,11,13,6-10 anni,15,85,19,97,16,88,19,97,14,83,24,112,34,90,78,90
51,6.58333333333333,5,4,1,3,2,3,4,6,3,9,2,13,24,6,0,79,6;04-6;07,8,9,7,8,7,8,8,11,8,10,8,9,10,10,7,6-10 anni,17,91,15,86,19,97,18,94,19,97,17,91,32,87,80,92
52,6.58333333333333,8,11,6,12,8,8,14,10,10,28,10,16,50,14,2,79,6;04-6;07,9,15,13,16,14,14,14,15,15,19,17,9,16,15,11,6-10 anni,24,112,30,130,29,127,36,146,25,114,26,119,54,123,126,130
53,6.58333333333333,16,8,4,7,8,5,12,9,6,18,4,40,26,3,2,79,6;04-6;07,14,13,10,12,14,10,13,14,11,15,10,14,11,8,11,6-10 anni,27,120,26,118,27,121,25,114,25,114,19,97,53,122,117,122
54,6.58333333333333,8,12,6,7,6,6,16,12,11,19,5,31,34,8,5,79,6;04-6;07,9,16,13,12,11,11,16,17,16,15,12,11,12,11,17,6-10 anni,25,115,23,109,33,139,27,120,23,108,28,125,48,113,118,123
55,6.58333333333333,10,6,9,4,10,3,12,11,5,7,9,43,56,10,2,79,6;04-6;07,11,10,17,9,15,8,13,16,10,9,16,16,17,13,11,6-10 anni,21,103,24,112,29,127,25,114,33,136,24,112,45,108,112,118
56,6.58333333333333,2,1,1,0,7,2,5,5,8,7,5,5,19,6,2,79,6;04-6;07,7,7,7,5,12,7,8,10,12,9,12,7,10,10,11,6-10 anni,14,82,17,91,18,94,21,103,17,92,21,103,31,85,75,88
57,6.58333333333333,9,1,7,5,10,6,4,5,4,12,1,46,47,9,2,79,6;04-6;07,11,7,14,9,15,11,8,10,9,12,7,16,15,13,11,6-10 anni,18,94,24,112,18,94,19,97,31,131,24,112,42,103,101,109
58,6.58333333333333,6,7,4,5,2,3,3,2,1,6,5,29,31,4,1,79,6;04-6;07,8,12,10,9,7,8,6,7,7,9,12,11,12,9,8,6-10 anni,20,100,16,89,13,79,21,103,23,108,17,91,36,93,78,90
59,6.58333333333333,2,9,1,5,4,3,9,2,2,11,1,24,16,5,1,79,6;04-6;07,7,13,7,9,8,8,10,7,7,11,7,10,8,9,8,6-10 anni,20,100,17,91,17,91,18,94,18,94,17,91,37,95,84,95
60,6.58333333333333,9,5,3,7,3,4,7,8,7,11,6,17,18,5,3,79,6;04-6;07,11,10,9,12,8,8,9,13,12,11,13,9,10,9,13,6-10 anni,21,103,20,100,22,106,24,111,19,97,22,106,41,102,92,102
61,6.58333333333333,11,4,4,10,8,3,7,2,6,3,2,10,9,5,0,79,6;04-6;07,12,9,10,15,14,8,9,7,11,8,8,9,7,9,7,6-10 anni,21,103,29,127,16,88,16,88,16,89,16,88,50,117,92,102
62,6.58333333333333,14,7,3,2,11,8,11,7,5,9,3,19,11,5,6,79,6;04-6;07,13,12,9,8,16,14,13,12,10,10,9,10,8,9,18,6-10 anni,25,115,24,112,25,115,19,97,18,94,27,122,49,115,103,111
63,6.58333333333333,15,6,6,7,3,8,7,8,9,8,3,5,35,4,2,79,6;04-6;07,14,10,13,12,8,14,9,13,13,10,9,7,12,9,11,6-10 anni,24,112,20,100,22,106,19,97,19,97,20,100,44,107,92,102
64,6.58333333333333,15,7,8,9,10,11,18,7,9,11,6,66,58,10,3,79,6;04-6;07,14,12,16,13,15,17,18,12,13,11,13,19,17,13,13,6-10 anni,26,117,28,124,30,130,24,111,36,145,26,119,54,123,127,130
65,6.58333333333333,12,4,3,6,4,2,8,4,4,4,2,21,19,4,2,79,6;04-6;07,12,9,9,10,8,7,10,9,9,8,8,10,10,9,11,6-10 anni,21,103,18,94,19,97,16,88,20,100,20,100,39,98,85,96
66,6.66666666666667,7,2,4,7,5,1,3,0,5,6,2,24,11,1,3,80,6;08-6;11,9,7,9,11,9,5,6,5,9,9,8,9,8,6,12,6-10 anni,16,88,20,100,11,73,17,91,17,92,18,94,36,93,71,84
67,6.66666666666667,5,6,3,4,6,6,5,3,8,8,4,6,12,7,2,80,6;08-6;11,8,10,8,8,10,11,7,8,11,10,11,5,8,9,10,6-10 anni,18,94,18,94,15,85,21,103,13,80,19,97,36,93,75,88
68,6.66666666666667,14,14,9,7,6,7,6,9,6,12,9,18,49,14,3,80,6;08-6;11,14,19,15,11,10,12,9,16,10,12,16,9,14,14,12,6-10 anni,33,138,21,103,25,115,28,123,23,108,26,119,54,123,114,120
69,6.66666666666667,16,7,9,12,14,6,8,5,11,16,5,48,63,14,3,80,6;08-6;11,16,12,15,16,16,11,11,11,14,15,12,15,17,14,12,6-10 anni,28,123,32,136,22,106,27,120,32,133,26,119,60,133,126,130
70,6.66666666666667,7,4,3,3,11,2,11,1,11,6,2,26,19,3,4,80,6;08-6;11,9,9,8,7,14,7,14,6,14,9,8,10,9,7,13,6-10 anni,18,94,21,103,20,100,17,91,19,97,20,100,39,98,85,96
71,6.66666666666667,9,3,8,6,13,2,2,4,4,4,1,35,55,3,0,80,6;08-6;11,11,7,14,10,16,7,6,10,8,7,7,12,15,7,6,6-10 anni,18,94,26,118,16,88,14,83,27,119,13,79,44,107,86,97
72,6.66666666666667,8,3,6,4,3,6,3,7,2,7,4,36,25,18,5,80,6;08-6;11,9,7,12,8,8,11,6,14,6,9,11,12,10,16,15,6-10 anni,16,88,16,89,20,100,20,100,22,106,31,134,32,87,89,99
73,6.66666666666667,6,3,5,9,8,9,11,5,8,8,9,37,22,11,1,80,6;08-6;11,8,7,10,13,12,13,14,11,11,10,16,12,9,13,7,6-10 anni,15,85,25,115,25,115,26,117,21,103,20,100,40,100,100,108
74,6.75,8,7,4,8,3,7,3,3,8,9,2,28,14,13,3,81,6;08-6;11,9,12,9,11,8,12,6,8,11,10,8,10,8,14,12,6-10 anni,21,103,19,97,14,82,18,94,18,94,26,119,40,100,88,98
75,6.75,2,1,0,2,2,0,3,1,1,1,1,0,8,2,2,81,6;08-6;11,6,5,6,7,7,5,6,6,6,6,7,4,7,7,10,6-10 anni,11,73,14,83,12,76,13,80,11,75,17,91,25,75,54,70
76,6.75,9,2,5,7,4,10,9,7,5,12,2,57,66,17,3,81,6;08-6;11,11,7,10,11,8,15,11,14,9,12,8,18,18,16,12,6-10 anni,18,94,19,97,25,115,20,100,36,145,28,125,37,95,108,115
77,6.75,6,5,4,4,0,4,6,2,9,5,2,10,24,11,5,81,6;08-6;11,8,10,9,8,5,8,9,7,12,7,8,7,9,13,15,6-10 anni,18,94,13,80,16,88,15,86,16,89,28,125,31,85,74,87
78,6.75,11,9,2,3,1,6,12,5,10,12,2,59,46,8,4,81,6;08-6;11,12,13,7,7,6,11,14,11,13,12,8,18,13,10,13,6-10 anni,25,115,13,80,25,115,20,100,31,131,23,109,38,97,103,111
79,6.75,10,4,10,7,8,6,11,2,5,9,2,13,11,5,1,81,6;08-6;11,11,9,16,11,12,11,14,7,9,10,8,7,8,8,7,6-10 anni,20,100,23,109,21,103,18,94,15,86,15,85,43,105,89,99
80,6.75,8,8,4,2,5,7,5,4,7,6,1,39,25,14,1,81,6;08-6;11,9,13,9,7,9,12,7,10,11,9,7,13,10,14,7,6-10 anni,22,106,16,89,17,91,16,88,23,108,21,103,38,97,91,101
81,6.75,5,7,3,0,1,1,2,4,4,2,1,19,18,3,1,81,6;08-6;11,8,12,8,4,6,5,6,10,8,6,7,9,9,7,7,6-10 anni,20,100,10,71,16,88,13,80,18,94,14,82,30,83,68,82
82,6.75,14,10,6,9,9,10,9,8,10,17,9,25,41,10,1,81,6;08-6;11,14,15,12,13,12,15,11,15,13,15,16,9,12,12,7,6-10 anni,29,126,25,115,26,118,31,132,21,103,19,97,54,123,116,121
83,6.75,11,5,10,5,13,8,8,5,6,10,2,21,16,6,4,81,6;08-6;11,12,10,16,8,16,13,11,11,10,11,8,9,8,9,13,6-10 anni,22,106,24,112,22,106,19,97,17,92,22,106,46,110,97,106
84,6.75,12,2,7,8,10,9,9,9,7,12,6,33,22,5,6,81,6;08-6;11,12,7,13,11,13,13,11,16,11,12,13,12,9,8,16,6-10 anni,19,97,24,112,27,121,25,114,21,103,24,112,43,105,102,110
85,6.75,1,2,1,4,4,2,7,2,3,7,4,21,16,9,0,81,6;08-6;11,4,7,7,8,8,7,9,7,7,9,11,9,8,12,6,6-10 anni,11,73,16,89,16,88,20,100,17,92,18,94,27,78,73,86
86,6.83333333333333,2,6,2,4,6,8,9,2,7,3,0,34,4,3,2,82,6;08-6;11,6,10,7,8,10,13,11,7,11,7,5,12,7,7,10,6-10 anni,16,88,18,94,18,94,12,77,19,97,17,91,34,90,78,90
87,6.83333333333333,10,6,3,10,8,3,5,4,3,13,7,27,27,11,3,82,6;08-6;11,11,10,8,14,12,8,7,10,7,12,15,10,10,13,12,6-10 anni,21,103,26,118,17,91,27,120,20,100,25,116,47,112,99,107
88,6.83333333333333,6,6,3,3,3,2,6,3,7,3,0,17,8,1,1,82,6;08-6;11,8,10,8,7,8,7,9,8,11,7,5,7,7,6,7,6-10 anni,18,94,15,86,17,91,12,77,14,83,13,79,33,88,70,84
89,6.83333333333333,7,5,4,4,9,7,9,4,3,13,5,24,17,6,2,82,6;08-6;11,9,10,9,8,12,12,11,10,7,12,12,9,8,9,10,6-10 anni,19,97,20,100,21,103,24,111,17,92,19,97,39,98,90,100
90,6.83333333333333,10,8,10,7,3,5,9,6,9,6,5,19,15,4,3,82,6;08-6;11,11,13,16,11,8,9,11,12,12,9,12,9,8,8,12,6-10 anni,24,112,19,97,23,109,21,103,17,92,20,100,43,105,92,102
91,6.83333333333333,11,7,7,4,2,7,12,5,9,2,1,33,33,6,5,82,6;08-6;11,12,12,13,8,7,12,14,11,12,6,7,12,11,9,15,6-10 anni,24,112,15,86,25,115,13,80,23,108,24,112,39,98,91,101
92,6.83333333333333,5,0,1,2,3,0,3,2,1,4,5,23,6,2,3,82,6;08-6;11,8,5,7,7,8,5,6,7,6,7,12,9,7,7,12,6-10 anni,13,79,15,86,13,79,19,97,16,89,19,97,28,80,64,79
93,6.83333333333333,7,6,1,4,5,5,6,2,2,7,2,33,17,10,0,82,6;08-6;11,9,10,7,8,9,9,9,7,6,9,8,12,8,12,6,6-10 anni,19,97,17,91,16,88,17,91,20,100,18,94,36,93,85,96
94,6.91666666666667,7,7,6,5,8,0,12,5,6,16,3,32,42,7,1,83,6;08-6;11,9,12,12,8,12,5,14,11,10,15,9,12,12,9,7,6-10 anni,21,103,20,100,25,115,24,111,24,111,16,88,41,102,102,110
95,6.91666666666667,8,3,2,7,5,5,8,5,7,11,4,7,22,6,0,83,6;08-6;11,9,7,7,11,9,9,11,11,11,11,11,5,9,9,6,6-10 anni,16,88,20,100,22,106,22,106,14,83,15,85,36,93,83,94
96,6.91666666666667,10,9,1,5,2,7,8,1,0,2,4,20,26,10,1,83,6;08-6;11,11,13,7,8,7,12,11,6,4,6,11,9,10,12,7,6-10 anni,24,112,15,86,17,91,17,91,19,97,19,97,39,98,83,94
97,6.91666666666667,9,6,4,7,5,9,10,5,11,6,4,33,48,5,2,83,6;08-6;11,11,10,9,11,9,13,12,11,14,9,11,12,13,8,10,6-10 anni,21,103,20,100,23,109,20,100,25,114,18,94,41,102,93,102
98,6.91666666666667,19,6,2,12,12,6,14,8,12,17,6,27,33,8,1,83,6;08-6;11,19,10,7,16,15,11,16,15,16,15,13,10,11,10,7,6-10 anni,29,126,31,133,31,133,28,123,21,103,17,91,60,133,126,130
99,6.91666666666667,6,6,4,14,4,8,11,4,7,18,4,34,49,5,1,83,6;08-6;11,8,10,9,18,8,13,14,10,11,16,11,12,14,8,7,6-10 anni,18,94,26,118,24,112,27,120,26,117,15,85,44,107,104,112
100,7,12,3,4,4,2,7,17,3,8,10,4,27,22,5,3,84,7;00-7;03,10,7,10,8,7,12,14,7,12,9,9,9,8,8,10,6-10 anni,17,91,15,86,21,103,18,94,17,92,18,94,32,87,79,91
101,7,9,5,3,6,3,11,6,4,2,7,1,37,35,13,3,84,7;00-7;03,8,9,8,9,8,16,8,8,6,6,5,10,11,16,10,6-10 anni,17,91,17,91,16,88,11,74,21,103,26,119,34,90,82,93
102,7,17,5,11,8,10,7,13,12,7,15,8,45,23,5,6,84,7;00-7;03,15,9,18,10,13,12,12,17,12,11,13,13,8,8,15,6-10 anni,24,112,23,109,29,127,24,111,21,103,23,109,47,112,108,115
103,7,7,8,4,4,11,7,19,4,3,13,7,32,24,6,4,84,7;00-7;03,7,11,10,8,14,12,15,8,7,10,12,10,8,10,11,6-10 anni,18,94,22,106,23,109,22,106,18,94,21,103,40,100,93,102
104,7,7,3,2,6,4,3,6,5,3,6,5,13,16,3,3,84,7;00-7;03,7,7,7,9,8,7,8,9,7,6,10,6,7,7,10,6-10 anni,14,82,17,91,17,91,16,88,13,80,17,91,31,85,67,81
105,7,8,4,4,3,1,2,14,3,3,12,8,33,35,6,3,84,7;00-7;03,7,8,10,7,6,6,12,7,7,10,13,10,11,10,10,6-10 anni,15,85,13,80,19,97,23,109,21,103,20,100,28,80,77,89
106,7.08333333333333,7,8,5,5,4,4,3,2,5,10,2,23,13,8,3,85,7;00-7;03,7,11,11,8,8,7,6,6,10,9,6,8,7,11,10,6-10 anni,18,94,16,89,12,76,15,86,15,86,21,103,34,90,74,87
107,7.08333333333333,10,7,1,8,4,3,5,4,2,8,1,5,11,1,0,85,7;00-7;03,8,10,7,10,8,7,7,8,6,8,5,5,7,5,4,6-10 anni,18,94,18,94,15,85,13,80,12,78,9,66,36,93,69,83
108,7.08333333333333,11,13,4,12,9,9,9,7,4,17,10,49,54,8,5,85,7;00-7;03,10,15,10,14,12,13,9,12,8,12,14,14,15,11,14,6-10 anni,25,115,26,118,21,103,26,117,29,125,25,116,51,118,109,116
109,7.16666666666667,12,10,4,10,3,4,7,9,8,3,5,21,29,7,2,86,7;00-7;03,10,13,10,13,8,7,8,14,12,5,10,8,9,10,8,6-10 anni,23,109,21,103,22,106,15,86,17,92,18,94,44,107,89,99
110,7.16666666666667,19,7,6,12,15,4,9,7,13,11,4,62,59,7,5,86,7;00-7;03,16,10,12,14,17,7,9,12,18,9,9,16,16,10,14,6-10 anni,26,117,31,133,21,103,18,94,32,133,24,112,57,128,113,119
111,7.16666666666667,15,5,7,9,8,7,12,2,8,12,4,27,18,10,3,86,7;00-7;03,13,9,14,12,12,12,11,6,12,10,9,9,8,13,10,6-10 anni,22,106,24,112,17,91,19,97,17,92,23,109,46,110,95,104
112,7.16666666666667,12,4,0,2,3,4,6,5,7,11,2,43,35,5,4,86,7;00-7;03,10,8,6,7,8,7,8,9,12,9,6,13,11,8,11,6-10 anni,18,94,15,86,17,91,15,86,24,111,19,97,33,88,80,92
113,7.16666666666667,15,13,6,8,5,5,20,6,5,19,5,33,60,13,3,86,7;00-7;03,13,15,12,10,9,9,16,11,10,14,10,10,17,16,10,6-10 anni,28,123,19,97,27,121,24,111,27,119,26,119,47,112,114,120
114,7.25,7,3,5,0,2,4,1,3,4,12,5,38,33,7,1,87,7;00-7;03,7,7,11,4,7,7,6,7,8,10,10,11,11,10,5,6-10 anni,14,82,11,74,13,79,20,100,22,106,15,85,25,75,69,83
115,7.25,14,9,4,9,8,3,5,4,4,6,7,38,10,5,3,87,7;00-7;03,12,11,10,12,12,7,7,8,8,6,12,11,7,8,10,6-10 anni,23,109,24,112,15,85,18,94,18,94,18,94,47,112,87,98
116,7.25,15,11,7,5,7,5,5,10,4,21,6,24,31,4,2,87,7;00-7;03,13,14,14,8,11,9,7,15,8,15,11,8,11,8,8,6-10 anni,27,120,19,97,22,106,26,117,19,97,16,88,46,110,99,107
117,7.25,7,2,0,9,9,8,10,7,8,16,5,20,18,4,1,87,7;00-7;03,7,7,6,12,12,13,10,12,12,12,10,8,8,8,5,6-10 anni,14,82,24,112,22,106,22,106,16,89,13,79,38,97,88,98
118,7.25,14,13,2,8,7,8,6,5,5,12,5,57,33,6,3,87,7;00-7;03,12,15,7,10,11,13,8,9,10,10,10,15,11,10,10,6-10 anni,27,120,21,103,17,91,20,100,26,117,20,100,48,113,100,108
119,7.25,11,3,6,14,8,10,13,7,7,25,12,20,27,14,6,87,7;00-7;03,10,7,12,17,12,15,12,12,12,17,17,8,9,16,15,6-10 anni,17,91,29,127,24,112,34,140,17,92,31,134,46,110,111,117
120,7.33333333333333,9,5,0,8,6,3,7,6,5,3,0,6,25,12,1,88,7;04-7;07,10,9,5,10,10,9,8,11,8,8,5,7,9,12,8,6-10 anni,19,97,20,100,19,97,13,80,16,89,20,100,39,98,85,96
121,7.33333333333333,8,8,8,9,7,10,14,4,7,11,6,17,32,6,4,88,7;04-7;07,8,10,13,11,12,16,12,9,10,11,12,8,10,9,14,6-10 anni,18,94,23,109,21,103,23,109,18,94,23,109,41,102,90,100
122,7.33333333333333,15,9,8,4,3,7,9,3,3,5,3,26,25,6,1,88,7;04-7;07,14,10,13,8,7,13,9,8,6,8,9,10,9,9,8,6-10 anni,24,112,15,86,17,91,17,91,19,97,17,91,39,98,83,94
123,7.33333333333333,11,20,11,10,8,3,18,4,10,26,8,78,71,17,2,88,7;04-7;07,11,18,15,12,13,9,16,9,13,18,15,18,18,16,10,6-10 anni,29,126,25,115,25,115,33,137,36,145,26,119,54,123,131,134
124,7.33333333333333,5,5,3,4,7,5,6,5,10,7,3,37,58,7,0,88,7;04-7;07,7,9,8,8,12,10,8,10,13,9,9,11,15,9,6,6-10 anni,16,88,20,100,18,94,18,94,26,117,15,85,36,93,83,94
125,7.33333333333333,12,5,5,2,3,2,4,3,6,2,1,7,10,2,2,88,7;04-7;07,11,9,10,7,7,8,7,8,9,7,6,7,7,7,10,6-10 anni,20,100,14,83,15,85,13,80,14,83,17,91,34,90,70,84
126,7.33333333333333,4,4,1,5,7,5,12,6,11,8,3,21,36,6,3,88,7;04-7;07,6,8,7,8,12,10,11,11,14,10,9,9,10,9,13,6-10 anni,14,82,20,100,22,106,19,97,19,97,22,106,34,90,84,95
127,7.33333333333333,17,15,5,12,11,13,23,8,11,8,8,17,27,8,3,88,7;04-7;07,15,14,10,13,16,18,18,14,14,10,15,8,9,10,13,6-10 anni,29,126,29,127,32,136,25,114,17,92,23,109,58,130,118,123
128,7.33333333333333,10,6,6,10,3,5,7,8,12,6,3,20,24,12,5,88,7;04-7;07,10,9,11,12,7,10,8,14,15,9,9,9,8,12,17,6-10 anni,19,97,19,97,22,106,18,94,17,92,29,128,38,97,90,100
129,7.41666666666667,15,7,7,8,5,5,10,3,5,6,4,23,41,13,3,89,7;04-7;07,14,10,12,10,9,10,10,8,8,9,10,9,12,14,13,6-10 anni,24,112,19,97,18,94,19,97,21,103,27,122,43,105,93,102
130,7.41666666666667,17,16,8,18,9,5,12,9,12,10,3,58,37,18,1,89,7;04-7;07,15,14,13,19,13,10,11,15,15,11,9,15,10,16,8,6-10 anni,29,126,32,136,26,118,20,100,25,114,24,112,61,135,129,132
131,7.41666666666667,8,4,1,2,6,1,12,2,2,9,7,20,9,10,0,89,7;04-7;07,8,8,7,7,10,6,11,7,5,10,13,9,6,11,6,6-10 anni,16,88,17,91,18,94,23,109,15,86,17,91,33,88,81,93
132,7.41666666666667,11,8,6,2,7,5,9,3,8,18,4,36,19,6,2,89,7;04-7;07,11,10,11,7,12,10,9,8,10,15,10,11,8,9,10,6-10 anni,21,103,19,97,17,91,25,114,19,97,19,97,40,100,92,102
133,7.5,13,13,10,7,7,1,9,6,7,10,3,41,48,5,1,90,7;04-7;07,11,13,15,10,12,6,9,11,10,11,9,12,13,8,8,6-10 anni,24,112,22,106,20,100,20,100,25,114,16,88,46,110,97,106
134,7.5,5,8,4,3,8,5,3,2,4,9,6,45,34,9,1,90,7;04-7;07,7,10,9,7,13,10,6,7,7,10,12,13,10,11,8,6-10 anni,17,91,20,100,13,79,22,106,23,108,19,97,37,95,84,95
135,7.5,8,3,3,7,4,5,6,5,3,2,7,19,17,2,2,90,7;04-7;07,8,7,8,10,7,10,8,10,6,7,13,9,7,7,10,6-10 anni,15,85,17,91,18,94,20,100,16,89,17,91,32,87,73,86
136,7.58333333333333,8,6,6,4,3,1,13,11,5,14,7,38,42,3,3,91,7;04-7;07,8,9,11,8,7,6,12,17,8,13,13,12,12,7,13,6-10 anni,17,91,15,86,29,127,26,117,24,111,20,100,32,87,93,102
137,7.58333333333333,7,1,3,10,2,3,7,4,7,2,2,9,30,3,2,91,7;04-7;07,8,6,8,12,5,9,8,9,10,7,7,7,9,7,10,6-10 anni,14,82,17,91,17,91,14,83,16,89,17,91,31,85,69,83
138,7.58333333333333,4,1,2,2,3,2,6,1,4,2,1,0,4,0,0,91,7;04-7;07,6,6,7,7,7,8,8,6,7,7,6,6,6,6,6,6-10 anni,12,76,14,83,14,82,13,80,12,78,12,75,26,77,59,75
139,7.66666666666667,13,10,6,10,9,11,11,6,7,23,11,40,42,9,2,92,7;08-7;11,10,11,10,11,10,13,10,10,10,16,15,10,10,9,8,6-10 anni,21,103,21,103,20,100,31,132,20,100,17,91,42,103,97,106
140,7.66666666666667,14,8,5,10,7,6,5,5,10,10,2,24,29,12,4,92,7;08-7;11,11,10,9,11,9,9,5,9,11,9,6,8,8,10,11,6-10 anni,21,103,20,100,14,82,15,86,16,89,21,103,41,102,82,93
141,7.66666666666667,10,13,9,12,16,9,10,4,8,15,7,68,72,22,6,92,7;08-7;11,8,13,12,12,17,11,9,8,10,11,12,15,16,16,14,6-10 anni,21,103,29,127,17,91,23,109,31,131,30,131,50,117,109,116
142,7.66666666666667,16,9,9,7,11,6,15,4,6,19,12,60,53,18,4,92,7;08-7;11,12,10,12,9,13,9,12,8,9,14,16,14,12,13,11,6-10 anni,22,106,22,106,20,100,30,129,26,117,24,112,44,107,105,112
143,7.66666666666667,8,5,9,16,9,13,9,5,10,19,7,53,62,13,2,92,7;08-7;11,7,8,12,15,10,14,7,9,11,14,12,12,14,11,8,6-10 anni,15,85,25,115,16,88,26,117,26,117,19,97,40,100,93,102
144,7.66666666666667,14,10,8,9,12,6,13,3,12,20,5,48,39,15,3,92,7;08-7;11,11,11,11,10,14,9,11,7,13,15,9,11,10,12,10,6-10 anni,22,106,24,112,18,94,24,111,21,103,22,106,46,110,102,110
145,7.66666666666667,12,5,4,10,4,4,10,7,9,16,7,21,21,6,3,92,7;08-7;11,10,8,8,11,6,7,9,11,10,12,12,8,7,8,10,6-10 anni,18,94,17,91,20,100,24,111,15,86,18,94,35,92,83,94
146,7.66666666666667,5,5,3,3,4,12,11,1,6,11,4,52,48,3,2,92,7;08-7;11,5,8,7,6,6,14,10,5,9,9,8,12,11,6,8,6-10 anni,13,79,12,77,15,85,17,91,23,108,14,82,25,75,67,81
147,7.66666666666667,13,4,5,6,7,8,15,4,16,10,3,42,17,12,0,92,7;08-7;11,10,7,9,8,9,11,12,8,16,9,7,10,6,10,5,6-10 anni,17,91,17,91,20,100,16,88,16,89,15,85,34,90,83,94
148,7.66666666666667,20,7,9,11,8,4,13,4,14,14,7,36,32,9,2,92,7;08-7;11,15,9,12,11,10,7,11,8,15,11,12,9,9,9,8,6-10 anni,24,112,21,103,19,97,23,109,18,94,17,91,45,108,93,102
149,7.66666666666667,6,8,2,3,8,3,10,6,2,5,4,14,9,10,3,92,7;08-7;11,5,10,6,6,10,7,9,10,5,5,8,7,5,9,10,6-10 anni,15,85,16,89,19,97,13,80,12,78,19,97,31,85,71,84
150,7.75,9,7,4,7,5,5,8,6,10,13,7,25,15,12,1,93,7;08-7;11,8,9,8,9,7,8,7,10,11,10,12,8,6,10,6,6-10 anni,17,91,16,89,17,91,22,106,14,83,16,88,33,88,78,90
151,7.75,16,3,7,6,4,9,8,2,4,8,5,19,9,8,3,93,7;08-7;11,12,5,11,8,6,11,7,6,7,7,9,8,5,9,10,6-10 anni,17,91,14,83,13,79,16,88,13,80,19,97,31,85,68,82
152,7.75,18,8,8,15,10,16,15,6,8,26,9,55,39,14,6,93,7;08-7;11,14,10,11,14,12,17,12,10,10,17,13,13,10,11,14,6-10 anni,24,112,26,118,22,106,30,129,23,108,25,116,50,117,113,119
153,7.75,11,12,6,6,9,8,8,3,5,14,6,17,25,1,0,93,7;08-7;11,10,13,10,8,10,11,7,7,8,11,10,7,8,5,5,6-10 anni,23,109,18,94,14,82,21,103,15,86,10,69,41,102,78,90
154,7.75,5,11,4,4,1,3,8,3,5,11,1,25,45,8,4,93,7;08-7;11,5,12,8,7,4,7,7,7,8,9,5,8,11,9,11,6-10 anni,17,91,11,74,14,82,14,83,19,97,20,100,28,80,68,82
155,7.75,9,11,8,3,7,5,12,3,1,8,5,29,21,4,2,93,7;08-7;11,8,12,11,6,9,8,10,7,5,7,9,8,7,7,8,6-10 anni,20,100,15,86,17,91,16,88,15,86,15,85,35,92,74,87
156,7.75,8,1,4,2,3,2,5,2,6,4,1,6,26,3,3,93,7;08-7;11,7,4,8,6,6,5,5,6,9,5,5,6,8,6,10,6-10 anni,11,73,12,77,11,73,10,71,14,83,16,88,23,72,51,68
157,7.75,8,9,12,7,7,7,14,11,6,15,6,27,48,18,6,93,7;08-7;11,7,10,14,9,9,10,11,16,9,11,10,8,11,13,14,6-10 anni,17,91,18,94,27,121,21,103,19,97,27,122,35,92,94,103
158,7.75,19,0,9,7,4,4,16,5,9,9,2,32,44,9,2,93,7;08-7;11,15,4,12,9,6,7,12,9,10,7,6,9,11,9,8,6-10 anni,19,97,15,86,21,103,13,80,20,100,17,91,34,90,80,92
159,7.75,20,16,12,17,9,12,13,4,11,18,11,42,34,17,5,93,7;08-7;11,15,15,14,16,10,14,11,8,12,14,15,10,9,13,13,6-10 anni,30,129,26,118,19,97,29,126,19,97,26,119,56,127,112,118
160,7.75,8,6,0,10,3,6,7,3,6,10,6,6,15,3,1,93,7;08-7;11,7,8,5,11,6,9,6,7,9,9,10,6,6,6,6,6-10 anni,15,85,17,91,13,79,19,97,12,78,12,75,32,87,66,80
161,7.83333333333333,10,7,5,6,8,4,11,5,4,13,5,38,41,6,5,94,7;08-7;11,8,9,9,8,10,7,10,9,7,10,9,10,10,8,13,6-10 anni,17,91,18,94,19,97,19,97,20,100,21,103,35,92,82,93
162,7.83333333333333,5,5,4,3,6,7,6,7,2,5,5,21,20,3,4,94,7;08-7;11,5,8,8,6,8,10,6,11,5,5,9,8,7,6,11,6-10 anni,13,79,14,83,17,91,14,83,15,86,17,91,27,78,63,78
163,7.83333333333333,8,2,3,2,5,6,3,4,5,10,2,5,12,0,2,94,7;08-7;11,7,5,7,6,7,9,4,8,8,9,6,6,6,5,8,6-10 anni,12,76,13,80,12,76,15,86,12,78,13,79,25,75,57,73
164,7.83333333333333,13,12,10,16,11,10,17,9,15,15,5,78,52,12,2,94,7;08-7;11,10,13,13,15,13,12,14,14,16,11,9,17,12,10,8,6-10 anni,23,109,28,124,28,124,20,100,29,125,18,94,51,118,117,122
165,7.83333333333333,17,17,10,11,8,9,10,8,8,12,4,28,66,12,4,94,7;08-7;11,14,16,13,11,10,11,9,13,10,10,8,8,15,10,11,6-10 anni,30,129,21,103,22,106,18,94,23,108,21,103,51,118,101,109
166,7.83333333333333,9,11,6,8,7,9,11,7,11,12,7,46,41,7,1,94,7;08-7;11,8,12,10,9,9,11,10,11,12,10,12,11,10,8,6,6-10 anni,20,100,18,94,21,103,22,106,21,103,14,82,38,97,88,98
167,7.83333333333333,10,5,3,5,9,7,10,6,7,8,2,39,45,13,4,94,7;08-7;11,8,8,7,7,10,10,9,10,10,7,6,10,11,11,11,6-10 anni,16,88,17,91,19,97,13,80,21,103,22,106,33,88,80,92
168,7.83333333333333,9,6,3,6,11,2,10,4,2,15,7,23,29,11,2,94,7;08-7;11,8,8,7,8,13,5,9,8,5,11,12,8,8,10,8,6-10 anni,16,88,21,103,17,91,23,109,16,89,18,94,37,95,83,94
169,7.83333333333333,13,16,2,14,10,13,9,7,7,12,5,39,55,14,4,94,7;08-7;11,10,15,6,14,12,14,7,11,10,10,9,10,13,11,11,6-10 anni,25,115,26,118,18,94,19,97,23,108,22,106,51,118,100,108
170,7.83333333333333,16,14,12,20,12,13,15,9,13,17,10,79,80,20,2,94,7;08-7;11,12,14,14,17,14,14,12,14,14,12,14,17,18,15,8,6-10 anni,26,117,31,133,26,118,26,117,35,142,23,109,57,128,127,130
171,7.83333333333333,19,11,5,4,7,5,18,11,6,10,6,17,23,12,2,94,7;08-7;11,15,12,9,7,9,8,15,16,9,9,10,7,7,10,8,6-10 anni,27,120,16,89,31,133,19,97,14,83,18,94,43,105,100,108
172,7.83333333333333,12,13,4,6,5,9,14,9,7,9,1,19,40,17,3,94,7;08-7;11,10,13,8,8,7,11,11,14,10,7,5,8,10,13,10,6-10 anni,23,109,15,86,25,115,12,77,18,94,23,109,38,97,91,101
173,7.91666666666667,13,7,13,9,12,4,21,11,11,3,5,48,27,15,2,95,7;08-7;11,10,9,15,10,14,7,16,16,12,5,9,11,8,12,8,6-10 anni,19,97,24,112,32,136,14,83,19,97,20,100,43,105,103,111
174,7.91666666666667,15,7,4,17,16,13,18,10,18,7,7,70,65,5,7,95,7;08-7;11,12,9,8,16,17,14,15,15,18,6,12,16,14,7,16,6-10 anni,21,103,33,139,30,130,18,94,30,128,23,109,54,123,113,119
175,7.91666666666667,14,14,15,17,4,6,19,7,5,16,7,51,68,3,3,95,7;08-7;11,11,14,17,16,6,9,15,11,8,12,12,12,15,6,10,6-10 anni,25,115,22,106,26,118,24,111,27,119,16,88,47,112,103,111
176,7.91666666666667,16,6,5,7,7,10,17,7,5,18,6,33,7,14,7,95,7;08-7;11,12,8,9,9,9,12,14,11,8,14,10,9,5,11,16,6-10 anni,20,100,18,94,25,115,24,111,14,83,27,122,38,97,97,106
177,7.91666666666667,16,10,1,8,7,4,6,4,10,11,11,46,22,21,2,95,7;08-7;11,12,11,6,9,9,7,6,8,11,9,15,11,7,15,8,6-10 anni,23,109,18,94,14,82,24,111,18,94,23,109,41,102,90,100
178,7.91666666666667,13,8,8,9,11,9,14,10,10,14,7,72,42,19,7,95,7;08-7;11,10,10,11,10,13,11,11,15,11,11,12,16,10,14,16,6-10 anni,20,100,23,109,26,118,23,109,26,117,30,131,43,105,110,116
179,7.91666666666667,9,5,5,9,8,5,12,5,6,9,4,36,50,8,1,95,7;08-7;11,8,8,9,10,10,8,10,9,9,7,8,9,12,9,6,6-10 anni,16,88,20,100,19,97,15,86,21,103,15,85,36,93,80,92
180,7.91666666666667,17,8,5,9,10,12,10,3,3,16,8,18,35,15,1,95,7;08-7;11,14,10,9,10,12,14,9,7,6,12,13,8,9,12,6,6-10 anni,24,112,22,106,16,88,25,114,17,92,18,94,46,110,94,103
181,7.91666666666667,19,14,15,14,12,11,19,5,13,15,10,59,49,18,4,95,7;08-7;11,15,14,17,14,14,13,15,9,14,11,14,13,12,13,11,6-10 anni,29,126,28,124,24,112,25,114,25,114,24,112,57,128,118,123
182,8,27,15,11,9,8,12,12,11,9,17,10,36,39,16,3,96,8;00-8;03,16,17,13,10,10,13,10,13,11,12,13,9,10,13,10,6-10 anni,33,138,20,100,23,109,25,114,19,97,23,109,53,122,110,116
183,8,16,8,4,13,4,4,3,1,7,12,3,33,48,6,2,96,8;00-8;03,10,10,7,14,6,6,5,4,10,10,7,9,11,8,8,6-10 anni,20,100,20,100,9,67,17,91,20,100,16,88,40,100,76,89
184,8,17,10,11,12,17,15,17,11,10,17,10,56,45,8,3,96,8;00-8;03,11,12,13,12,18,15,13,13,12,12,13,12,11,9,10,6-10 anni,23,109,30,130,26,118,25,114,23,108,19,97,53,122,112,118
185,8,19,6,9,7,4,4,11,7,6,10,3,55,20,6,1,96,8;00-8;03,12,8,12,9,6,6,10,10,9,9,7,12,7,8,6,6-10 anni,20,100,15,86,20,100,16,88,19,97,14,82,35,92,84,95
186,8,4,6,2,8,9,2,5,8,6,4,1,11,22,7,2,96,8;00-8;03,5,8,5,9,10,5,6,11,9,5,5,6,7,8,8,6-10 anni,13,79,19,97,17,91,10,71,13,80,16,88,32,87,68,82
187,8,21,7,8,11,7,10,11,5,3,15,8,36,30,9,3,96,8;00-8;03,13,9,11,11,9,11,10,8,5,11,12,9,8,10,10,6-10 anni,22,106,20,100,18,94,23,109,17,92,20,100,42,103,90,100
188,8.08333333333333,13,4,4,2,10,7,11,10,6,5,8,20,16,11,4,97,8;00-8;03,9,6,7,6,11,9,10,13,9,5,12,7,6,11,11,6-10 anni,15,85,17,91,23,109,17,91,13,80,22,106,32,87,78,90
189,8.08333333333333,25,17,7,13,11,9,20,8,4,23,8,64,62,14,4,97,8;00-8;03,15,18,10,14,12,10,15,11,6,15,12,13,14,12,11,6-10 anni,33,138,26,118,26,118,27,120,27,119,23,109,59,132,125,129
190,8.08333333333333,12,9,7,15,10,10,13,5,6,21,9,19,33,10,1,97,8;00-8;03,9,10,10,15,11,11,11,8,9,14,12,7,9,10,6,6-10 anni,19,97,26,118,19,97,26,117,16,89,16,88,45,108,95,104
191,8.08333333333333,24,12,9,11,3,11,16,9,15,23,9,79,67,21,4,97,8;00-8;03,15,14,12,11,6,12,12,12,18,15,12,16,15,16,11,6-10 anni,29,126,17,91,24,112,27,120,31,131,27,122,46,110,117,122
192,8.08333333333333,18,6,9,14,4,7,19,8,11,15,12,63,38,10,4,97,8;00-8;03,11,8,12,15,6,9,14,11,13,11,15,13,10,10,11,6-10 anni,19,97,21,103,25,115,26,117,23,108,21,103,40,100,99,107
193,8.08333333333333,4,6,4,11,8,8,6,5,8,15,2,43,48,4,0,97,8;00-8;03,5,8,7,11,10,10,7,8,10,11,6,11,11,7,5,6-10 anni,13,79,21,103,15,85,17,91,22,106,12,75,34,90,78,90
194,8.16666666666667,13,10,7,6,9,6,12,7,9,15,8,26,44,15,7,98,8;00-8;03,9,12,10,8,10,8,10,10,11,11,12,8,11,13,16,6-10 anni,21,103,18,94,20,100,23,109,19,97,29,128,39,98,91,101
195,8.16666666666667,29,9,13,12,8,11,13,7,14,16,10,61,48,7,4,98,8;00-8;03,16,10,15,12,10,12,11,10,16,12,13,13,11,8,11,6-10 anni,26,117,22,106,21,103,25,114,24,111,19,97,48,113,102,110
196,8.16666666666667,15,10,6,17,13,15,9,10,4,21,5,53,70,19,6,98,8;00-8;03,10,12,9,17,15,15,8,13,6,14,9,11,15,15,14,6-10 anni,22,106,32,136,21,103,23,109,26,117,29,128,54,123,115,121
197,8.16666666666667,9,4,3,9,1,4,3,2,6,12,3,42,19,5,0,98,8;00-8;03,8,6,6,10,4,6,5,5,9,10,7,10,7,7,5,6-10 anni,14,82,14,83,10,70,17,91,17,92,12,75,28,80,65,79
198,8.16666666666667,11,8,4,3,8,2,5,8,5,7,2,15,21,10,4,98,8;00-8;03,9,10,7,6,10,5,6,11,8,6,6,6,7,10,11,6-10 anni,19,97,16,89,17,91,12,77,13,80,21,103,35,92,74,87
199,8.16666666666667,14,11,7,9,12,14,15,9,9,18,7,35,51,22,5,98,8;00-8;03,9,13,10,10,14,14,12,12,11,13,11,9,12,17,13,6-10 anni,22,106,24,112,24,112,24,111,21,103,30,131,46,110,109,116
200,8.16666666666667,14,7,9,8,11,10,18,10,6,15,11,62,62,14,6,98,8;00-8;03,9,9,12,9,12,11,14,13,9,11,14,13,14,12,14,6-10 anni,18,94,21,103,27,121,25,114,27,119,26,119,39,98,102,110
201,8.16666666666667,11,10,7,7,9,6,10,11,6,6,4,50,40,13,3,98,8;00-8;03,9,12,10,9,10,8,9,13,9,6,8,11,10,12,10,6-10 anni,21,103,19,97,22,106,14,83,21,103,22,106,40,100,91,101
202,8.16666666666667,7,8,4,8,8,7,12,0,6,7,1,12,11,8,2,98,8;00-8;03,7,10,7,9,10,9,10,3,9,6,5,6,6,9,8,6-10 anni,17,91,19,97,13,79,11,74,12,78,17,91,36,93,70,84
203,8.16666666666667,13,2,5,11,5,7,4,4,9,4,4,46,43,1,3,98,8;00-8;03,9,5,8,11,7,9,6,7,11,5,8,11,10,5,10,6-10 anni,14,82,18,94,13,79,13,80,21,103,15,85,32,87,66,80
204,8.25,15,8,9,4,3,15,12,8,8,12,6,70,60,12,5,99,8;00-8;03,10,10,12,7,6,15,10,11,10,10,10,15,14,11,13,6-10 anni,20,100,13,80,21,103,20,100,29,125,24,112,33,88,90,100
205,8.25,8,7,12,9,6,4,11,7,5,10,5,36,23,9,1,99,8;00-8;03,7,9,14,10,8,6,10,10,8,9,9,9,7,10,6,6-10 anni,16,88,18,94,20,100,18,94,16,89,16,88,34,90,82,93
206,8.25,9,7,1,10,8,5,13,5,7,8,6,22,14,4,1,99,8;00-8;03,8,9,5,11,10,7,11,8,10,8,10,7,6,7,6,6-10 anni,17,91,21,103,19,97,18,94,13,80,13,79,38,97,79,91
207,8.25,26,9,10,6,13,10,22,12,15,22,10,66,73,8,0,99,8;00-8;03,16,10,13,8,15,11,16,14,18,15,13,14,16,9,5,6-10 anni,26,117,23,109,30,130,28,123,30,128,14,82,49,115,117,122
208,8.25,16,4,3,1,4,6,9,4,7,10,6,39,24,3,5,99,8;00-8;03,10,6,6,5,6,8,8,7,10,9,10,10,7,6,13,6-10 anni,16,88,11,74,15,85,19,97,17,92,19,97,27,78,67,81
209,8.25,9,7,10,4,8,9,10,10,4,9,1,24,16,6,4,99,8;00-8;03,8,9,13,7,10,10,9,13,6,8,5,7,6,8,11,6-10 anni,17,91,17,91,22,106,13,80,13,80,19,97,34,90,79,91
210,8.25,9,4,2,4,8,9,7,7,10,12,8,43,28,5,0,99,8;00-8;03,8,6,5,7,10,10,7,10,12,10,12,11,8,7,5,6-10 anni,14,82,17,91,17,91,22,106,19,97,12,75,31,85,76,89
211,8.25,13,11,8,5,8,13,10,12,7,11,3,21,39,18,5,99,8;00-8;03,9,13,11,7,10,13,9,14,10,9,7,7,10,14,13,6-10 anni,22,106,17,91,23,109,16,88,17,92,27,122,39,98,92,102
212,8.33333333333333,7,0,3,3,6,6,14,12,9,9,4,26,36,10,2,100,8;04-8;07,7,6,7,6,9,9,11,15,11,7,8,7,9,9,7,6-10 anni,13,79,15,86,26,118,15,86,16,89,16,88,28,80,77,89
213,8.33333333333333,14,4,3,9,9,4,12,4,7,17,1,49,71,12,4,100,8;04-8;07,10,7,7,10,11,7,10,7,9,11,5,11,16,10,11,6-10 anni,17,91,21,103,17,91,16,88,27,119,21,103,38,97,87,98
214,8.33333333333333,13,3,5,9,7,4,16,6,8,20,1,35,34,5,2,100,8;04-8;07,9,6,9,10,10,7,12,9,9,12,5,8,9,6,7,6-10 anni,15,85,20,100,21,103,17,91,17,92,13,79,35,92,82,93
215,8.33333333333333,12,5,5,6,9,5,14,5,6,12,10,29,27,7,3,100,8;04-8;07,9,8,9,8,11,8,11,8,8,9,13,7,7,7,9,6-10 anni,17,91,19,97,19,97,22,106,14,83,16,88,36,93,78,90
216,8.33333333333333,11,9,4,6,2,5,9,13,9,17,10,38,50,19,4,100,8;04-8;07,9,10,8,8,6,8,8,16,11,11,13,9,12,14,11,6-10 anni,19,97,14,83,24,112,24,111,21,103,25,116,33,88,91,101
217,8.33333333333333,23,12,4,10,7,7,8,6,6,29,9,48,48,17,2,100,8;04-8;07,15,13,8,11,10,10,8,9,8,16,12,10,11,13,7,6-10 anni,28,123,21,103,17,91,28,123,21,103,20,100,49,115,105,112
218,8.33333333333333,10,2,4,2,0,0,7,2,5,4,0,17,6,9,2,100,8;04-8;07,8,6,8,6,5,5,7,5,7,5,4,5,4,9,7,6-10 anni,14,82,11,74,12,76,9,68,9,69,16,88,25,75,56,72
219,8.33333333333333,7,10,4,7,11,5,19,7,15,11,6,18,26,14,3,100,8;04-8;07,7,11,8,9,12,8,14,10,18,8,10,6,7,11,9,6-10 anni,18,94,21,103,24,112,18,94,13,80,20,100,39,98,88,98
220,8.33333333333333,8,14,8,8,7,9,13,9,10,6,7,22,55,12,5,100,8;04-8;07,7,14,12,9,10,11,11,12,12,6,11,6,13,10,13,6-10 anni,21,103,19,97,23,109,17,91,19,97,23,109,40,100,85,96
221,8.33333333333333,14,7,3,10,13,10,19,9,12,21,7,49,59,16,6,100,8;04-8;07,10,9,7,11,14,12,14,12,14,12,11,11,13,12,14,6-10 anni,19,97,25,115,26,118,23,109,24,111,26,119,44,107,105,112
222,8.33333333333333,11,7,7,10,8,7,8,7,7,13,8,58,63,18,4,100,8;04-8;07,9,9,11,11,11,10,8,10,9,9,12,12,14,13,11,6-10 anni,18,94,22,106,18,94,21,103,26,117,24,112,40,100,92,102
223,8.41666666666667,18,9,12,14,8,14,12,9,9,16,10,50,32,20,7,101,8;04-8;07,12,10,14,14,11,15,10,12,11,11,13,11,9,15,16,6-10 anni,22,106,25,115,22,106,24,111,20,100,31,134,47,112,106,113
224,8.41666666666667,7,6,2,7,5,6,6,7,8,9,7,46,27,8,3,101,8;04-8;07,7,8,6,9,8,9,7,10,9,7,11,10,7,8,9,6-10 anni,15,85,17,91,17,91,18,94,17,92,17,91,32,87,74,87
225,8.41666666666667,16,12,4,14,4,12,17,8,8,17,8,45,54,12,3,101,8;04-8;07,11,13,8,14,7,14,13,11,9,11,12,10,12,10,9,6-10 anni,24,112,21,103,24,112,23,109,22,106,19,97,45,108,100,108
226,8.41666666666667,30,7,9,16,16,16,20,5,11,17,9,56,43,17,6,101,8;04-8;07,19,9,12,16,16,17,16,8,13,11,12,12,10,13,14,6-10 anni,28,123,32,136,24,112,23,109,22,106,27,122,60,133,120,125
227,8.41666666666667,18,14,5,10,11,3,12,7,10,20,4,70,54,16,0,101,8;04-8;07,12,14,9,11,12,7,10,10,12,12,8,15,12,12,4,6-10 anni,26,117,23,109,20,100,20,100,27,119,16,88,49,115,108,115
228,8.41666666666667,23,16,11,7,10,8,11,9,4,20,9,61,39,8,4,101,8;04-8;07,15,15,13,9,12,11,10,12,6,12,12,13,10,8,11,6-10 anni,30,129,21,103,22,106,24,111,23,108,19,97,51,118,106,113
229,8.41666666666667,13,12,12,8,7,14,8,9,9,25,13,36,42,8,1,101,8;04-8;07,9,13,14,9,10,15,8,12,11,14,15,8,10,8,5,6-10 anni,22,106,19,97,20,100,29,126,18,94,13,79,41,102,91,101
230,8.41666666666667,8,4,6,8,11,7,11,8,5,27,6,48,38,18,5,101,8;04-8;07,7,7,10,9,12,10,10,11,7,15,10,10,10,13,13,6-10 anni,14,82,21,103,21,103,25,114,20,100,26,119,35,92,94,103
231,8.41666666666667,18,15,6,12,7,14,8,7,12,22,9,46,26,11,3,101,8;04-8;07,12,15,10,12,10,15,8,10,14,13,12,10,7,10,9,6-10 anni,27,120,22,106,18,94,25,114,17,92,19,97,49,115,100,108
232,8.5,10,9,9,6,6,5,8,6,9,16,5,44,30,8,3,102,8;04-8;07,8,10,12,8,9,8,8,9,11,11,9,10,7,8,9,6-10 anni,18,94,17,91,17,91,20,100,17,92,17,91,35,92,81,93
233,8.5,9,4,6,2,11,1,9,4,9,13,3,39,18,2,3,102,8;04-8;07,8,7,10,6,12,5,8,7,11,9,7,9,6,5,9,6-10 anni,15,85,18,94,15,85,16,88,15,86,14,82,33,88,71,84
234,8.5,12,2,7,7,8,6,7,8,9,10,3,50,52,14,4,102,8;04-8;07,9,6,11,9,11,9,7,11,11,8,7,11,12,11,11,6-10 anni,15,85,20,100,18,94,15,86,23,108,22,106,35,92,83,94
235,8.5,3,4,3,2,2,3,3,4,5,12,0,13,6,10,3,102,8;04-8;07,5,7,7,6,6,7,5,7,7,9,4,5,4,9,9,6-10 anni,12,76,12,77,12,76,13,80,9,69,18,94,24,73,59,75
236,8.5,13,11,10,12,5,7,19,13,7,18,7,51,63,10,5,102,8;04-8;07,9,12,13,12,8,10,14,16,9,12,11,11,14,9,13,6-10 anni,21,103,20,100,30,130,23,109,25,114,22,106,41,102,103,111
237,8.5,8,0,1,7,1,4,5,2,5,8,6,45,30,4,5,102,8;04-8;07,7,6,6,9,5,7,6,5,7,7,10,10,7,6,13,6-10 anni,13,79,14,83,11,73,17,91,17,92,19,97,27,78,61,76
238,8.58333333333333,24,11,14,11,10,9,16,10,8,18,8,75,57,13,4,103,8;04-8;07,16,12,16,11,12,11,12,13,9,12,12,16,13,11,11,6-10 anni,28,123,23,109,25,115,24,111,29,125,22,106,51,118,115,121
239,8.58333333333333,15,2,2,4,2,10,6,3,2,7,2,13,15,11,1,103,8;04-8;07,11,6,6,7,6,12,7,6,4,6,6,5,5,10,5,6-10 anni,17,91,13,80,13,79,12,77,10,72,15,85,30,83,64,79
240,8.58333333333333,12,11,7,17,5,8,9,7,8,9,7,30,50,8,1,103,8;04-8;07,9,12,11,17,8,11,8,10,9,7,11,7,12,8,5,6-10 anni,21,103,25,115,18,94,18,94,19,97,13,79,46,110,86,97
241,8.58333333333333,10,3,4,2,6,9,7,3,0,5,3,9,18,3,0,103,8;04-8;07,8,6,8,6,9,11,7,6,3,5,7,4,6,5,4,6-10 anni,14,82,15,86,13,79,12,77,10,72,9,66,29,82,56,72
242,8.58333333333333,8,4,4,2,6,7,7,6,11,7,8,42,44,9,3,103,8;04-8;07,7,7,8,6,9,10,7,9,13,6,12,9,11,9,9,6-10 anni,14,82,15,86,16,88,18,94,20,100,18,94,29,82,69,83
243,8.58333333333333,13,6,5,10,4,7,8,5,14,5,5,30,38,5,4,103,8;04-8;07,9,8,9,11,7,10,8,8,16,5,9,7,10,6,11,6-10 anni,17,91,18,94,16,88,14,83,17,92,17,91,35,92,69,83
244,8.58333333333333,15,13,16,14,11,14,14,13,10,22,8,54,45,20,5,103,8;04-8;07,11,13,18,14,12,15,11,16,12,13,12,12,11,15,13,6-10 anni,24,112,26,118,27,121,25,114,23,108,28,125,50,117,117,122
245,8.58333333333333,18,15,11,15,18,13,18,7,9,24,15,80,65,20,5,103,8;04-8;07,12,15,13,14,18,14,14,10,11,13,18,17,14,15,13,6-10 anni,27,120,32,136,24,112,31,132,31,131,28,125,59,132,128,131
246,8.58333333333333,21,8,10,10,14,10,23,11,8,24,7,46,62,18,8,103,8;04-8;07,14,10,13,11,14,12,17,14,9,13,11,10,14,13,18,6-10 anni,24,112,25,115,31,133,24,111,24,111,31,134,49,115,116,121
247,8.58333333333333,15,10,4,5,1,10,11,11,8,13,6,47,47,4,4,103,8;04-8;07,11,11,8,7,5,12,10,14,9,9,10,10,11,6,11,6-10 anni,22,106,12,77,24,112,19,97,21,103,17,91,34,90,83,94
248,8.66666666666667,10,9,4,7,9,6,14,1,5,13,1,47,34,11,3,104,8;08-8;11,8,9,6,8,9,8,10,3,7,9,4,10,8,10,9,6-10 anni,17,91,17,91,13,79,13,80,18,94,19,97,34,90,76,89
249,8.66666666666667,10,4,7,9,8,6,14,6,10,14,7,33,24,10,5,104,8;08-8;11,8,6,9,9,9,8,10,8,11,10,10,8,7,9,12,6-10 anni,14,82,18,94,18,94,20,100,15,86,21,103,32,87,77,89
250,8.66666666666667,15,11,12,16,7,14,17,10,10,13,7,45,41,17,6,104,8;08-8;11,10,11,14,13,8,13,11,12,11,9,10,10,9,12,13,6-10 anni,21,103,21,103,23,109,19,97,19,97,25,116,42,103,96,105
251,8.66666666666667,4,5,4,8,10,7,17,6,6,3,2,31,20,11,0,104,8;08-8;11,5,7,6,8,10,9,11,8,8,5,5,7,7,10,4,6-10 anni,12,76,18,94,19,97,10,71,14,83,14,82,30,83,71,84
252,8.66666666666667,11,4,3,11,11,10,12,7,9,14,3,43,80,8,5,104,8;08-8;11,8,6,4,10,11,11,9,9,10,10,6,10,16,8,12,6-10 anni,14,82,21,103,18,94,16,88,26,117,20,100,35,92,81,93
253,8.66666666666667,27,11,10,17,15,12,23,7,13,13,14,49,53,24,7,104,8;08-8;11,15,11,13,14,14,12,14,9,14,9,16,11,11,16,15,6-10 anni,26,117,28,124,23,109,25,114,22,106,31,134,54,123,113,119
254,8.66666666666667,10,12,7,10,9,7,10,6,12,14,8,71,58,17,1,104,8;08-8;11,8,12,9,10,9,9,8,8,13,10,11,16,12,12,5,6-10 anni,20,100,19,97,16,88,21,103,28,122,17,91,39,98,93,102
255,8.66666666666667,10,3,5,8,4,3,6,7,5,12,5,12,34,3,5,104,8;08-8;11,8,5,7,8,5,6,6,9,7,9,8,5,8,5,12,6-10 anni,13,79,13,80,15,85,17,91,13,80,17,91,26,77,60,75
256,8.66666666666667,6,10,3,5,6,4,7,5,2,15,5,44,23,2,2,104,8;08-8;11,6,10,4,6,7,6,6,7,4,10,8,10,7,5,7,6-10 anni,16,88,13,80,13,79,18,94,17,92,12,75,29,82,67,81
257,8.66666666666667,24,15,8,10,16,13,20,9,13,18,2,48,40,21,3,104,8;08-8;11,15,14,10,10,15,12,13,11,14,11,5,10,9,14,9,6-10 anni,29,126,25,115,24,112,16,88,19,97,23,109,54,123,113,119
258,8.66666666666667,11,9,4,8,5,3,7,8,9,16,7,20,6,7,3,104,8;08-8;11,8,9,6,8,6,6,6,10,10,11,10,6,5,7,9,6-10 anni,17,91,14,83,16,88,21,103,11,75,16,88,31,85,71,84
259,8.66666666666667,11,5,11,5,4,5,14,4,7,8,7,29,30,11,5,104,8;08-8;11,8,7,13,6,5,7,10,6,9,7,10,7,8,10,12,6-10 anni,15,85,11,74,16,88,17,91,15,86,22,106,26,77,66,80
260,8.75,25,19,12,18,16,13,18,11,9,22,14,59,87,21,6,105,8;08-8;11,15,17,14,15,15,12,12,13,10,13,16,13,17,14,13,6-10 anni,32,135,30,130,25,115,29,126,30,128,27,122,62,137,127,130
261,8.75,11,5,6,13,10,6,5,5,2,9,4,40,15,15,4,105,8;08-8;11,8,7,8,12,10,8,5,7,4,7,7,9,6,12,10,6-10 anni,15,85,22,106,12,76,14,83,15,86,22,106,37,95,77,89
262,8.75,25,14,8,15,11,17,24,14,11,23,10,60,70,15,5,105,8;08-8;11,15,13,10,13,11,15,15,16,12,13,12,14,14,12,12,6-10 anni,28,123,24,112,31,133,25,114,28,122,24,112,52,120,122,126
263,8.75,16,13,11,12,7,7,14,14,13,7,7,53,54,4,1,105,8;08-8;11,10,12,13,11,8,9,10,16,14,6,10,11,11,6,5,6-10 anni,22,106,19,97,26,118,16,88,22,106,11,72,41,102,90,100
264,8.75,12,9,6,12,10,11,4,5,8,14,4,26,14,1,3,105,8;08-8;11,8,9,8,11,10,11,5,7,9,10,7,7,6,5,9,6-10 anni,17,91,21,103,12,76,17,91,13,80,14,82,38,97,72,85
265,8.75,17,4,12,11,11,7,15,5,6,21,11,47,53,12,2,105,8;08-8;11,11,6,14,10,11,9,10,7,8,12,13,10,11,10,7,6-10 anni,17,91,21,103,17,91,25,114,21,103,17,91,38,97,87,98
266,8.75,28,17,13,21,15,20,29,15,16,29,6,49,63,22,6,105,8;08-8;11,16,15,15,17,14,17,18,16,17,16,9,11,13,15,13,6-10 anni,31,132,31,133,34,142,25,114,24,111,28,125,62,137,138,139
267,8.75,18,12,11,9,10,9,19,9,13,32,12,34,42,22,4,105,8;08-8;11,11,12,13,9,10,10,12,11,14,18,14,8,9,15,10,6-10 anni,23,109,19,97,23,109,32,135,17,92,25,116,42,103,106,113
268,8.75,22,9,8,13,6,15,17,6,10,13,11,69,54,12,6,105,8;08-8;11,13,9,10,12,7,14,11,8,11,9,13,15,11,10,13,6-10 anni,22,106,19,97,19,97,22,106,26,117,23,109,41,102,94,103
269,8.75,15,9,7,16,14,8,15,12,12,9,5,31,54,5,4,105,8;08-8;11,10,9,9,13,13,10,10,14,13,7,8,7,11,6,10,6-10 anni,19,97,26,118,24,112,15,86,18,94,16,88,45,108,89,99
270,8.83333333333333,23,12,11,14,17,19,9,7,11,20,11,38,72,16,5,106,8;08-8;11,14,12,13,13,16,16,7,9,12,12,13,9,15,12,12,6-10 anni,26,117,29,127,16,88,25,114,24,111,24,112,55,125,104,112
271,8.83333333333333,16,11,7,5,8,6,13,7,10,13,4,46,58,11,4,106,8;08-8;11,10,11,9,6,9,8,10,9,11,9,7,10,12,10,10,6-10 anni,21,103,15,86,19,97,16,88,22,106,20,100,36,93,84,95
272,8.83333333333333,10,8,8,9,9,6,14,6,7,10,9,43,19,7,3,106,8;08-8;11,8,9,10,9,9,8,10,8,9,8,11,10,7,7,9,6-10 anni,17,91,18,94,18,94,19,97,17,92,16,88,35,92,78,90
273,8.83333333333333,11,14,11,6,8,5,14,7,5,19,9,48,29,13,3,106,8;08-8;11,8,13,13,7,9,7,10,9,7,11,11,10,8,11,9,6-10 anni,21,103,16,89,19,97,22,106,18,94,20,100,37,95,88,98
274,8.83333333333333,13,9,7,6,3,4,11,4,8,8,3,31,49,3,3,106,8;08-8;11,8,9,9,7,5,6,9,6,9,7,6,7,11,5,9,6-10 anni,17,91,12,77,15,85,13,80,18,94,14,82,29,82,63,78
275,8.83333333333333,26,17,10,15,10,14,20,14,15,28,14,74,50,19,8,106,8;08-8;11,15,15,13,13,10,13,13,16,16,16,16,16,11,13,17,6-10 anni,30,129,23,109,29,127,32,135,27,119,30,131,53,122,127,130
276,8.91666666666667,8,10,8,11,13,15,18,9,6,18,14,55,66,18,3,107,8;08-8;11,7,10,10,10,13,14,12,11,8,11,16,13,14,12,9,6-10 anni,17,91,23,109,23,109,27,120,27,119,21,103,40,100,99,107
277,8.91666666666667,17,4,4,7,5,4,9,9,3,7,9,29,26,14,1,107,8;08-8;11,11,6,6,8,6,6,7,11,5,6,11,7,8,11,5,6-10 anni,17,91,14,83,18,94,17,91,15,86,16,88,31,85,73,86
278,8.91666666666667,17,12,9,3,4,8,11,7,5,19,6,30,43,6,1,107,8;08-8;11,11,12,12,5,5,10,9,9,7,11,9,7,9,7,5,6-10 anni,23,109,10,71,18,94,20,100,16,89,12,75,33,88,76,89
279,8.91666666666667,14,3,7,6,8,4,12,7,5,12,7,14,37,10,4,107,8;08-8;11,9,5,9,7,9,6,9,9,7,9,10,5,8,9,10,6-10 anni,14,82,16,89,18,94,19,97,13,80,19,97,30,83,71,84
280,8.91666666666667,14,9,5,12,10,11,14,4,6,22,11,46,38,11,3,107,8;08-8;11,9,9,7,11,10,11,10,6,8,13,13,10,9,10,9,6-10 anni,18,94,21,103,16,88,26,117,19,97,19,97,39,98,88,98
281,8.91666666666667,17,7,9,12,8,10,14,10,10,14,7,48,38,15,4,107,8;08-8;11,11,8,12,11,9,11,10,12,11,10,10,10,9,12,10,6-10 anni,19,97,20,100,22,106,20,100,19,97,22,106,39,98,93,102
282,8.91666666666667,4,10,5,7,2,3,14,7,9,13,5,32,22,4,1,107,8;08-8;11,5,10,7,8,4,6,10,9,10,9,8,8,7,6,5,6-10 anni,15,85,12,77,19,97,17,91,15,86,11,72,27,78,69,83
283,8.91666666666667,10,12,9,13,12,13,18,10,10,16,3,46,60,14,5,107,8;08-8;11,8,12,12,12,12,12,12,12,11,11,6,10,13,11,12,6-10 anni,20,100,24,112,24,112,17,91,23,108,23,109,44,107,100,108
284,8.91666666666667,14,16,10,18,10,7,12,11,11,8,9,54,48,9,3,107,8;08-8;11,9,14,13,15,10,9,9,13,12,7,11,13,10,9,9,6-10 anni,23,109,25,115,22,106,18,94,23,108,18,94,48,113,99,107
285,8.91666666666667,21,14,8,15,14,13,26,10,9,22,7,78,74,17,2,107,8;08-8;11,13,13,10,13,13,12,16,12,10,13,10,17,15,12,7,6-10 anni,26,117,26,118,28,124,23,109,32,133,19,97,52,120,122,126
286,9,14,3,9,4,6,8,13,5,6,11,5,32,45,8,1,108,9;00-9;03,8,4,11,6,7,10,10,7,7,8,9,8,10,7,5,6-10 anni,12,76,13,80,17,91,17,91,18,94,12,75,25,75,65,79
287,9,20,9,6,5,14,9,17,8,9,11,4,41,32,7,4,108,9;00-9;03,11,9,8,6,13,10,12,11,9,8,8,9,8,6,10,6-10 anni,20,100,19,97,23,109,16,88,17,92,16,88,39,98,85,96
288,9,10,8,5,15,9,10,14,12,11,19,4,76,57,13,3,108,9;00-9;03,6,9,7,14,9,11,10,15,12,12,8,16,12,11,9,6-10 anni,15,85,23,109,25,115,20,100,28,122,20,100,38,97,102,110
289,9,23,16,10,11,10,8,22,6,15,26,9,76,81,12,5,108,9;00-9;03,13,14,13,11,10,10,15,8,16,15,12,16,17,10,12,6-10 anni,27,120,21,103,23,109,27,120,33,136,22,106,48,113,112,118
290,9,11,7,4,8,7,9,10,7,3,8,3,25,25,7,2,108,9;00-9;03,7,7,6,8,8,10,8,9,4,7,7,6,7,6,7,6-10 anni,14,82,16,89,17,91,14,83,13,80,13,79,30,83,66,80
291,9,11,10,3,9,9,16,15,6,13,10,6,50,37,9,1,108,9;00-9;03,7,10,5,9,9,17,11,8,14,8,10,11,8,9,5,6-10 anni,17,91,18,94,19,97,18,94,19,97,14,82,35,92,82,93
292,9,21,15,13,11,10,6,14,6,9,17,12,21,27,7,4,108,9;00-9;03,12,14,15,11,10,7,10,8,9,11,14,6,7,6,10,6-10 anni,26,117,21,103,18,94,25,114,13,80,16,88,47,112,88,98
293,9,10,6,6,8,8,2,12,6,9,8,2,43,47,8,5,108,9;00-9;03,6,6,8,8,9,4,9,8,9,7,6,10,10,7,12,6-10 anni,12,76,17,91,17,91,13,80,20,100,19,97,29,82,70,84
294,9,17,8,10,6,8,8,9,5,6,7,4,33,31,6,1,108,9;00-9;03,10,9,13,7,9,10,6,7,7,6,8,8,8,6,5,6-10 anni,19,97,16,89,13,79,14,83,16,89,11,72,35,92,68,82
295,9,23,14,10,11,9,8,13,9,12,9,8,31,47,19,6,108,9;00-9;03,13,13,13,11,9,10,10,12,13,7,12,7,10,14,12,6-10 anni,26,117,20,100,22,106,19,97,17,92,26,119,46,110,96,105
296,9.08333333333333,14,9,4,6,8,7,9,5,8,22,10,39,53,10,8,109,9;00-9;03,8,9,6,7,9,9,6,7,8,14,12,9,11,9,16,6-10 anni,17,91,16,89,13,79,26,117,20,100,25,116,33,88,78,90
297,9.08333333333333,10,7,3,11,11,5,12,8,8,10,9,52,36,13,3,109,9;00-9;03,6,7,5,11,11,6,9,11,8,8,12,11,8,11,9,6-10 anni,13,79,22,106,20,100,20,100,19,97,20,100,35,92,85,96
298,9.08333333333333,15,12,10,10,10,10,15,7,11,15,4,49,43,14,2,109,9;00-9;03,9,12,13,11,10,11,11,9,12,10,8,11,9,11,7,6-10 anni,21,103,21,103,20,100,18,94,20,100,18,94,42,103,94,103
299,9.08333333333333,19,9,6,13,7,10,11,4,7,20,14,58,25,24,6,109,9;00-9;03,11,9,8,13,8,11,9,6,8,13,16,12,7,18,12,6-10 anni,20,100,21,103,15,85,29,126,19,97,30,131,41,102,99,107
300,9.08333333333333,6,7,7,9,11,9,9,5,5,9,3,28,24,10,5,109,9;00-9;03,4,7,9,9,11,10,6,7,6,7,7,7,5,9,12,6-10 anni,11,73,20,100,13,79,14,83,12,78,21,103,31,85,67,81
301,9.08333333333333,22,11,8,6,6,6,11,8,12,14,4,25,64,14,2,109,9;00-9;03,12,11,10,7,7,7,9,11,13,10,8,6,13,11,7,6-10 anni,23,109,14,83,20,100,18,94,19,97,18,94,37,95,84,95
302,9.08333333333333,19,10,10,11,13,6,11,7,9,13,7,62,59,12,5,109,9;00-9;03,11,10,13,11,13,7,9,9,9,9,11,13,12,10,12,6-10 anni,21,103,24,112,18,94,20,100,25,114,22,106,45,108,95,104
303,9.08333333333333,29,14,10,19,17,11,21,9,12,23,11,64,58,10,5,109,9;00-9;03,16,13,13,18,16,12,14,12,13,14,13,13,12,9,12,6-10 anni,29,126,34,142,26,118,27,120,25,114,21,103,63,138,125,129
304,9.08333333333333,21,15,9,10,14,9,27,9,14,20,10,50,64,23,6,109,9;00-9;03,12,14,11,11,13,10,18,12,15,13,12,11,13,18,12,6-10 anni,26,117,24,112,30,130,25,114,24,111,30,131,50,117,122,126
305,9.08333333333333,21,15,7,8,8,8,13,13,6,8,0,47,45,12,1,109,9;00-9;03,12,14,9,8,9,10,10,17,7,7,4,10,10,10,5,6-10 anni,26,117,17,91,27,121,11,74,20,100,15,85,43,105,97,106
306,9.16666666666667,24,13,9,12,13,9,26,10,15,23,8,68,61,13,2,110,9;00-9;03,14,12,11,12,13,10,17,13,16,14,12,14,13,11,7,6-10 anni,26,117,25,115,30,130,26,117,27,119,18,94,51,118,120,125
307,9.16666666666667,5,4,6,5,5,4,10,9,11,7,6,5,33,5,1,110,9;00-9;03,4,5,8,6,6,5,8,12,12,6,10,4,8,5,5,6-10 anni,9,68,12,77,20,100,16,88,12,78,10,69,21,68,56,72
308,9.16666666666667,15,9,7,12,6,13,12,8,10,11,5,61,28,16,4,110,9;00-9;03,9,9,9,12,7,13,9,11,10,8,9,13,7,12,10,6-10 anni,18,94,19,97,20,100,17,91,20,100,22,106,37,95,90,100
309,9.16666666666667,19,7,7,5,1,4,7,5,4,4,1,36,23,15,4,110,9;00-9;03,11,7,9,6,3,5,5,7,5,5,5,8,5,12,10,6-10 anni,18,94,9,68,12,76,10,71,13,80,22,106,27,78,64,79
310,9.16666666666667,23,8,6,8,11,9,18,5,9,17,5,46,47,11,6,110,9;00-9;03,13,9,8,8,11,10,13,7,9,11,9,10,10,10,12,6-10 anni,22,106,19,97,20,100,20,100,20,100,22,106,41,102,92,102
311,9.25,24,13,5,9,6,11,20,5,6,17,8,37,44,11,5,111,9;00-9;03,14,12,7,9,7,12,14,7,7,11,12,8,10,10,12,6-10 anni,26,117,16,89,21,103,23,109,18,94,22,106,42,103,92,102
312,9.25,11,6,5,2,7,7,19,3,9,14,1,28,56,15,7,111,9;00-9;03,7,6,7,5,8,9,13,5,9,10,5,7,12,12,14,6-10 anni,13,79,13,80,18,94,15,86,19,97,26,119,26,77,73,86
313,9.25,16,13,9,10,11,12,11,10,9,27,7,75,75,6,7,111,9;00-9;03,9,12,11,11,11,13,9,13,9,16,11,16,15,6,14,6-10 anni,21,103,22,106,22,106,27,120,31,131,20,100,43,105,103,111
314,9.25,27,16,14,17,17,16,15,11,10,18,10,57,54,14,5,111,9;00-9;03,15,14,16,16,16,17,11,14,10,12,12,12,11,11,12,6-10 anni,29,126,32,136,25,115,24,111,23,108,23,109,61,135,121,125
315,9.25,18,9,6,11,10,13,10,9,9,13,11,50,44,10,5,111,9;00-9;03,10,9,8,11,10,13,8,12,9,9,13,11,10,9,12,6-10 anni,19,97,21,103,20,100,22,106,21,103,21,103,40,100,89,99
316,9.25,24,12,12,16,17,15,13,12,9,14,12,63,74,15,5,111,9;00-9;03,14,12,14,15,16,15,10,15,9,10,14,13,15,12,12,6-10 anni,26,117,31,133,25,115,24,111,28,122,24,112,57,128,117,122
317,9.25,19,16,13,13,13,8,11,8,13,16,10,46,53,17,5,111,9;00-9;03,11,14,15,13,13,10,9,11,14,11,12,10,11,13,12,6-10 anni,25,115,26,118,20,100,23,109,21,103,25,116,51,118,105,112
318,9.33333333333333,20,4,6,6,7,6,14,7,15,18,6,34,41,10,6,112,9;04-9;07,12,5,9,6,9,8,9,9,15,12,10,8,9,8,13,6-10 anni,17,91,15,86,18,94,22,106,17,92,21,103,32,87,78,90
319,9.33333333333333,14,13,10,12,6,5,16,4,5,9,4,36,42,9,6,112,9;04-9;07,9,11,12,10,8,7,10,6,7,6,7,8,9,8,13,6-10 anni,20,100,18,94,16,88,13,80,17,92,21,103,38,97,76,89
320,9.33333333333333,14,8,9,8,13,13,14,3,9,20,6,51,59,13,6,112,9;04-9;07,9,8,11,7,13,12,9,5,10,13,10,11,11,10,13,6-10 anni,17,91,20,100,14,82,23,109,22,106,23,109,37,95,85,96
321,9.33333333333333,26,13,8,20,11,14,23,11,15,21,11,65,82,11,5,112,9;04-9;07,16,11,10,16,12,13,14,13,15,13,14,13,16,9,11,6-10 anni,27,120,28,124,27,121,27,120,29,125,20,100,55,125,117,122
322,9.33333333333333,16,18,8,14,9,11,16,11,12,11,0,63,67,13,7,112,9;04-9;07,10,15,10,12,10,11,10,13,12,7,3,13,13,10,15,6-10 anni,25,115,22,106,23,109,10,71,26,117,25,116,47,112,100,108
323,9.33333333333333,7,9,2,5,4,2,8,3,5,14,3,20,4,4,2,112,9;04-9;07,6,8,5,5,6,5,6,5,7,10,6,6,4,5,6,6-10 anni,14,82,11,74,11,73,16,88,10,72,11,72,25,75,57,73
324,9.33333333333333,9,11,8,8,5,6,12,5,10,8,6,37,20,17,6,112,9;04-9;07,7,10,10,7,7,8,8,7,10,6,10,8,6,12,13,6-10 anni,17,91,14,83,15,85,16,88,14,83,25,116,31,85,72,85
325,9.33333333333333,11,6,2,12,10,9,8,7,5,14,6,26,36,18,3,112,9;04-9;07,8,6,5,10,11,10,6,9,7,10,10,7,8,12,8,6-10 anni,14,82,21,103,15,85,20,100,15,86,20,100,35,92,79,91
326,9.33333333333333,18,15,6,4,4,5,21,6,7,8,4,68,67,20,1,112,9;04-9;07,11,13,9,5,6,7,13,8,9,6,7,14,13,13,4,6-10 anni,24,112,11,74,21,103,13,80,27,119,17,91,35,92,89,99
327,9.33333333333333,13,6,7,13,5,14,6,5,6,9,6,32,39,7,4,112,9;04-9;07,8,6,10,11,7,13,5,7,8,6,10,8,9,6,9,6-10 anni,14,82,18,94,12,76,16,88,17,92,15,85,32,87,64,79
328,9.33333333333333,9,11,8,9,14,7,21,9,6,25,5,47,45,16,1,112,9;04-9;07,7,10,10,8,13,9,13,11,8,15,9,10,9,11,4,6-10 anni,17,91,21,103,24,112,24,111,19,97,15,85,38,97,98,107
329,9.41666666666667,20,15,4,14,18,11,14,6,10,22,9,74,75,20,5,113,9;04-9;07,12,13,7,12,17,11,9,8,10,14,12,15,14,13,11,6-10 anni,25,115,29,127,17,91,26,117,29,125,24,112,54,123,113,119
330,9.41666666666667,20,10,7,17,11,12,20,7,5,23,8,37,41,24,5,113,9;04-9;07,12,9,10,14,12,12,13,9,7,14,12,8,9,15,11,6-10 anni,21,103,26,118,22,106,26,117,17,92,26,119,47,112,106,113
331,9.41666666666667,20,8,6,10,7,4,22,12,15,14,7,54,32,15,6,113,9;04-9;07,12,8,9,9,9,6,14,14,15,10,11,12,8,11,13,6-10 anni,20,100,18,94,28,124,21,103,20,100,24,112,38,97,99,107
332,9.41666666666667,12,10,8,11,9,4,19,7,9,16,7,38,31,7,4,113,9;04-9;07,8,9,10,9,10,6,12,9,10,11,11,9,8,6,9,6-10 anni,17,91,19,97,21,103,22,106,17,92,15,85,36,93,83,94
333,9.41666666666667,27,19,12,17,10,17,20,14,12,14,9,78,58,21,4,113,9;04-9;07,16,16,13,14,11,15,13,16,12,10,12,16,11,13,9,6-10 anni,32,135,25,115,29,127,22,106,27,119,22,106,57,128,125,129
334,9.41666666666667,19,16,8,16,13,5,21,10,16,22,11,74,72,23,5,113,9;04-9;07,12,13,10,13,13,7,13,12,16,14,14,15,14,15,11,6-10 anni,25,115,26,118,25,115,28,123,29,125,26,119,51,118,120,125
335,9.5,23,8,10,17,16,7,17,10,9,10,6,65,77,7,6,114,9;04-9;07,14,8,12,14,15,9,11,12,10,7,10,13,15,6,13,6-10 anni,22,106,29,127,23,109,17,91,28,122,19,97,51,118,100,108
336,9.5,14,15,6,11,6,7,13,9,5,17,9,34,42,15,3,114,9;04-9;07,9,13,9,9,8,9,9,11,7,11,12,8,9,11,8,6-10 anni,22,106,17,91,20,100,23,109,17,92,19,97,39,98,89,99
337,9.5,13,5,6,5,3,2,10,8,8,13,2,41,65,4,2,114,9;04-9;07,8,6,9,5,6,5,7,10,9,8,5,9,12,5,6,6-10 anni,14,82,11,74,17,91,13,80,21,103,11,72,25,75,64,79
338,9.5,11,8,3,4,3,4,1,3,4,11,4,23,20,3,3,114,9;04-9;07,8,8,6,5,6,6,3,5,6,7,7,6,6,4,8,6-10 anni,16,88,11,74,8,64,14,83,12,78,12,75,27,78,52,69
339,9.5,21,13,13,10,12,9,25,8,13,16,12,70,55,9,2,114,9;04-9;07,13,11,14,9,13,10,16,10,13,11,15,15,11,8,6,6-10 anni,24,112,22,106,26,118,26,117,26,117,14,82,46,110,106,113
340,9.5,13,14,4,16,14,16,14,5,12,12,2,41,48,14,5,114,9;04-9;07,8,12,7,13,13,15,9,7,12,8,5,9,9,10,11,6-10 anni,20,100,26,118,16,88,13,80,18,94,21,103,46,110,89,99
341,9.5,15,7,6,5,12,5,19,7,8,8,4,38,38,17,5,114,9;04-9;07,10,7,9,5,13,7,12,9,9,6,7,9,9,12,11,6-10 anni,17,91,18,94,21,103,13,80,18,94,23,109,35,92,83,94
342,9.5,15,10,4,10,6,10,8,8,5,13,7,23,25,17,5,114,9;04-9;07,10,9,7,9,8,11,6,10,7,8,11,6,7,12,11,6-10 anni,19,97,17,91,16,88,19,97,13,80,23,109,36,93,78,90
343,9.5,23,11,15,10,9,7,19,11,13,6,6,48,43,15,4,114,9;04-9;07,14,10,16,9,10,9,12,13,13,5,10,10,9,11,9,6-10 anni,24,112,19,97,25,115,15,86,19,97,20,100,43,105,94,103
344,9.5,15,8,6,13,7,14,17,7,9,17,7,47,47,14,5,114,9;04-9;07,10,8,9,11,9,13,11,9,10,11,11,10,9,10,11,6-10 anni,18,94,20,100,20,100,22,106,19,97,21,103,38,97,89,99
345,9.5,21,15,10,15,11,16,25,10,12,26,12,66,73,16,5,114,9;04-9;07,13,13,12,12,12,15,16,12,12,15,15,14,14,11,11,6-10 anni,26,117,24,112,28,124,30,129,28,122,22,106,50,117,118,123
346,9.5,7,5,6,11,12,19,21,7,8,22,8,66,67,13,6,114,9;04-9;07,6,6,9,9,13,17,13,9,9,14,12,14,13,10,13,6-10 anni,12,76,22,106,22,106,26,117,27,119,23,109,34,90,94,103
347,9.58333333333333,7,8,4,11,3,10,7,5,2,10,4,19,35,11,1,115,9;04-9;07,6,8,7,9,6,11,5,7,4,7,7,6,8,9,4,6-10 anni,14,82,15,86,12,76,14,83,14,83,13,79,29,82,63,78
348,9.58333333333333,28,21,19,20,9,12,14,8,14,19,12,55,49,21,7,115,9;04-9;07,17,17,19,16,10,12,9,10,14,12,15,12,10,13,15,6-10 anni,34,141,26,118,19,97,27,120,22,106,28,125,60,133,116,121
349,9.58333333333333,10,7,4,9,9,6,16,7,11,16,4,53,46,8,6,115,9;04-9;07,7,7,7,8,10,8,10,9,11,11,7,11,9,7,13,6-10 anni,14,82,18,94,19,97,18,94,20,100,20,100,32,87,80,92
350,9.58333333333333,24,14,10,13,9,13,14,11,7,31,8,41,27,24,4,115,9;04-9;07,15,12,12,11,10,12,9,13,9,18,12,9,7,15,9,6-10 anni,27,120,21,103,22,106,30,129,16,89,24,112,48,113,112,118
351,9.58333333333333,15,13,13,11,12,6,13,14,9,17,6,65,82,19,2,115,9;04-9;07,10,11,14,9,13,8,9,16,10,11,10,13,16,13,6,6-10 anni,21,103,22,106,25,115,21,103,29,125,19,97,43,105,105,112
352,9.58333333333333,14,15,11,9,4,8,17,5,9,8,5,37,43,5,4,115,9;04-9;07,9,13,12,8,6,10,11,7,10,6,9,8,9,5,9,6-10 anni,22,106,14,83,18,94,15,86,17,92,14,82,36,93,73,86
353,9.66666666666667,17,8,14,10,15,8,18,10,16,19,10,50,55,21,5,116,9;08-9;11,10,8,15,9,14,9,12,13,16,12,12,10,12,13,12,6-10 anni,18,94,23,109,25,115,24,111,22,106,25,116,41,102,101,109
354,9.66666666666667,22,8,5,8,7,13,18,2,10,17,5,54,58,19,5,116,9;08-9;11,12,8,7,7,8,12,12,4,9,10,7,11,12,12,12,6-10 anni,20,100,15,86,16,88,17,91,23,108,24,112,35,92,84,95
355,9.66666666666667,25,16,11,14,5,6,15,6,11,7,10,52,45,14,4,116,9;08-9;11,14,13,12,12,6,7,10,8,10,5,12,10,9,10,10,6-10 anni,27,120,18,94,18,94,17,91,19,97,20,100,45,108,88,98
356,9.66666666666667,16,12,10,10,10,7,7,2,9,13,6,35,58,8,1,116,9;08-9;11,9,11,12,9,10,8,5,4,8,8,8,6,12,7,3,6-10 anni,20,100,19,97,9,67,16,88,18,94,10,69,39,98,69,83
357,9.66666666666667,33,12,6,14,5,3,24,6,17,19,13,65,52,14,3,116,9;08-9;11,19,11,8,12,6,5,15,8,17,12,15,13,10,10,8,6-10 anni,30,129,18,94,23,109,27,120,23,108,18,94,48,113,106,113
358,9.66666666666667,21,15,8,13,11,16,24,8,13,19,8,65,61,12,7,116,9;08-9;11,12,13,10,11,11,15,15,10,12,12,10,13,13,9,16,6-10 anni,25,115,22,106,25,115,22,106,26,117,25,116,47,112,106,113
359,9.75,15,10,7,13,6,7,10,3,9,13,8,50,60,12,5,117,9;08-9;11,9,9,9,11,7,8,7,5,8,8,10,10,13,9,12,6-10 anni,18,94,18,94,12,76,18,94,23,108,21,103,36,93,75,88
360,9.75,15,8,11,13,6,9,20,5,10,16,8,59,50,7,5,117,9;08-9;11,9,8,12,11,7,9,13,7,9,10,10,11,10,6,12,6-10 anni,17,91,18,94,20,100,20,100,21,103,18,94,35,92,82,93
361,9.75,13,10,9,14,6,12,15,3,12,14,13,26,29,13,3,117,9;08-9;11,7,9,11,12,7,12,10,5,11,9,15,5,6,10,8,6-10 anni,16,88,19,97,15,85,24,111,11,75,18,94,35,92,74,87
362,9.75,22,16,7,8,7,3,13,12,10,19,9,38,33,15,4,117,9;08-9;11,12,13,9,7,8,5,9,15,9,12,10,7,7,10,10,6-10 anni,25,115,15,86,24,112,22,106,14,83,20,100,40,100,93,102
363,9.75,18,11,8,10,9,9,13,7,16,22,8,71,58,9,4,117,9;08-9;11,10,10,10,9,9,9,9,9,16,14,10,15,12,8,10,6-10 anni,20,100,18,94,18,94,24,111,27,119,18,94,38,97,93,102
364,9.75,21,10,13,15,3,8,20,10,15,24,10,63,56,20,5,117,9;08-9;11,12,9,14,12,5,9,13,13,15,14,12,13,12,13,12,6-10 anni,21,103,17,91,26,118,26,117,25,114,25,116,38,97,104,112
365,9.75,15,12,5,10,7,6,14,8,14,23,8,61,27,16,5,117,9;08-9;11,9,11,7,9,8,7,9,10,14,14,10,13,6,10,12,6-10 anni,20,100,17,91,19,97,24,111,19,97,22,106,37,95,93,102
366,9.83333333333333,14,13,9,13,13,9,23,9,10,26,15,75,56,28,5,118,9;08-9;11,8,11,11,11,13,9,14,11,9,15,18,16,12,17,12,6-10 anni,19,97,24,112,25,115,33,137,28,122,29,128,43,105,116,121
367,9.83333333333333,20,16,18,10,9,9,22,9,14,19,9,45,63,19,5,118,9;08-9;11,11,13,18,9,9,9,14,11,14,12,10,9,13,12,12,6-10 anni,24,112,18,94,25,115,22,106,22,106,24,112,42,103,100,108
368,9.83333333333333,18,19,13,11,7,14,20,10,11,21,12,49,31,9,4,118,9;08-9;11,10,16,14,9,8,13,13,13,10,13,14,10,7,8,10,6-10 anni,26,117,17,91,26,118,27,120,17,92,18,94,43,105,100,108
369,9.83333333333333,21,20,9,14,8,14,9,10,13,19,4,58,67,23,4,118,9;08-9;11,12,17,11,12,9,13,6,13,12,12,6,11,14,15,10,6-10 anni,29,126,21,103,19,97,18,94,25,114,25,116,50,117,107,114
370,9.83333333333333,21,6,11,16,11,12,14,9,8,11,5,55,27,20,1,118,9;08-9;11,12,6,12,13,11,12,9,11,7,7,7,11,6,13,3,6-10 anni,18,94,24,112,20,100,14,83,17,92,16,88,42,103,93,102
371,9.83333333333333,14,6,6,16,16,15,15,4,6,22,12,35,21,14,4,118,9;08-9;11,8,6,8,13,15,14,10,6,6,14,14,6,5,10,10,6-10 anni,14,82,28,124,16,88,28,123,11,75,20,100,42,103,88,98
372,9.83333333333333,23,10,6,14,12,12,13,12,8,8,6,29,41,9,4,118,9;08-9;11,13,9,8,12,12,12,9,15,7,6,8,5,8,8,10,6-10 anni,22,106,24,112,24,112,14,83,13,80,18,94,46,110,89,99
373,9.83333333333333,17,9,10,17,12,11,14,7,9,15,7,82,78,14,4,118,9;08-9;11,10,8,12,15,12,11,9,9,8,9,9,18,16,10,10,6-10 anni,18,94,27,121,18,94,18,94,34,139,20,100,45,108,100,108
374,9.83333333333333,6,3,2,3,3,3,5,5,7,5,4,44,46,2,2,118,9;08-9;11,4,4,3,3,5,5,4,7,7,4,6,9,9,4,6,6-10 anni,8,65,8,65,11,73,10,71,18,94,10,69,16,60,44,62
375,9.83333333333333,13,9,5,7,4,8,16,8,7,13,3,38,32,17,6,118,9;08-9;11,7,8,7,7,5,9,10,10,7,8,5,7,7,11,13,6-10 anni,15,85,12,77,20,100,13,80,14,83,24,112,27,78,73,86
376,9.83333333333333,9,11,7,12,9,18,9,6,10,18,7,43,54,23,4,118,9;08-9;11,6,10,9,10,9,16,6,8,9,12,9,9,10,15,10,6-10 anni,16,88,19,97,14,82,21,103,19,97,25,116,35,92,85,96
377,9.83333333333333,18,11,6,13,16,11,12,2,10,8,8,63,59,12,4,118,9;08-9;11,10,10,8,11,15,11,8,4,9,6,10,13,12,9,10,6-10 anni,20,100,26,118,12,76,16,88,25,114,19,97,46,110,86,97
378,9.91666666666667,27,20,12,18,17,15,21,9,8,20,12,53,60,17,5,119,9;08-9;11,15,17,13,16,16,14,13,11,7,13,14,10,13,11,12,6-10 anni,32,135,32,136,24,112,27,120,23,108,23,109,64,140,122,126
379,9.91666666666667,20,15,9,14,11,7,17,8,9,15,7,33,26,15,5,119,9;08-9;11,11,13,11,12,11,8,11,10,8,9,9,6,6,10,12,6-10 anni,24,112,23,109,21,103,18,94,12,78,22,106,47,112,93,102
380,9.91666666666667,24,14,12,16,15,16,18,9,13,24,10,39,30,26,2,119,9;08-9;11,14,12,13,13,14,15,12,11,12,14,12,7,6,16,6,6-10 anni,26,117,27,121,23,109,26,117,13,80,22,106,53,122,113,119
381,9.91666666666667,26,14,10,17,9,9,18,12,12,22,13,54,70,22,5,119,9;08-9;11,15,12,12,15,9,9,12,15,11,14,15,11,14,14,12,6-10 anni,27,120,24,112,27,121,29,126,25,114,26,119,51,118,117,122
382,9.91666666666667,15,11,7,11,11,13,13,9,9,13,4,49,40,6,4,119,9;08-9;11,9,10,9,9,11,12,9,11,8,8,6,10,8,6,10,6-10 anni,19,97,20,100,20,100,14,83,18,94,16,88,39,98,83,94
383,9.91666666666667,10,10,5,11,6,5,23,12,11,11,4,42,41,11,5,119,9;08-9;11,6,9,7,9,7,6,14,15,10,7,6,7,8,9,12,6-10 anni,15,85,16,89,29,127,13,80,15,86,21,103,31,85,83,94
384,9.91666666666667,17,10,9,8,9,8,19,6,12,19,4,52,63,13,3,119,9;08-9;11,10,9,11,7,9,9,12,8,11,12,6,10,13,10,8,6-10 anni,19,97,16,89,20,100,18,94,23,108,18,94,35,92,87,98
385,9.91666666666667,12,10,11,9,7,6,8,6,8,3,8,55,37,8,5,119,9;08-9;11,7,9,12,8,8,7,6,8,7,4,10,11,7,7,12,6-10 anni,16,88,16,89,14,82,14,83,18,94,19,97,32,87,68,82
386,9.91666666666667,15,7,6,3,13,7,10,6,5,14,5,43,30,9,1,119,9;08-9;11,9,7,8,3,13,8,7,8,5,9,7,9,6,8,3,6-10 anni,16,88,16,89,15,85,16,88,15,86,11,72,32,87,73,86
387,9.91666666666667,20,8,9,10,10,9,13,8,11,11,4,56,67,11,7,119,9;08-9;11,11,8,11,9,10,9,9,10,10,7,6,11,14,9,16,6-10 anni,19,97,19,97,19,97,13,80,25,114,25,116,38,97,84,95
388,9.91666666666667,20,10,7,9,9,9,16,9,12,18,4,60,58,14,4,119,9;08-9;11,11,9,9,8,9,9,10,11,11,12,6,13,12,10,10,6-10 anni,20,100,17,91,21,103,18,94,25,114,20,100,37,95,93,102
389,9.91666666666667,9,13,10,5,14,9,16,11,12,14,8,53,63,12,5,119,9;08-9;11,6,11,12,5,13,9,10,14,11,9,10,10,13,9,12,6-10 anni,17,91,18,94,24,112,19,97,23,108,21,103,35,92,87,98
390,9.91666666666667,10,4,3,9,8,9,3,10,5,12,8,28,50,2,2,119,9;08-9;11,6,5,4,8,9,9,3,13,5,8,10,5,10,4,6,6-10 anni,11,73,17,91,16,88,18,94,15,86,10,69,28,80,61,76
391,10,9,14,7,4,7,4,11,8,11,19,2,34,44,13,6,120,10;00-10;05,6,12,9,4,7,5,7,9,10,11,5,6,8,10,12,11-16 anni,18,94,11,73,16,88,16,88,14,83,22,106,29,82,72,85
392,10,20,16,6,6,14,15,19,10,11,23,6,73,49,17,3,120,10;00-10;05,10,13,8,5,12,13,11,11,10,13,9,13,9,12,8,11-16 anni,23,109,17,91,22,106,22,106,22,106,20,100,40,100,100,108
393,10,18,10,4,14,6,6,13,4,6,13,11,28,32,17,2,120,10;00-10;05,9,8,6,12,6,6,8,6,6,8,12,5,6,12,6,11-16 anni,17,91,18,94,14,82,20,100,11,74,18,93,35,92,74,86
394,10,15,14,10,14,12,8,13,12,10,13,8,50,39,14,5,120,10;00-10;05,8,12,12,12,11,8,8,13,9,8,10,9,7,10,11,11-16 anni,20,100,23,109,21,103,18,94,16,88,21,103,43,105,91,101
395,10,30,17,10,20,14,16,21,11,13,21,6,71,77,22,7,120,10;00-10;05,16,14,12,16,12,14,12,12,12,12,9,13,14,16,14,11-16 anni,30,129,28,123,24,112,21,103,27,120,30,131,58,130,123,128
396,10,27,12,10,11,10,11,11,6,5,15,10,66,49,13,5,120,10;00-10;05,14,11,12,9,9,10,7,7,5,9,11,12,9,10,11,11-16 anni,25,115,18,94,14,82,20,100,21,103,21,103,43,105,88,98
397,10,13,16,11,16,7,11,11,7,14,16,7,64,64,14,5,120,10;00-10;05,6,13,12,13,7,10,7,8,13,10,9,11,11,10,11,11-16 anni,19,97,20,100,15,85,19,97,22,106,21,103,39,98,85,96
398,10,23,16,6,16,13,9,19,11,13,12,10,70,49,17,3,120,10;00-10;05,12,13,8,13,12,8,11,12,12,8,11,13,9,12,8,11-16 anni,25,115,25,115,23,109,19,97,22,106,20,100,50,117,106,113
399,10,23,14,10,10,8,11,22,8,9,20,5,38,46,18,6,120,10;00-10;05,12,12,12,9,8,10,13,9,8,12,8,7,8,12,12,11-16 anni,24,112,17,91,22,106,20,100,15,86,24,112,41,102,94,103
400,10.0833333333333,12,5,5,12,12,10,14,8,6,9,12,43,49,9,7,121,10;00-10;05,6,4,7,10,11,9,8,9,6,6,13,8,9,7,14,11-16 anni,10,71,21,103,17,91,19,97,17,91,21,103,31,85,69,82
401,10.0833333333333,20,5,4,7,3,2,6,4,11,10,8,42,57,9,4,121,10;00-10;05,10,4,6,7,4,4,5,6,10,7,10,7,10,7,9,11-16 anni,14,83,11,73,11,74,17,91,17,91,16,87,25,75,57,72
402,10.0833333333333,19,5,7,8,11,15,12,8,9,10,3,78,65,14,2,121,10;00-10;05,10,4,9,7,10,13,7,9,8,7,6,14,11,10,6,11-16 anni,14,83,17,91,16,88,13,79,25,114,16,87,31,85,78,90
403,10.0833333333333,27,9,11,15,9,12,15,11,16,22,12,54,80,10,7,121,10;00-10;05,14,7,12,12,8,11,9,12,15,13,13,10,15,7,14,11-16 anni,21,103,20,100,21,103,26,118,25,114,21,103,41,102,92,102
404,10.0833333333333,25,19,14,21,12,17,18,9,15,24,13,71,57,16,5,121,10;00-10;05,13,17,15,17,11,14,11,10,14,13,14,13,10,11,11,11-16 anni,30,129,28,123,21,103,27,121,23,109,22,106,58,130,116,122
405,10.0833333333333,28,15,8,12,18,8,28,11,16,28,14,79,72,22,8,121,10;00-10;05,15,13,10,10,16,8,16,12,15,16,15,14,13,16,16,11-16 anni,28,123,26,118,28,124,31,133,27,120,32,138,54,123,128,132
406,10.0833333333333,21,13,8,10,11,4,22,12,15,18,15,69,45,16,7,121,10;00-10;05,11,11,10,9,10,5,13,13,14,11,17,12,8,11,14,11-16 anni,22,106,19,97,26,118,28,124,20,100,25,115,41,102,101,109
407,10.0833333333333,18,10,11,14,12,17,7,6,14,17,9,29,42,14,5,121,10;00-10;05,9,8,12,12,11,14,5,7,13,10,10,5,7,10,11,11-16 anni,17,91,23,109,12,76,20,100,12,77,21,103,40,100,77,89
408,10.0833333333333,13,10,4,11,4,4,12,11,8,15,6,69,49,4,2,121,10;00-10;05,6,8,6,9,4,5,7,12,7,9,9,12,9,3,6,11-16 anni,14,83,13,79,19,97,18,94,21,103,9,65,27,78,70,83
409,10.0833333333333,15,10,13,13,9,9,7,2,8,16,12,47,54,15,5,121,10;00-10;05,8,8,14,11,8,8,5,4,7,10,13,8,9,11,11,11-16 anni,16,88,19,97,9,68,23,109,17,91,22,106,35,92,73,85
410,10.0833333333333,7,8,2,9,4,8,5,4,7,3,5,13,24,8,3,121,10;00-10;05,5,7,4,8,4,8,4,6,7,3,8,4,4,6,8,11-16 anni,12,77,12,76,10,71,11,73,8,65,14,81,24,73,47,63
411,10.0833333333333,8,12,10,14,9,10,18,9,9,16,5,44,27,9,4,121,10;00-10;05,5,11,12,12,8,9,11,10,8,10,8,8,5,7,9,11-16 anni,16,88,20,100,21,103,18,94,13,80,16,87,36,93,82,93
412,10.0833333333333,16,8,14,10,11,7,19,8,13,18,4,71,51,12,4,121,10;00-10;05,8,7,15,9,10,7,11,9,12,11,7,13,9,8,9,11-16 anni,15,85,19,97,20,100,18,94,22,106,17,90,34,90,86,96
413,10.0833333333333,12,11,8,12,7,10,21,6,10,15,9,39,40,13,1,121,10;00-10;05,6,9,10,10,7,9,12,7,9,9,10,7,7,10,4,11-16 anni,15,85,17,91,19,97,19,97,14,83,14,81,32,87,77,89
414,10.1666666666667,26,16,10,13,9,12,9,6,15,16,10,68,60,14,5,122,10;00-10;05,14,13,12,11,8,11,6,7,14,10,11,12,11,10,11,11-16 anni,27,121,19,97,13,79,21,103,23,109,21,103,46,110,91,101
415,10.1666666666667,19,8,5,11,4,6,15,9,10,9,6,43,58,16,2,122,10;00-10;05,10,7,7,9,4,6,9,10,9,6,9,8,10,11,6,11-16 anni,17,91,13,79,19,97,15,85,18,94,17,90,30,83,74,86
416,10.1666666666667,20,15,13,12,12,14,21,11,8,9,10,65,46,23,6,122,10;00-10;05,10,13,14,10,11,12,12,12,7,6,11,11,8,17,12,11-16 anni,23,109,21,103,24,112,17,91,19,97,29,128,44,107,102,110
417,10.1666666666667,18,14,13,14,15,12,23,13,16,15,6,57,63,19,3,122,10;00-10;05,9,12,14,12,13,11,13,14,15,9,9,10,11,13,8,11-16 anni,21,103,25,115,27,121,18,94,21,103,21,103,46,110,105,113
418,10.1666666666667,23,15,11,18,13,12,10,2,7,17,7,35,75,20,7,122,10;00-10;05,12,13,12,15,12,11,6,4,7,10,9,6,13,15,14,11-16 anni,25,115,27,120,10,71,19,97,19,97,29,128,52,120,93,102
419,10.1666666666667,18,10,9,17,15,11,23,10,12,22,12,80,81,17,6,122,10;00-10;05,9,8,11,14,13,10,13,11,11,13,13,15,15,12,12,11-16 anni,17,91,27,120,24,112,26,118,30,129,24,112,44,107,108,115
420,10.1666666666667,24,11,7,16,13,14,20,9,10,25,11,64,59,15,7,122,10;00-10;05,13,9,9,13,12,12,12,10,9,14,12,11,10,11,14,11-16 anni,22,106,25,115,22,106,26,118,21,103,25,115,47,112,105,113
421,10.1666666666667,6,5,3,5,6,6,8,5,8,7,1,11,15,11,1,122,10;00-10;05,4,4,5,4,6,6,6,6,7,5,4,4,3,8,4,11-16 anni,8,65,10,71,12,76,9,67,7,62,12,74,18,63,47,63
422,10.1666666666667,19,14,8,6,8,11,21,6,14,24,9,66,57,10,7,122,10;00-10;05,10,12,10,5,8,10,12,7,13,13,10,12,10,7,14,11-16 anni,22,106,13,79,19,97,23,109,22,106,21,103,35,92,86,96
423,10.25,22,17,13,15,17,19,23,15,13,25,7,67,65,21,6,123,10;00-10;05,11,14,14,12,15,16,13,15,12,14,9,12,11,15,12,11-16 anni,25,115,27,120,28,124,23,109,23,109,27,122,52,120,121,126
424,10.25,23,15,8,17,11,13,17,8,12,23,8,77,71,13,6,123,10;00-10;05,12,13,10,14,10,11,10,9,11,13,10,14,13,10,12,11-16 anni,25,115,24,112,19,97,23,109,27,120,22,106,49,115,105,113
425,10.25,24,17,11,16,13,19,25,14,12,22,11,79,79,14,5,123,10;00-10;05,13,14,12,13,12,16,15,15,11,13,12,14,14,10,11,11-16 anni,27,121,25,115,30,130,25,115,28,123,21,103,52,120,119,124
426,10.25,15,16,3,15,13,15,22,9,16,23,6,55,49,10,4,123,10;00-10;05,8,13,5,12,12,13,13,10,15,13,9,10,9,7,9,11-16 anni,21,103,24,112,23,109,22,106,19,97,16,87,45,108,98,107
427,10.25,13,9,8,10,10,10,7,8,8,9,1,60,43,14,2,123,10;00-10;05,6,7,10,9,9,9,5,9,7,6,4,11,7,10,6,11-16 anni,13,80,18,94,14,82,10,70,18,94,16,87,31,85,72,85
428,10.25,32,13,6,20,11,17,28,14,15,24,14,79,72,13,6,123,10;00-10;05,17,11,8,16,10,14,16,15,14,13,15,14,13,10,12,11-16 anni,28,123,26,118,31,132,28,124,27,120,22,106,54,123,122,127
429,10.25,12,15,14,9,17,18,24,16,14,23,7,70,60,15,4,123,10;00-10;05,6,13,15,8,15,15,14,16,13,13,9,13,11,11,9,11-16 anni,19,97,23,109,30,130,22,106,24,111,20,100,42,103,109,116
430,10.3333333333333,18,9,4,14,10,14,15,4,12,10,2,31,46,16,3,124,10;00-10;05,9,7,6,12,9,12,9,6,11,7,5,5,8,11,8,11-16 anni,16,88,21,103,15,85,12,76,13,80,19,96,37,95,75,87
431,10.3333333333333,23,16,3,11,13,14,19,12,10,21,9,71,86,20,2,124,10;00-10;05,12,13,5,9,12,12,11,13,9,12,10,13,16,15,6,11-16 anni,25,115,21,103,24,112,22,106,29,126,21,103,46,110,110,117
432,10.3333333333333,17,14,10,11,14,9,22,7,8,22,11,30,36,14,8,124,10;00-10;05,9,12,12,9,12,8,13,8,7,13,12,5,6,10,16,11-16 anni,21,103,21,103,21,103,25,115,11,74,26,119,42,103,91,101
433,10.3333333333333,30,13,11,13,15,13,21,13,14,10,8,58,76,14,4,124,10;00-10;05,16,11,12,11,13,11,12,14,13,7,10,10,14,10,9,11-16 anni,27,121,24,112,26,118,17,91,24,111,19,96,51,118,104,112
434,10.3333333333333,20,13,14,4,12,8,14,8,10,13,8,56,46,4,6,124,10;00-10;05,10,11,15,4,11,8,8,9,9,8,10,10,8,3,12,11-16 anni,21,103,15,85,17,91,18,94,18,94,15,84,36,93,74,86
435,10.3333333333333,14,8,11,10,8,6,18,8,5,9,6,32,36,8,4,124,10;00-10;05,7,7,12,9,8,6,11,9,5,6,9,6,6,6,9,11-16 anni,14,83,17,91,20,100,15,85,12,77,15,84,31,85,69,82
436,10.3333333333333,18,12,11,11,11,13,20,13,11,12,6,60,82,7,7,124,10;00-10;05,9,11,12,9,10,11,12,14,10,8,9,11,15,4,14,11-16 anni,20,100,19,97,26,118,17,91,26,117,18,93,39,98,88,98
437,10.3333333333333,12,11,8,8,12,7,21,10,5,16,6,42,45,16,1,124,10;00-10;05,6,9,10,7,11,7,12,11,5,10,9,7,8,11,4,11-16 anni,15,85,18,94,23,109,19,97,15,86,15,84,33,88,84,95
438,10.3333333333333,19,7,7,11,5,9,13,5,7,14,5,32,45,11,3,124,10;00-10;05,10,6,9,9,5,8,8,6,7,9,8,6,8,8,8,11-16 anni,16,88,14,82,14,82,17,91,14,83,16,87,30,83,67,80
439,10.4166666666667,24,12,12,11,3,9,16,12,11,24,3,71,89,14,6,125,10;00-10;05,13,11,13,9,4,8,9,13,10,13,6,13,17,10,12,11-16 anni,24,112,13,79,22,106,19,97,30,129,22,106,37,95,95,104
440,10.4166666666667,22,7,8,14,9,12,18,13,15,19,7,74,71,14,3,125,10;00-10;05,11,6,10,12,8,11,11,14,14,11,9,13,13,10,8,11-16 anni,17,91,20,100,25,115,20,100,26,117,18,93,37,95,96,105
441,10.4166666666667,17,10,8,12,12,14,19,7,12,21,11,59,74,15,6,125,10;00-10;05,9,8,10,10,11,12,11,8,11,12,12,10,13,11,12,11-16 anni,17,91,21,103,19,97,24,112,23,109,23,109,38,97,90,100
442,10.4166666666667,21,13,7,7,10,5,21,13,15,16,12,71,73,17,7,125,10;00-10;05,11,11,9,7,9,6,12,14,14,10,13,13,13,12,14,11-16 anni,22,106,16,88,26,118,23,109,26,117,26,119,38,97,99,108
443,10.5,25,15,12,16,12,12,15,10,11,22,12,45,68,18,4,126,10;06-10;11,14,12,12,13,12,11,10,11,10,12,14,9,13,12,10,11-16 anni,26,118,25,115,21,103,26,118,22,106,22,106,51,118,105,113
444,10.5,8,9,9,9,11,10,11,4,9,14,8,45,59,16,5,126,10;06-10;11,5,8,10,8,11,9,8,6,8,8,10,9,11,11,11,11-16 anni,13,80,19,97,14,82,18,94,20,100,22,106,32,87,74,86
445,10.5,12,5,7,15,7,9,10,4,8,14,7,35,41,18,3,126,10;06-10;11,7,6,9,12,7,8,6,6,7,8,9,6,8,12,9,11-16 anni,13,80,19,97,12,76,17,91,14,83,21,103,32,87,70,83
446,10.5,23,13,14,9,7,7,13,9,11,14,7,61,55,15,6,126,10;06-10;11,13,11,14,8,7,7,9,10,10,8,9,12,11,11,12,11-16 anni,24,112,15,85,19,97,17,91,23,109,23,109,39,98,89,99
447,10.5,17,13,8,12,12,17,12,9,6,11,9,76,60,6,5,126,10;06-10;11,10,11,10,10,12,13,8,10,6,6,10,15,12,6,11,11-16 anni,21,103,22,106,18,94,16,88,27,120,17,90,43,105,88,98
448,10.5,19,10,5,14,11,7,17,10,9,9,2,36,51,12,6,126,10;06-10;11,11,9,7,12,11,7,11,11,8,5,4,6,10,9,12,11-16 anni,20,100,23,109,22,106,9,67,16,88,21,103,43,105,85,96
449,10.5,16,11,2,4,9,12,14,6,8,22,11,49,59,15,4,126,10;06-10;11,9,10,5,5,8,11,9,8,7,12,12,10,11,11,10,11-16 anni,19,97,13,79,17,91,24,112,21,103,21,103,32,87,82,93
450,10.5,18,8,10,6,9,7,12,7,4,20,11,34,42,8,1,126,10;06-10;11,10,8,11,6,8,7,8,8,4,11,12,6,8,7,5,11-16 anni,18,94,14,82,16,88,23,109,14,83,12,74,32,87,72,85
451,10.5,18,11,6,12,12,13,16,6,13,18,5,60,83,15,6,126,10;06-10;11,10,10,8,10,12,11,10,8,12,10,7,12,17,11,12,11-16 anni,20,100,22,106,18,94,17,91,29,126,23,109,42,103,93,102
452,10.5,30,21,17,15,7,14,17,15,11,17,11,68,55,25,7,126,10;06-10;11,18,16,15,12,7,12,11,15,10,9,12,13,11,17,14,11-16 anni,34,141,19,97,26,118,21,103,24,111,31,134,53,122,118,124
453,10.5,19,13,10,9,13,7,13,11,17,25,13,54,50,13,3,126,10;06-10;11,11,11,11,8,13,7,9,12,16,13,15,11,10,10,9,11-16 anni,22,106,21,103,21,103,28,124,21,103,19,96,43,105,98,107
454,10.5,16,11,4,6,3,9,5,5,9,8,0,30,39,6,2,126,10;06-10;11,9,10,6,6,4,8,3,7,8,5,2,5,8,6,7,11-16 anni,19,97,10,71,10,71,7,61,13,80,13,77,29,82,55,70
455,10.5,5,5,2,10,5,3,8,4,8,12,3,17,20,13,1,126,10;06-10;11,3,6,5,9,5,5,5,6,7,7,5,3,5,10,5,11-16 anni,9,68,14,82,11,74,12,76,8,65,15,84,23,72,54,69
456,10.5833333333333,16,5,8,5,7,14,16,7,6,19,9,57,33,11,3,127,10;06-10;11,9,6,10,5,7,12,10,8,6,10,10,11,7,9,9,11-16 anni,15,85,12,76,18,94,20,100,18,94,18,93,27,78,75,87
457,10.5833333333333,13,8,12,17,12,20,18,9,13,22,10,58,71,10,3,127,10;06-10;11,7,8,12,14,12,16,12,10,12,12,11,11,14,8,9,11-16 anni,15,85,26,118,22,106,23,109,25,114,17,90,41,102,94,103
458,10.5833333333333,24,14,11,14,12,14,17,9,18,18,11,59,80,23,5,127,10;06-10;11,14,12,11,12,12,12,11,10,17,10,12,11,17,16,11,11-16 anni,26,118,24,112,21,103,22,106,28,123,27,122,50,117,108,115
459,10.5833333333333,13,5,7,8,6,3,9,5,7,11,6,48,70,14,3,127,10;06-10;11,7,6,9,7,6,5,5,7,7,6,8,9,13,10,9,11-16 anni,13,80,13,79,12,76,14,82,22,106,19,96,26,77,63,77
460,10.5833333333333,11,13,10,11,11,5,16,6,5,14,8,58,45,10,5,127,10;06-10;11,7,11,11,9,11,6,10,8,5,8,10,11,9,8,11,11-16 anni,18,94,20,100,18,94,18,94,20,100,19,96,38,97,83,94
461,10.6666666666667,21,18,16,15,17,15,20,16,14,31,10,74,82,14,5,128,10;06-10;11,12,14,15,12,16,13,13,16,13,17,11,14,17,10,11,11-16 anni,26,118,28,123,29,127,28,124,31,132,21,103,54,123,124,129
462,10.6666666666667,20,7,9,10,13,16,20,12,12,17,10,49,35,11,5,128,10;06-10;11,11,7,10,9,13,13,13,13,11,9,11,10,7,9,11,11-16 anni,18,94,22,106,26,118,20,100,17,91,20,100,40,100,94,103
463,10.6666666666667,16,10,5,12,11,6,13,11,7,14,6,32,51,12,1,128,10;06-10;11,9,9,7,10,11,6,9,12,7,8,8,6,10,9,5,11-16 anni,18,94,21,103,21,103,16,88,16,88,14,81,39,98,83,94
464,10.6666666666667,4,9,6,8,10,9,13,5,9,17,4,32,25,9,3,128,10;06-10;11,2,8,8,7,9,8,9,7,8,9,6,6,6,8,9,11-16 anni,10,71,16,88,16,88,15,85,12,77,17,90,26,77,65,79
465,10.6666666666667,21,16,13,13,11,16,17,9,15,24,15,53,64,26,7,128,10;06-10;11,12,12,13,11,11,13,11,10,14,12,18,10,12,18,14,11-16 anni,24,112,22,106,21,103,30,130,22,106,32,138,46,110,107,114
466,10.6666666666667,20,10,5,15,13,16,17,9,11,25,8,74,50,13,5,128,10;06-10;11,11,9,7,12,13,13,11,10,10,13,10,14,10,10,11,11-16 anni,20,100,25,115,21,103,23,109,24,111,21,103,45,108,103,111
467,10.6666666666667,12,15,9,11,14,12,17,15,15,23,4,54,46,19,6,128,10;06-10;11,7,12,10,9,13,11,11,15,14,12,6,11,9,13,12,11-16 anni,19,97,22,106,26,118,18,94,20,100,25,115,41,102,103,111
468,10.6666666666667,23,12,9,13,14,18,21,7,11,23,10,56,57,20,5,128,10;06-10;11,13,11,10,11,13,14,13,8,10,12,11,11,11,14,11,11-16 anni,24,112,24,112,21,103,23,109,22,106,25,115,48,113,106,113
469,10.6666666666667,19,3,6,11,14,9,19,2,8,15,10,54,43,12,2,128,10;06-10;11,11,5,8,9,13,8,12,4,7,8,11,11,8,9,7,11-16 anni,16,88,22,106,16,88,19,97,19,97,16,87,38,97,82,93
470,10.6666666666667,17,15,10,16,14,12,18,9,12,20,9,54,43,16,7,128,10;06-10;11,10,12,11,13,13,11,12,10,11,11,10,11,8,11,14,11-16 anni,22,106,26,118,22,106,21,103,19,97,25,115,48,113,103,111
471,10.75,18,15,6,16,13,6,20,11,13,17,11,70,71,22,8,129,10;06-10;11,10,12,8,13,13,6,13,12,12,9,12,14,14,15,16,11-16 anni,22,106,26,118,25,115,21,103,28,123,31,134,48,113,111,118
472,10.75,18,18,13,19,10,13,17,13,14,21,12,55,58,12,6,129,10;06-10;11,10,14,13,16,9,11,11,14,13,11,14,11,11,9,12,11-16 anni,24,112,25,115,25,115,25,115,22,106,21,103,49,115,105,113
473,10.75,22,8,13,15,8,6,13,7,8,18,10,41,45,21,2,129,10;06-10;11,12,8,13,12,8,6,9,8,7,10,11,7,9,14,7,11-16 anni,20,100,20,100,17,91,21,103,16,88,21,103,40,100,88,98
474,10.75,18,15,13,16,12,2,8,9,9,13,10,45,57,16,5,129,10;06-10;11,10,12,13,13,12,4,5,10,8,7,11,9,11,11,11,11-16 anni,22,106,25,115,15,85,18,94,20,100,22,106,47,112,89,99
475,10.75,17,9,5,13,5,7,11,7,14,8,7,28,27,12,5,129,10;06-10;11,10,8,7,11,5,7,8,8,13,5,9,5,6,9,11,11-16 anni,18,94,16,88,16,88,14,82,11,74,20,100,34,90,69,82
476,10.75,16,16,10,20,16,19,19,10,10,28,9,57,74,11,5,129,10;06-10;11,9,12,11,16,15,15,12,11,9,16,10,11,14,9,11,11-16 anni,21,103,31,132,23,109,26,118,25,114,20,100,52,120,111,118
477,10.75,12,10,9,10,8,12,22,8,11,25,5,59,50,22,3,129,10;06-10;11,7,9,10,9,8,11,14,9,10,13,7,11,10,15,9,11-16 anni,16,88,17,91,23,109,20,100,21,103,24,112,33,88,95,104
478,10.75,22,18,12,18,14,16,25,17,13,32,12,50,55,20,8,129,10;06-10;11,12,14,12,15,13,13,17,17,12,18,14,10,11,14,16,11-16 anni,26,118,28,123,34,141,32,136,21,103,30,131,54,123,130,134
479,10.75,15,5,4,3,2,8,8,5,5,10,10,37,32,12,3,129,10;06-10;11,9,6,6,3,2,8,5,7,5,6,11,6,7,9,9,11-16 anni,15,85,5,56,12,76,17,91,13,80,18,93,20,67,53,68
480,10.75,23,9,8,10,10,9,17,9,8,17,6,59,59,5,3,129,10;06-10;11,13,8,10,9,9,8,11,10,7,9,8,11,11,5,9,11-16 anni,21,103,18,94,21,103,17,91,22,106,14,81,39,98,85,96
481,10.8333333333333,14,13,8,12,11,10,10,5,11,17,9,51,38,11,4,130,10;06-10;11,8,11,10,10,11,9,6,7,10,9,10,10,8,9,10,11-16 anni,19,97,21,103,13,79,19,97,18,94,19,96,40,100,81,92
482,10.8333333333333,10,15,4,11,13,15,17,12,11,17,8,61,46,8,2,130,10;06-10;11,6,12,6,9,13,13,11,13,10,9,10,12,9,7,7,11-16 anni,18,94,22,106,24,112,19,97,21,103,14,81,40,100,92,102
483,10.8333333333333,16,6,9,11,10,12,16,6,13,22,8,49,75,15,4,130,10;06-10;11,9,6,10,9,9,11,10,8,12,12,10,10,14,11,10,11-16 anni,15,85,18,94,18,94,22,106,24,111,21,103,33,88,84,95
484,10.8333333333333,22,15,8,11,8,15,12,12,7,21,12,76,35,15,6,130,10;06-10;11,12,12,10,9,8,13,8,13,7,11,14,15,7,11,12,11-16 anni,24,112,17,91,21,103,25,115,22,106,23,109,41,102,99,108
485,10.8333333333333,23,18,9,17,12,8,17,11,8,17,10,43,25,16,5,130,10;06-10;11,13,14,10,14,12,8,11,12,7,9,11,9,6,11,11,11-16 anni,27,121,26,118,23,109,20,100,15,86,22,106,53,122,105,113
486,10.8333333333333,13,10,8,13,11,8,22,11,12,11,6,60,29,9,5,130,10;06-10;11,7,9,10,11,11,8,14,12,11,6,8,12,6,8,11,11-16 anni,16,88,22,106,26,118,14,82,18,94,19,96,38,97,90,100
487,10.8333333333333,21,19,16,14,14,15,14,9,15,21,13,52,56,10,5,130,10;06-10;11,12,15,15,12,13,13,9,10,14,11,15,10,11,8,11,11-16 anni,27,121,25,115,19,97,26,118,21,103,19,96,52,120,100,108
488,10.9166666666667,12,3,4,11,12,11,18,3,9,21,2,64,49,13,4,131,10;06-10;11,7,5,6,9,12,10,12,5,8,11,4,12,10,10,10,11-16 anni,12,77,21,103,17,91,15,85,22,106,20,100,33,88,83,94
489,10.9166666666667,29,18,20,15,14,18,22,9,11,27,11,82,67,18,7,131,10;06-10;11,17,14,18,12,13,14,14,10,10,15,12,16,13,12,14,11-16 anni,31,132,25,115,24,112,27,121,29,126,26,119,56,127,123,128
490,10.9166666666667,17,5,3,8,12,16,13,9,9,13,7,43,47,7,3,131,10;06-10;11,10,6,5,7,12,13,9,10,8,7,9,9,9,6,9,11-16 anni,16,88,19,97,19,97,16,88,18,94,15,84,35,92,76,88
491,10.9166666666667,18,7,4,6,7,6,13,9,10,9,7,50,45,8,5,131,10;06-10;11,10,7,6,6,7,6,9,10,9,5,9,10,9,7,11,11-16 anni,17,91,13,79,19,97,14,82,19,97,18,93,30,83,71,84
492,10.9166666666667,17,6,4,9,8,10,15,13,7,18,5,53,53,10,2,131,10;06-10;11,10,6,6,8,8,9,10,14,7,10,7,10,10,8,7,11-16 anni,16,88,16,88,24,112,17,91,20,100,15,84,32,87,84,95
493,10.9166666666667,14,9,5,11,10,7,14,6,10,8,3,77,58,6,2,131,10;06-10;11,8,8,7,9,9,7,9,8,9,5,5,15,11,6,7,11-16 anni,16,88,18,94,17,91,10,70,26,117,13,77,34,90,77,89
494,10.9166666666667,17,19,13,18,12,21,17,11,15,24,11,61,50,20,5,131,10;06-10;11,10,15,13,15,12,16,11,12,14,12,12,12,10,14,11,11-16 anni,25,115,27,120,23,109,24,112,22,106,25,115,52,120,113,119
495,10.9166666666667,23,18,16,11,10,9,26,11,16,20,6,31,54,20,4,131,10;06-10;11,13,14,15,9,9,8,17,12,15,11,8,5,10,14,10,11-16 anni,27,121,18,94,29,127,19,97,15,86,24,112,45,108,104,112
496,10.9166666666667,17,6,9,8,7,9,11,7,7,22,3,10,18,8,1,131,10;06-10;11,10,6,10,7,7,8,8,8,7,12,5,3,5,7,5,11-16 anni,16,88,14,82,16,88,17,91,8,65,12,74,30,83,68,81
497,10.9166666666667,16,9,7,15,4,13,24,14,15,15,6,58,47,7,0,131,10;06-10;11,9,8,9,12,4,11,16,15,14,8,8,11,9,6,4,11-16 anni,17,91,16,88,31,132,16,88,20,100,10,68,33,88,89,99
498,10.9166666666667,22,17,12,13,7,13,10,5,8,15,8,60,28,15,2,131,10;06-10;11,12,13,12,11,7,11,6,7,7,8,10,12,6,11,7,11-16 anni,25,115,18,94,13,79,18,94,18,94,18,93,43,105,87,97
499,11,25,13,7,17,13,12,12,6,13,26,11,57,62,11,4,132,11;00-11;05,13,10,8,13,12,11,6,7,12,13,12,10,11,8,8,11-16 anni,23,109,25,115,13,79,25,115,21,103,16,87,48,113,92,102
500,11,14,15,6,15,15,10,14,8,7,23,2,47,75,17,7,132,11;00-11;05,7,12,7,11,13,9,7,9,7,11,4,8,13,11,13,11-16 anni,19,97,24,112,16,88,15,85,21,103,24,112,43,105,89,99
501,11,15,19,16,18,16,15,22,5,13,25,11,70,67,16,5,132,11;00-11;05,8,15,15,14,14,13,12,6,12,13,12,13,12,10,10,11-16 anni,23,109,28,123,18,94,25,115,25,114,20,100,51,118,105,113
502,11,21,11,14,19,13,14,20,12,7,26,13,44,39,18,7,132,11;00-11;05,11,9,13,15,12,12,11,12,7,13,14,8,6,11,13,11-16 anni,20,100,27,120,23,109,27,121,14,83,24,112,47,112,102,110
503,11,10,17,10,15,9,13,27,13,12,12,5,62,57,12,5,132,11;00-11;05,5,13,11,11,9,11,15,13,11,5,7,11,10,8,10,11-16 anni,18,94,20,100,28,124,12,76,21,103,18,93,38,97,90,100
504,11,31,17,16,15,17,18,17,11,9,19,14,64,80,15,5,132,11;00-11;05,17,13,15,11,15,16,9,11,8,9,15,11,15,10,10,11-16 anni,30,129,26,118,20,100,24,112,26,117,20,100,56,127,106,113
505,11,20,16,10,11,8,8,21,11,11,22,11,60,68,7,6,132,11;00-11;05,10,12,11,7,9,8,11,11,10,11,12,11,12,5,11,11-16 anni,22,106,16,88,22,106,23,109,23,109,16,87,38,97,87,97
506,11,23,16,10,16,14,13,26,11,12,14,12,59,72,21,7,132,11;00-11;05,12,12,11,12,12,11,14,11,11,6,13,10,13,12,13,11-16 anni,24,112,24,112,25,115,19,97,23,109,25,115,48,113,101,109
507,11,28,14,13,16,15,11,23,13,13,18,4,59,83,25,6,132,11;00-11;05,15,11,13,12,13,10,12,13,12,9,6,10,15,15,11,11-16 anni,26,118,25,115,25,115,15,85,25,114,26,119,51,118,110,117
508,11.0833333333333,20,18,15,16,10,12,23,16,13,20,12,63,47,22,5,133,11;00-11;05,10,14,14,12,10,11,12,15,12,10,13,11,8,13,10,11-16 anni,24,112,22,106,27,121,23,109,19,97,23,109,46,110,107,114
509,11.0833333333333,19,15,5,10,4,12,19,11,9,18,9,22,52,21,5,133,11;00-11;05,10,12,6,7,5,11,10,11,8,9,10,4,9,12,10,11-16 anni,22,106,12,76,21,103,19,97,13,80,22,106,34,90,80,91
510,11.0833333333333,15,12,8,12,4,13,6,6,13,16,8,30,48,6,2,133,11;00-11;05,8,10,9,8,5,11,3,7,12,8,10,5,8,5,5,11-16 anni,18,94,13,79,10,71,18,94,13,80,10,68,31,85,59,74
511,11.0833333333333,26,17,16,14,10,9,22,15,16,29,13,68,67,24,7,133,11;00-11;05,14,13,15,11,10,8,12,14,14,15,14,12,12,14,13,11-16 anni,27,121,21,103,26,118,29,127,24,111,27,122,48,113,115,121
512,11.0833333333333,19,11,11,14,10,12,18,12,14,27,5,60,68,20,7,133,11;00-11;05,10,9,11,11,10,11,10,12,13,14,7,11,12,12,13,11-16 anni,19,97,21,103,22,106,21,103,23,109,25,115,40,100,99,108
513,11.0833333333333,28,17,12,20,17,15,26,13,15,25,12,77,72,20,7,133,11;00-11;05,15,13,12,15,15,13,14,13,13,13,13,14,13,12,13,11-16 anni,28,123,30,129,27,121,26,118,27,120,25,115,58,130,124,129
514,11.0833333333333,23,15,11,16,13,11,20,9,16,24,7,79,76,20,5,133,11;00-11;05,12,12,11,12,12,10,11,9,14,11,9,14,14,12,10,11-16 anni,24,112,24,112,20,100,20,100,28,123,22,106,48,113,105,113
515,11.0833333333333,25,15,12,13,12,6,26,7,12,23,6,59,71,22,6,133,11;00-11;05,13,12,12,10,12,6,14,8,11,11,8,10,13,13,11,11-16 anni,25,115,22,106,22,106,19,97,23,109,24,112,47,112,103,111
516,11.0833333333333,18,14,8,13,5,7,10,2,2,11,3,41,39,9,3,133,11;00-11;05,9,11,9,10,6,7,5,3,2,4,5,7,6,7,7,11-16 anni,20,100,16,88,8,65,9,67,13,80,14,81,36,93,62,76
517,11.1666666666667,9,10,4,9,4,6,11,4,4,16,3,33,42,12,6,134,11;00-11;05,5,7,6,6,5,6,6,5,4,8,5,6,6,8,11,11-16 anni,12,77,11,73,11,74,13,79,12,77,19,96,23,72,56,71
518,11.1666666666667,14,7,4,2,2,5,11,10,7,14,2,52,61,7,3,134,11;00-11;05,7,5,6,2,5,5,6,10,7,6,4,9,11,5,7,11-16 anni,12,77,7,62,16,88,10,70,20,100,12,74,19,65,55,70
519,11.1666666666667,18,13,2,7,10,7,17,14,10,20,5,69,57,19,4,134,11;00-11;05,9,10,4,5,10,7,9,14,9,10,7,12,10,12,8,11-16 anni,19,97,15,85,23,109,17,91,22,106,20,100,34,90,91,101
520,11.1666666666667,26,13,12,19,12,12,17,18,14,25,11,70,76,17,6,134,11;00-11;05,14,10,12,15,12,11,9,17,13,13,12,13,14,11,11,11-16 anni,24,112,27,120,26,118,25,115,27,120,22,106,51,118,114,120
521,11.1666666666667,18,16,13,12,8,14,22,8,10,20,9,32,30,13,5,134,11;00-11;05,9,12,13,8,9,12,12,9,9,10,10,6,4,9,10,11-16 anni,21,103,17,91,21,103,20,100,10,71,19,96,38,97,84,95
522,11.1666666666667,13,8,12,13,7,8,12,11,10,14,8,82,70,20,8,134,11;00-11;05,6,6,12,10,8,8,6,11,9,6,10,15,12,12,15,11-16 anni,12,77,18,94,17,91,16,88,27,120,27,122,30,83,80,91
523,11.1666666666667,11,3,3,8,2,6,14,9,10,20,5,50,46,16,7,134,11;00-11;05,6,2,5,5,5,6,7,9,9,10,7,9,8,10,13,11-16 anni,8,65,10,71,16,88,17,91,17,91,23,109,18,63,63,77
524,11.1666666666667,16,12,5,16,11,13,19,10,12,22,8,55,78,11,4,134,11;00-11;05,8,10,6,12,11,11,10,10,11,11,10,10,14,8,8,11-16 anni,18,94,23,109,20,100,21,103,24,111,16,87,41,102,90,100
525,11.25,15,14,8,6,5,13,20,9,9,10,3,25,50,10,5,135,11;00-11;05,8,11,9,4,6,11,11,9,8,4,5,4,9,7,10,11-16 anni,19,97,10,71,20,100,9,67,13,80,17,90,29,82,64,78
526,11.25,15,8,12,16,9,13,15,11,12,20,10,50,57,23,6,135,11;00-11;05,8,6,12,12,9,11,8,11,11,10,11,9,10,14,11,11-16 anni,14,83,21,103,19,97,21,103,19,97,25,115,35,92,87,97
527,11.25,19,17,7,11,9,17,14,8,8,18,6,45,42,12,7,135,11;00-11;05,10,13,8,7,9,14,7,9,7,9,8,8,6,8,13,11-16 anni,23,109,16,88,16,88,17,91,14,83,21,103,39,98,80,91
528,11.25,23,11,5,11,10,6,17,10,10,16,6,44,25,7,5,135,11;00-11;05,12,9,6,7,10,6,9,10,9,8,8,8,4,5,10,11-16 anni,21,103,17,91,19,97,16,88,12,77,15,84,38,97,78,90
529,11.25,29,17,15,16,16,13,24,13,16,24,14,80,73,17,2,135,11;00-11;05,15,13,14,12,14,11,13,13,14,11,15,15,13,11,5,11-16 anni,28,123,26,118,26,118,26,118,28,123,16,87,54,123,117,123
530,11.25,16,13,9,16,8,9,17,4,11,26,10,40,35,15,3,135,11;00-11;05,8,10,10,12,9,8,9,5,10,13,11,7,5,10,7,11-16 anni,18,94,21,103,14,82,24,112,12,77,17,90,39,98,83,94
531,11.25,19,6,7,8,4,3,15,12,15,15,3,38,38,15,1,135,11;00-11;05,10,4,8,5,5,4,8,12,13,6,5,7,6,10,3,11-16 anni,14,83,10,71,20,100,11,73,13,80,13,77,24,73,67,80
532,11.25,17,6,3,14,18,20,23,8,13,26,8,67,58,17,5,135,11;00-11;05,9,4,5,11,16,18,12,9,12,13,10,12,10,11,10,11-16 anni,13,80,27,120,21,103,23,109,22,106,21,103,40,100,97,106
533,11.25,18,19,9,13,13,13,24,8,12,19,15,68,63,17,4,135,11;00-11;05,9,15,10,10,12,11,13,9,11,9,17,12,11,11,8,11-16 anni,24,112,22,106,22,106,26,118,23,109,19,96,46,110,100,108
534,11.3333333333333,21,19,10,13,12,15,22,9,13,26,7,48,60,13,4,136,11;00-11;05,11,15,11,10,12,13,12,9,12,13,9,8,11,9,8,11-16 anni,26,118,22,106,21,103,22,106,19,97,17,90,48,113,99,108
535,11.3333333333333,9,11,8,12,5,8,13,3,6,20,13,53,51,8,2,136,11;00-11;05,5,9,9,8,6,8,7,4,6,10,14,9,9,6,5,11-16 anni,14,83,14,82,11,74,24,112,18,94,11,71,28,80,64,78
536,11.3333333333333,26,17,12,16,16,13,15,8,9,27,12,71,52,21,7,136,11;00-11;05,14,13,12,12,14,11,8,9,8,14,13,13,9,12,13,11-16 anni,27,121,26,118,17,91,27,121,22,106,25,115,53,122,109,116
537,11.3333333333333,18,9,7,20,10,5,12,9,5,17,9,69,44,10,5,136,11;00-11;05,9,6,8,15,10,5,6,9,5,8,10,12,8,7,10,11-16 anni,15,85,25,115,15,85,18,94,20,100,17,90,40,100,82,93
538,11.3333333333333,22,8,6,9,6,11,22,10,14,17,8,72,48,10,4,136,11;00-11;05,11,6,7,6,7,10,12,10,13,8,10,13,8,7,8,11-16 anni,17,91,13,79,22,106,18,94,21,103,15,84,30,83,80,91
539,11.4166666666667,16,13,6,9,9,14,17,6,14,17,7,41,43,16,1,137,11;00-11;05,8,10,7,6,9,12,9,7,13,8,9,7,6,10,3,11-16 anni,18,94,15,85,16,88,17,91,13,80,13,77,33,88,74,86
540,11.4166666666667,27,11,16,19,11,13,23,13,15,31,9,72,65,19,7,137,11;00-11;05,14,9,15,15,11,11,12,13,13,17,10,13,11,12,13,11-16 anni,23,109,26,118,25,115,27,121,24,111,25,115,49,115,116,122
541,11.4166666666667,28,17,14,14,10,14,25,9,17,11,9,76,68,25,8,137,11;00-11;05,15,13,13,11,10,12,14,9,15,4,10,14,12,15,15,11-16 anni,28,123,21,103,23,109,14,82,26,117,30,131,49,115,105,113
542,11.4166666666667,22,8,12,17,14,11,14,8,10,27,10,60,40,14,5,137,11;00-11;05,11,6,12,13,12,10,7,9,9,14,11,11,6,9,10,11-16 anni,17,91,25,115,16,88,25,115,17,91,19,96,42,103,92,102
543,11.4166666666667,17,11,11,16,9,13,26,8,15,17,9,59,57,13,2,137,11;00-11;05,9,9,11,12,9,11,14,9,13,8,10,10,10,9,5,11-16 anni,18,94,21,103,23,109,18,94,20,100,14,81,39,98,89,99
544,11.4166666666667,16,9,5,14,6,11,11,9,10,20,12,82,68,21,4,137,11;00-11;05,8,6,6,11,7,10,6,9,9,10,13,15,12,12,8,11-16 anni,14,83,18,94,15,85,23,109,27,120,20,100,32,87,84,95
545,11.4166666666667,17,19,11,16,8,10,26,13,11,21,9,78,82,24,6,137,11;00-11;05,9,15,11,12,9,9,14,13,10,10,10,14,15,14,11,11-16 anni,24,112,21,103,27,121,20,100,29,126,25,115,45,108,110,117
546,11.4166666666667,18,15,9,14,12,6,24,8,13,22,9,61,52,21,5,137,11;00-11;05,9,12,10,11,12,6,13,9,12,11,10,11,9,12,10,11-16 anni,21,103,23,109,22,106,21,103,20,100,22,106,44,107,100,108
547,11.5,14,11,11,12,10,14,16,10,10,15,6,62,72,16,7,138,11;06-11;11,6,8,10,9,8,12,8,11,8,7,8,11,12,10,13,11-16 anni,14,83,17,91,19,97,15,85,23,109,23,109,31,85,78,90
548,11.5,8,13,8,6,11,8,12,9,11,9,4,56,42,8,1,138,11;06-11;11,3,9,8,5,9,7,6,10,9,4,6,10,6,6,3,11-16 anni,12,77,14,82,16,88,10,70,16,88,9,65,26,77,62,76
549,11.5,24,17,15,15,13,10,17,13,10,31,16,81,61,22,4,138,11;06-11;11,12,12,14,10,12,8,10,14,8,15,17,14,10,14,8,11-16 anni,24,112,22,106,24,112,32,136,24,111,22,106,46,110,113,119
550,11.5,23,10,13,6,12,4,20,10,4,11,10,63,50,11,5,138,11;06-11;11,11,7,12,5,11,3,12,11,2,5,11,11,8,8,10,11-16 anni,18,94,16,88,23,109,16,88,19,97,18,93,34,90,81,92
551,11.5,26,6,10,13,8,12,16,9,15,18,6,46,41,8,7,138,11;06-11;11,13,3,10,9,6,11,8,10,13,9,8,8,6,6,13,11-16 anni,16,88,15,85,18,94,17,91,14,83,19,96,31,85,72,85
552,11.5,28,20,18,23,18,21,21,17,17,25,11,81,73,23,7,138,11;06-11;11,14,16,16,17,17,17,12,16,15,12,12,14,12,14,13,11-16 anni,30,129,34,141,28,124,24,112,26,117,27,122,64,140,132,136
553,11.5,25,18,13,22,12,17,20,9,14,24,7,83,72,25,8,138,11;06-11;11,12,14,12,16,11,14,12,10,12,11,9,14,12,15,15,11-16 anni,26,118,27,120,22,106,20,100,26,117,30,131,53,122,115,121
554,11.5,26,15,6,14,16,5,19,12,14,22,8,57,63,9,6,138,11;06-11;11,13,11,6,10,15,4,11,13,12,11,10,10,10,7,11,11-16 anni,24,112,25,115,24,112,21,103,20,100,18,93,49,115,101,109
555,11.5,26,17,15,19,14,14,24,12,15,24,14,83,82,21,6,138,11;06-11;11,13,12,14,14,12,12,14,13,13,11,14,14,14,13,11,11-16 anni,25,115,26,118,27,121,25,115,28,123,24,112,51,118,116,122
556,11.5,19,14,10,19,11,11,12,5,12,23,1,56,29,7,2,138,11;06-11;11,9,10,10,14,9,9,6,6,10,11,3,10,5,5,5,11-16 anni,19,97,23,109,12,76,14,82,15,86,10,68,42,103,80,91
557,11.5,25,13,8,17,8,12,21,11,15,16,5,78,75,23,5,138,11;06-11;11,12,9,8,12,6,11,12,12,13,8,7,13,12,14,10,11-16 anni,21,103,18,94,24,112,15,85,25,114,24,112,39,98,98,107
558,11.5,19,14,12,18,13,13,17,8,15,25,12,69,58,12,6,138,11;06-11;11,9,10,11,13,12,11,10,9,13,12,12,12,9,8,11,11-16 anni,19,97,25,115,19,97,24,112,21,103,19,96,44,107,95,104
559,11.5,23,11,12,10,13,12,21,13,13,15,6,65,55,20,2,138,11;06-11;11,11,8,11,8,12,11,12,14,11,7,8,11,9,13,5,11-16 anni,19,97,20,100,26,118,15,85,20,100,18,93,39,98,96,105
560,11.5,12,7,4,11,8,7,6,6,10,9,5,32,21,8,2,138,11;06-11;11,5,4,4,8,6,6,3,7,8,4,7,6,4,6,5,11-16 anni,9,68,14,82,10,71,11,73,10,71,11,71,23,72,49,65
561,11.5833333333333,21,11,11,7,11,10,19,5,11,17,5,33,48,10,5,139,11;06-11;11,10,8,10,6,9,8,11,6,9,8,7,6,7,7,10,11-16 anni,18,94,15,85,17,91,15,85,13,80,17,90,33,88,71,84
562,11.5833333333333,24,17,7,16,12,19,18,5,11,28,10,64,77,14,7,139,11;06-11;11,12,12,7,11,11,16,11,6,9,14,11,11,13,9,13,11-16 anni,24,112,22,106,17,91,25,115,24,111,22,106,46,110,97,106
563,11.5833333333333,15,8,5,6,9,6,18,4,11,13,9,12,45,8,6,139,11;06-11;11,7,6,5,5,6,5,11,5,9,6,10,3,7,6,11,11-16 anni,13,80,11,73,16,88,16,88,10,71,17,90,24,73,55,70
564,11.5833333333333,25,18,11,20,15,22,24,13,16,28,12,62,64,17,8,139,11;06-11;11,12,14,10,14,13,18,14,14,14,14,12,11,10,11,15,11-16 anni,26,118,27,120,28,124,26,118,21,103,26,119,53,122,117,123
565,11.5833333333333,20,10,8,18,10,15,24,9,15,28,10,75,60,20,7,139,11;06-11;11,9,7,8,13,8,13,14,10,13,14,11,13,10,13,13,11-16 anni,16,88,21,103,24,112,25,115,23,109,26,119,37,95,101,109
566,11.5833333333333,23,17,12,18,12,14,23,13,15,27,12,78,88,21,4,139,11;06-11;11,11,12,11,13,11,12,13,14,13,13,12,13,15,13,8,11-16 anni,23,109,24,112,27,121,25,115,28,123,21,103,47,112,113,119
567,11.5833333333333,10,6,9,8,5,8,12,5,12,14,6,38,25,10,4,139,11;06-11;11,4,3,9,6,2,7,6,6,10,7,8,7,5,7,8,11-16 anni,7,62,8,65,12,76,15,85,12,77,15,84,15,58,48,64
568,11.5833333333333,18,15,11,14,11,7,14,6,10,24,12,59,68,11,5,139,11;06-11;11,8,11,10,10,9,6,7,7,8,11,12,10,11,8,10,11-16 anni,19,97,19,97,14,82,23,109,21,103,18,93,38,97,81,92
569,11.5833333333333,22,15,10,13,9,15,21,4,16,20,13,53,77,15,4,139,11;06-11;11,10,11,10,9,6,13,12,5,14,10,13,9,13,10,8,11-16 anni,21,103,15,85,17,91,23,109,22,106,18,93,36,93,82,93
570,11.5833333333333,27,16,15,14,16,15,18,9,12,20,10,45,48,11,6,139,11;06-11;11,13,11,14,10,15,13,11,10,10,10,11,8,7,8,11,11-16 anni,24,112,25,115,21,103,21,103,15,86,19,96,49,115,96,105
571,11.6666666666667,16,13,12,15,9,10,15,10,9,11,7,58,80,17,5,140,11;06-11;11,7,9,11,10,6,8,8,11,6,5,9,10,14,11,10,11-16 anni,16,88,16,88,19,97,14,82,24,111,21,103,32,87,77,89
572,11.6666666666667,27,14,15,14,13,14,24,17,16,27,13,73,93,19,4,140,11;06-11;11,13,10,14,10,12,12,14,16,14,13,13,13,17,12,8,11-16 anni,23,109,22,106,30,130,26,118,30,129,20,100,45,108,113,119
573,11.6666666666667,23,14,5,7,14,10,16,11,8,28,5,52,65,10,4,140,11;06-11;11,11,10,5,6,12,8,8,12,5,14,7,9,10,7,8,11-16 anni,21,103,18,94,20,100,21,103,19,97,15,84,39,98,89,99
574,11.6666666666667,18,14,10,13,14,11,17,5,14,26,14,56,47,10,7,140,11;06-11;11,8,10,10,9,12,9,10,6,12,12,14,10,7,7,13,11-16 anni,18,94,21,103,16,88,26,118,17,91,20,100,39,98,84,95
575,11.6666666666667,21,16,15,10,10,12,18,9,12,30,8,65,60,16,8,140,11;06-11;11,10,11,14,8,8,11,11,10,10,15,10,11,10,10,15,11-16 anni,21,103,16,88,21,103,25,115,21,103,25,115,37,95,94,103
576,11.6666666666667,14,17,11,16,12,8,24,9,14,28,11,50,62,22,4,140,11;06-11;11,6,12,10,11,11,7,14,10,12,14,12,9,10,14,8,11-16 anni,18,94,22,106,24,112,26,118,19,97,22,106,40,100,101,109
577,11.6666666666667,14,17,10,14,5,13,26,8,18,28,15,50,37,21,8,140,11;06-11;11,6,12,10,10,2,11,15,9,16,14,16,9,5,13,15,11-16 anni,18,94,12,76,24,112,30,130,14,83,28,125,30,83,90,100
578,11.6666666666667,22,7,6,10,12,12,21,8,14,27,3,48,51,18,6,140,11;06-11;11,10,4,6,8,11,11,12,9,12,13,5,8,8,11,11,11-16 anni,14,83,19,97,21,103,18,94,16,88,22,106,33,88,86,96
579,11.75,19,15,12,15,15,14,22,8,13,12,10,39,49,22,8,141,11;06-11;11,9,11,11,10,13,12,13,9,11,6,11,7,8,14,15,11-16 anni,20,100,23,109,22,106,17,91,15,86,29,128,43,105,92,102
580,11.75,20,13,10,12,14,10,11,5,7,16,10,62,62,21,8,141,11;06-11;11,9,9,10,9,12,8,6,6,5,8,11,11,10,13,15,11-16 anni,18,94,21,103,12,76,19,97,21,103,28,125,39,98,83,94
581,11.75,16,12,8,15,7,11,12,11,10,17,6,43,74,12,3,141,11;06-11;11,7,9,8,10,5,9,6,12,8,8,8,8,12,8,7,11-16 anni,16,88,15,85,18,94,16,88,20,100,15,84,31,85,73,85
582,11.75,12,12,9,14,10,11,10,4,7,13,3,41,37,13,3,141,11;06-11;11,5,9,9,10,8,9,5,5,5,6,5,7,5,9,7,11-16 anni,14,83,18,94,10,71,11,73,12,77,16,87,32,87,64,78
583,11.75,23,10,8,7,11,7,22,8,10,20,4,24,67,18,6,141,11;06-11;11,11,7,8,6,9,6,13,9,8,10,6,4,11,11,11,11-16 anni,18,94,15,85,22,106,16,88,15,86,22,106,33,88,80,91
584,11.75,16,17,10,11,12,6,12,5,12,22,6,82,68,14,4,141,11;06-11;11,7,12,10,8,11,5,6,6,10,11,8,14,11,9,8,11-16 anni,19,97,19,97,12,76,19,97,25,114,17,90,38,97,84,95
585,11.75,27,18,12,19,16,13,17,8,15,25,13,60,74,23,8,141,11;06-11;11,13,14,11,14,15,11,10,9,13,12,13,11,12,14,15,11-16 anni,27,121,29,126,19,97,25,115,23,109,29,128,56,127,112,119
586,11.8333333333333,23,8,15,12,11,11,19,14,14,10,8,43,55,10,4,142,11;06-11;11,11,6,14,9,9,9,11,15,12,5,10,8,9,7,8,11-16 anni,17,91,18,94,26,118,15,85,17,91,15,84,35,92,81,92
587,11.8333333333333,30,12,14,17,13,9,16,15,11,25,7,72,69,11,3,142,11;06-11;11,15,9,13,12,12,7,8,15,9,12,9,13,11,8,7,11-16 anni,24,112,24,112,23,109,21,103,24,111,15,84,48,113,104,112
588,11.8333333333333,20,12,6,12,14,7,14,10,9,19,4,55,52,13,4,142,11;06-11;11,9,9,6,9,12,6,7,11,6,9,6,10,8,9,8,11-16 anni,18,94,21,103,18,94,15,85,18,94,17,90,39,98,85,96
589,11.8333333333333,28,17,12,20,14,18,17,12,15,20,14,54,40,22,5,142,11;06-11;11,14,12,11,14,12,15,10,13,13,10,14,10,6,14,10,11-16 anni,26,118,26,118,23,109,24,112,16,88,24,112,52,120,109,116
590,11.8333333333333,12,13,4,6,9,11,14,5,7,8,5,25,41,13,5,142,11;06-11;11,5,9,4,5,6,9,7,6,5,4,7,4,6,9,10,11-16 anni,14,83,11,73,13,79,11,73,10,71,19,96,25,75,55,70
591,11.8333333333333,30,15,10,7,10,14,23,5,15,20,7,45,52,8,6,142,11;06-11;11,15,11,10,6,8,12,13,6,13,10,9,8,8,6,11,11-16 anni,26,118,14,82,19,97,19,97,16,88,17,90,40,100,83,94
592,11.8333333333333,18,20,9,21,13,15,20,9,15,28,13,62,67,14,5,142,11;06-11;11,8,16,9,15,12,13,12,10,13,14,13,11,11,9,10,11-16 anni,24,112,27,120,22,106,27,121,22,106,19,96,51,118,107,114
593,11.9166666666667,23,15,10,16,14,17,25,10,11,28,11,72,62,14,3,143,11;06-11;11,11,11,10,11,12,14,15,11,9,14,12,13,10,9,7,11-16 anni,22,106,23,109,26,118,26,118,23,109,16,87,45,108,107,114
594,11.9166666666667,21,16,11,12,13,9,20,10,10,26,10,73,72,18,7,143,11;06-11;11,10,11,10,9,12,7,12,11,8,12,11,13,12,11,13,11-16 anni,21,103,21,103,23,109,23,109,25,114,24,112,42,103,101,109
595,11.9166666666667,22,15,11,13,10,9,15,9,10,20,13,74,61,28,7,143,11;06-11;11,10,11,10,9,8,7,8,10,8,10,13,13,10,17,13,11-16 anni,21,103,17,91,18,94,23,109,23,109,30,131,38,97,96,105
596,11.9166666666667,19,20,18,18,14,18,14,15,15,25,11,82,92,18,5,143,11;06-11;11,9,16,16,13,12,15,7,15,13,12,12,14,16,11,10,11-16 anni,25,115,25,115,22,106,24,112,30,129,21,103,50,117,109,116
597,11.9166666666667,17,12,7,18,13,13,19,10,15,17,8,79,86,23,8,143,11;06-11;11,8,9,7,13,12,11,11,11,13,8,10,13,15,14,15,11-16 anni,17,91,25,115,22,106,18,94,28,123,29,128,42,103,99,108
598,11.9166666666667,13,10,9,14,14,14,9,10,9,22,10,70,70,11,5,143,11;06-11;11,5,7,9,10,12,12,4,11,6,11,11,13,11,8,10,11-16 anni,12,77,22,106,15,85,22,106,24,111,18,93,34,90,81,92
599,12,28,20,14,19,15,18,30,14,17,29,10,62,76,21,5,144,12;00-12;05,14,15,13,14,12,15,16,14,15,14,10,10,13,12,10,11-16 anni,29,126,26,118,30,130,24,112,23,109,22,106,55,125,121,126
600,12,18,16,9,11,5,11,12,6,11,22,9,55,49,5,4,144,12;00-12;05,8,11,9,6,4,9,6,6,9,11,9,9,8,3,8,11-16 anni,19,97,10,71,12,76,20,100,17,91,11,71,29,82,64,78
601,12,20,11,9,21,14,12,18,13,10,24,11,53,58,18,8,144,12;00-12;05,9,8,9,15,11,10,10,13,8,11,11,8,9,10,15,11-16 anni,17,91,26,118,23,109,22,106,17,91,25,115,43,105,95,104
602,12,10,7,6,3,7,9,9,7,7,4,9,58,40,8,1,144,12;00-12;05,4,5,6,1,6,7,4,7,6,3,9,9,6,5,3,11-16 anni,9,68,7,62,11,74,12,76,15,86,8,62,16,60,44,61
603,12,22,15,13,14,14,16,28,15,11,21,8,70,82,20,4,144,12;00-12;05,10,11,12,9,11,14,15,14,9,10,9,12,14,12,8,11-16 anni,21,103,20,100,29,127,19,97,26,117,20,100,41,102,104,112
604,12,29,19,15,19,18,14,26,14,17,28,11,84,83,18,7,144,12;00-12;05,14,14,14,14,15,12,14,14,15,14,11,16,14,10,13,11-16 anni,28,123,29,126,28,124,25,115,30,129,23,109,57,128,125,130
605,12.0833333333333,30,21,14,18,17,16,20,9,13,29,15,87,80,25,7,145,12;00-12;05,14,15,13,13,14,14,11,9,11,14,17,16,14,16,13,11-16 anni,29,126,27,120,20,100,31,133,30,129,29,128,56,127,122,127
606,12.0833333333333,24,13,10,12,14,9,27,5,11,27,7,61,76,16,3,145,12;00-12;05,12,9,10,7,11,7,14,5,9,13,8,10,13,9,7,11-16 anni,21,103,18,94,19,97,21,103,23,109,16,87,39,98,90,100
607,12.0833333333333,29,16,8,14,10,13,22,12,10,17,10,69,65,15,7,145,12;00-12;05,14,11,8,9,8,10,12,12,8,8,10,11,10,9,13,11-16 anni,25,115,17,91,24,112,18,94,21,103,22,106,42,103,94,103
608,12.0833333333333,21,18,18,12,16,12,24,10,11,26,14,66,75,18,2,145,12;00-12;05,10,13,16,7,13,10,13,10,9,12,15,11,12,10,5,11-16 anni,23,109,20,100,23,109,27,121,23,109,15,84,43,105,99,108
609,12.0833333333333,26,13,15,18,10,19,16,11,14,22,12,74,70,16,8,145,12;00-12;05,13,9,14,13,8,16,8,11,12,11,13,12,11,9,15,11-16 anni,22,106,21,103,19,97,24,112,23,109,24,112,43,105,94,103
610,12.0833333333333,27,13,11,18,13,14,19,9,13,30,9,81,51,14,6,145,12;00-12;05,13,9,10,13,11,12,10,9,11,14,9,15,8,8,11,11-16 anni,22,106,24,112,19,97,23,109,23,109,19,96,46,110,102,110
611,12.0833333333333,21,15,9,21,7,11,18,10,5,21,7,66,29,23,5,145,12;00-12;05,10,11,9,15,6,9,10,10,4,10,8,11,4,15,10,11-16 anni,21,103,21,103,20,100,18,94,15,86,25,115,42,103,98,107
612,12.0833333333333,21,14,14,16,12,11,22,11,18,14,12,81,76,22,8,145,12;00-12;05,10,10,13,11,10,9,12,11,16,7,13,15,13,13,15,11-16 anni,20,100,21,103,23,109,20,100,28,123,28,125,41,102,99,108
613,12.0833333333333,26,13,7,12,12,10,12,6,11,18,8,57,34,11,4,145,12;00-12;05,13,9,7,7,10,8,6,6,9,9,9,9,5,7,8,11-16 anni,22,106,17,91,12,76,18,94,14,83,15,84,39,98,76,88
614,12.1666666666667,17,13,7,14,11,5,15,10,8,22,5,67,73,22,6,146,12;00-12;05,8,9,7,9,9,4,8,10,6,11,5,11,12,13,11,11-16 anni,17,91,18,94,18,94,16,88,23,109,24,112,35,92,88,98
615,12.1666666666667,16,8,10,16,9,11,19,8,11,18,11,67,58,22,7,146,12;00-12;05,7,6,10,11,7,9,10,8,9,9,11,11,9,13,13,11-16 anni,13,80,18,94,18,94,20,100,20,100,26,119,31,85,82,93
616,12.1666666666667,16,14,7,16,11,17,16,8,12,18,9,86,64,17,6,146,12;00-12;05,7,10,7,11,9,14,8,8,10,9,9,16,10,10,11,11-16 anni,17,91,20,100,16,88,18,94,26,117,21,103,37,95,88,98
617,12.1666666666667,24,11,9,12,13,11,17,4,14,14,8,40,34,13,5,146,12;00-12;05,12,8,9,7,11,9,9,4,12,7,9,5,5,8,10,11-16 anni,20,100,18,94,13,79,16,88,10,71,18,93,38,97,71,84
618,12.1666666666667,19,10,10,18,14,11,18,11,10,14,8,82,69,15,5,146,12;00-12;05,9,7,10,13,11,9,10,11,8,7,9,15,11,9,10,11-16 anni,16,88,24,112,21,103,16,88,26,117,19,96,40,100,92,102
619,12.1666666666667,29,21,13,16,8,12,24,10,11,20,10,56,45,23,3,146,12;00-12;05,14,15,12,11,7,10,13,10,9,10,10,9,7,15,7,11-16 anni,29,126,18,94,23,109,20,100,16,88,22,106,47,112,104,112
620,12.1666666666667,17,10,7,14,13,15,20,14,13,22,9,49,48,20,8,146,12;00-12;05,8,7,7,9,11,13,11,14,11,11,9,8,7,12,15,11-16 anni,15,85,20,100,25,115,20,100,15,86,27,122,35,92,91,101
621,12.25,25,15,14,17,12,8,17,13,11,17,14,64,69,17,4,147,12;00-12;05,12,11,13,12,10,7,9,13,9,8,15,10,11,10,8,11-16 anni,23,109,22,106,22,106,23,109,21,103,18,93,45,108,95,104
622,12.25,27,15,9,21,16,14,24,15,14,33,14,68,80,23,8,147,12;00-12;05,13,11,9,15,13,12,13,14,12,15,15,11,14,15,15,11-16 anni,24,112,28,123,27,121,30,130,25,114,30,131,52,120,120,125
623,12.25,19,11,9,12,6,11,14,8,15,18,6,48,55,10,3,147,12;00-12;05,9,8,9,7,5,9,7,8,13,9,6,6,9,6,7,11-16 anni,17,91,12,76,15,85,15,85,15,86,13,77,29,82,65,79
624,12.25,6,8,8,18,8,11,17,5,11,16,7,63,72,11,4,147,12;00-12;05,2,6,8,13,7,9,9,5,9,8,8,10,12,7,8,11-16 anni,8,65,20,100,14,82,16,88,22,106,15,84,28,80,67,80
625,12.25,24,20,14,19,16,13,18,13,8,9,4,71,65,19,5,147,12;00-12;05,12,15,13,14,13,10,10,13,6,5,4,12,10,11,10,11-16 anni,27,121,27,120,23,109,9,67,22,106,21,103,54,123,105,113
626,12.25,18,12,15,17,19,11,18,9,13,23,10,48,41,13,5,147,12;00-12;05,8,9,14,12,16,9,10,9,11,11,10,6,6,8,10,11-16 anni,17,91,28,123,19,97,21,103,12,77,18,93,45,108,89,99
627,12.25,15,14,8,12,13,8,18,12,13,13,8,58,50,15,3,147,12;00-12;05,7,10,8,7,11,7,10,12,11,7,9,9,8,9,7,11-16 anni,17,91,18,94,22,106,16,88,17,91,16,87,35,92,82,93
628,12.25,21,13,5,16,15,12,30,14,15,33,13,68,65,22,5,147,12;00-12;05,10,9,5,11,12,10,16,14,13,15,14,11,10,13,10,11-16 anni,19,97,23,109,30,130,29,127,21,103,23,109,42,103,111,118
629,12.25,12,8,4,16,9,9,8,5,7,13,5,25,30,19,2,147,12;00-12;05,5,6,4,11,7,7,4,5,6,7,5,2,4,11,5,11-16 anni,11,74,18,94,9,68,12,76,6,60,16,87,29,82,58,73
630,12.25,20,13,12,15,12,8,22,12,13,19,11,69,43,16,5,147,12;00-12;05,9,9,11,9,10,7,12,12,11,9,11,11,6,9,10,11-16 anni,18,94,19,97,24,112,20,100,17,91,19,96,37,95,90,100
631,12.25,26,13,14,14,8,7,19,8,10,30,13,32,50,20,5,147,12;00-12;05,13,9,13,9,7,6,10,8,8,14,14,4,8,12,10,11-16 anni,22,106,16,88,18,94,28,124,12,77,22,106,38,97,86,96
632,12.3333333333333,22,12,7,18,11,13,18,9,16,20,9,49,66,10,5,148,12;00-12;05,10,9,7,13,9,10,10,9,14,10,9,8,11,6,10,11-16 anni,19,97,22,106,19,97,19,97,19,97,16,87,41,102,84,95
633,12.3333333333333,23,11,7,18,14,13,25,7,12,25,14,74,66,14,8,148,12;00-12;05,11,8,7,13,11,10,14,7,10,12,15,12,11,8,15,11-16 anni,19,97,24,112,21,103,27,121,23,109,23,109,43,105,96,105
634,12.3333333333333,22,16,10,14,9,13,22,8,11,29,11,60,77,10,5,148,12;00-12;05,10,11,10,9,7,10,12,8,9,14,11,10,13,6,10,11-16 anni,21,103,16,88,20,100,25,115,23,109,16,87,37,95,87,97
635,12.3333333333333,27,14,13,15,16,15,21,13,13,30,12,43,53,18,7,148,12;00-12;05,13,10,12,9,13,13,11,13,11,14,13,6,8,10,13,11-16 anni,23,109,22,106,24,112,27,121,14,83,23,109,45,108,99,108
636,12.3333333333333,21,9,3,12,10,10,12,9,14,11,9,63,50,13,6,148,12;00-12;05,10,6,3,7,8,8,6,9,12,6,9,10,8,8,11,11-16 anni,16,88,15,85,15,85,15,85,18,94,19,96,31,85,70,83
637,12.3333333333333,22,15,12,22,13,16,24,10,14,18,7,77,80,20,2,148,12;00-12;05,10,11,11,16,11,14,13,10,12,9,8,13,14,12,5,11-16 anni,21,103,27,120,23,109,17,91,27,120,17,90,48,113,105,113
638,12.3333333333333,24,18,14,14,10,16,18,6,10,16,10,41,59,13,7,148,12;00-12;05,12,13,13,9,8,14,10,6,8,8,10,5,9,8,13,11-16 anni,25,115,17,91,16,88,18,94,14,83,21,103,42,103,79,91
639,12.3333333333333,24,10,11,12,10,14,19,15,10,14,9,65,71,11,4,148,12;00-12;05,12,7,10,7,8,12,10,14,8,7,9,10,12,7,8,11-16 anni,19,97,15,85,24,112,16,88,22,106,15,84,34,90,82,93
640,12.3333333333333,13,17,16,9,12,7,21,15,12,23,13,55,70,11,5,148,12;00-12;05,5,12,15,5,10,6,11,14,10,11,14,9,11,7,10,11-16 anni,17,91,15,85,25,115,25,115,20,100,17,90,32,87,84,95
641,12.3333333333333,24,16,10,16,12,12,21,9,13,34,13,60,69,22,6,148,12;00-12;05,12,11,10,11,10,10,11,9,11,16,14,10,11,13,11,11-16 anni,23,109,21,103,20,100,30,130,21,103,24,112,44,107,103,111
642,12.3333333333333,23,19,12,20,18,10,26,14,18,28,13,73,71,20,5,148,12;00-12;05,11,14,11,14,15,8,14,14,16,14,14,12,12,12,10,11-16 anni,25,115,29,126,28,124,28,124,24,111,22,106,54,123,120,125
643,12.3333333333333,31,22,12,16,18,20,20,12,17,21,10,72,78,25,8,148,12;00-12;05,15,16,11,11,15,17,11,12,15,10,10,12,13,16,15,11-16 anni,31,132,26,118,23,109,20,100,25,114,31,134,57,128,118,124
644,12.3333333333333,31,20,15,15,16,12,13,9,12,24,11,28,69,17,6,148,12;00-12;05,15,15,14,9,13,10,7,9,10,11,11,3,11,10,11,11-16 anni,30,129,22,106,16,88,22,106,14,83,21,103,52,120,92,102
645,12.3333333333333,17,17,8,14,14,11,23,7,10,16,8,65,54,14,4,148,12;00-12;05,8,12,8,9,11,9,12,7,8,8,9,10,8,8,8,11-16 anni,20,100,20,100,19,97,17,91,18,94,16,87,40,100,85,96
646,12.3333333333333,22,10,12,15,10,11,5,9,5,9,5,61,58,17,5,148,12;00-12;05,10,7,11,9,8,9,2,9,4,5,5,10,9,10,10,11-16 anni,17,91,17,91,11,74,10,70,19,97,20,100,34,90,70,83
647,12.4166666666667,26,14,10,15,5,15,16,9,11,12,11,59,50,14,5,149,12;00-12;05,13,10,10,9,4,13,8,9,9,7,11,9,8,8,10,11-16 anni,23,109,13,79,17,91,18,94,17,91,18,93,36,93,77,89
648,12.4166666666667,12,10,10,10,7,4,11,3,17,9,7,60,46,9,7,149,12;00-12;05,5,7,10,6,6,2,6,3,15,5,8,10,7,6,13,11-16 anni,12,77,12,76,9,68,13,79,17,91,19,96,24,73,54,69
649,12.4166666666667,7,7,3,9,7,4,9,11,6,13,5,60,52,10,4,149,12;00-12;05,3,5,3,5,6,2,4,11,5,7,5,10,8,6,8,11-16 anni,8,65,11,73,15,85,12,76,18,94,14,81,19,65,57,72
650,12.4166666666667,23,14,13,11,14,12,25,15,15,22,12,73,83,21,4,149,12;00-12;05,11,10,12,6,11,10,14,14,13,11,13,12,14,12,8,11-16 anni,21,103,17,91,28,124,24,112,26,117,20,100,38,97,101,109
651,12.4166666666667,25,11,11,13,13,11,14,9,14,18,5,65,62,13,7,149,12;00-12;05,12,8,10,8,11,9,7,9,12,9,5,10,10,8,13,11-16 anni,20,100,19,97,16,88,14,82,20,100,21,103,39,98,82,93
652,12.4166666666667,25,17,10,14,14,11,26,11,10,26,7,52,84,22,6,149,12;00-12;05,12,12,10,9,11,9,14,11,8,12,8,8,14,13,11,11-16 anni,24,112,20,100,25,115,20,100,22,106,24,112,44,107,102,110
653,12.4166666666667,23,10,14,13,15,10,20,6,12,19,6,59,50,16,8,149,12;00-12;05,11,7,13,8,12,8,11,6,10,9,6,9,8,9,15,11-16 anni,18,94,20,100,17,91,15,85,17,91,24,112,38,97,82,93
654,12.4166666666667,16,13,9,11,10,11,15,12,13,10,10,65,59,13,4,149,12;00-12;05,7,9,9,6,8,9,8,12,11,6,10,10,9,8,8,11-16 anni,16,88,14,82,20,100,16,88,19,97,16,87,30,83,74,86
655,12.4166666666667,27,18,14,20,18,14,19,11,14,27,9,82,78,23,3,149,12;00-12;05,13,13,13,14,15,12,10,11,12,13,9,15,13,15,7,11-16 anni,26,118,29,126,21,103,22,106,28,123,22,106,55,125,119,124
656,12.4166666666667,25,18,12,15,15,15,22,13,11,26,13,72,43,19,5,149,12;00-12;05,12,13,11,9,12,13,12,13,9,12,14,12,6,11,10,11-16 anni,25,115,21,103,25,115,26,118,18,94,21,103,46,110,106,113
657,12.5,28,13,12,12,13,9,27,10,15,20,12,66,50,15,6,150,12;06-12;11,14,9,11,8,11,8,15,10,13,10,13,11,7,10,12,11-16 anni,23,109,19,97,25,115,23,109,18,94,22,106,42,103,98,107
658,12.5,27,17,13,20,15,12,23,13,9,23,13,56,52,20,2,150,12;06-12;11,13,12,12,14,12,10,12,13,7,11,14,9,7,13,4,11-16 anni,25,115,26,118,25,115,25,115,16,88,17,90,51,118,109,116
659,12.5,21,11,10,14,10,11,16,7,11,19,11,77,65,10,5,150,12;06-12;11,10,7,10,10,8,10,8,7,9,9,12,13,10,7,11,11-16 anni,17,91,18,94,15,85,21,103,23,109,18,93,35,92,79,91
660,12.5,24,14,13,13,10,11,10,4,10,25,9,52,60,22,3,150,12;06-12;11,12,10,12,9,8,10,6,4,8,12,9,8,10,14,7,11-16 anni,22,106,17,91,10,71,21,103,18,94,21,103,39,98,83,94
661,12.5,19,15,11,17,11,10,18,10,12,20,4,60,65,13,7,150,12;06-12;11,8,11,10,12,9,9,10,10,10,10,5,10,10,9,14,11-16 anni,19,97,21,103,20,100,15,85,20,100,23,109,40,100,89,99
662,12.5,25,10,8,6,8,7,22,12,15,23,3,36,47,10,3,150,12;06-12;11,12,6,8,4,7,7,12,12,13,11,4,4,6,7,7,11-16 anni,18,94,11,73,24,112,15,85,10,71,14,81,29,82,75,87
663,12.5,23,17,10,21,16,14,18,12,18,25,12,63,78,16,3,150,12;06-12;11,11,12,10,15,13,11,10,12,16,12,13,10,13,10,7,11-16 anni,23,109,28,123,22,106,25,115,23,109,17,90,51,118,105,113
664,12.5,24,12,4,13,12,10,16,10,11,14,14,66,70,18,5,150,12;06-12;11,12,9,4,9,10,9,8,10,9,6,15,11,11,11,11,11-16 anni,21,103,19,97,18,94,21,103,22,106,22,106,40,100,86,96
665,12.5833333333333,27,12,11,10,4,4,12,13,12,13,7,25,25,15,3,151,12;06-12;11,13,9,10,7,3,4,7,13,10,5,8,2,3,10,7,11-16 anni,22,106,10,71,20,100,13,79,5,57,17,90,32,87,69,82
666,12.5833333333333,29,14,9,16,16,7,24,12,10,25,11,59,71,21,5,151,12;06-12;11,14,10,9,11,13,7,13,12,8,12,12,9,12,13,11,11-16 anni,24,112,24,112,25,115,24,112,21,103,24,112,48,113,107,114
667,12.5833333333333,25,17,9,15,12,16,24,9,13,21,9,69,68,12,6,151,12;06-12;11,12,12,9,10,10,13,13,9,11,10,9,11,11,8,12,11-16 anni,24,112,20,100,22,106,19,97,22,106,20,100,44,107,95,104
668,12.5833333333333,24,9,10,11,15,8,14,11,9,13,11,52,60,17,5,151,12;06-12;11,12,5,10,7,12,8,8,11,7,5,12,8,10,11,11,11-16 anni,17,91,19,97,19,97,17,91,18,94,22,106,36,93,79,91
669,12.5833333333333,19,17,14,16,11,16,24,14,12,21,9,64,79,22,6,151,12;06-12;11,8,12,13,11,9,13,13,14,10,10,9,10,13,14,12,11-16 anni,20,100,20,100,27,121,19,97,23,109,26,119,40,100,101,109
670,12.5833333333333,23,15,10,19,14,17,15,6,10,18,7,71,36,12,6,151,12;06-12;11,11,11,10,14,11,13,8,6,8,9,8,12,4,8,12,11-16 anni,22,106,25,115,14,82,17,91,16,88,20,100,47,112,90,100
671,12.6666666666667,23,11,8,16,18,16,23,7,10,26,9,35,61,18,5,152,12;06-12;11,11,7,8,11,15,13,12,7,8,12,9,4,10,11,11,11-16 anni,18,94,26,118,19,97,21,103,14,83,22,106,44,107,90,100
672,12.6666666666667,29,15,12,15,14,20,24,12,11,27,14,67,66,24,6,152,12;06-12;11,14,11,11,10,11,16,13,12,9,14,15,11,11,15,12,11-16 anni,25,115,21,103,25,115,29,127,22,106,27,122,46,110,111,118
673,12.6666666666667,18,15,7,15,11,12,15,18,12,18,6,62,55,17,5,152,12;06-12;11,7,11,7,10,9,10,8,17,10,9,7,10,9,11,11,11-16 anni,18,94,19,97,25,115,16,88,19,97,22,106,37,95,92,102
674,12.6666666666667,14,17,12,16,11,13,20,7,12,27,13,67,44,7,5,152,12;06-12;11,5,12,11,11,9,10,11,7,10,14,14,11,6,5,11,11-16 anni,17,91,20,100,18,94,28,124,17,91,16,87,37,95,85,96
675,12.6666666666667,24,19,14,14,17,14,20,13,15,17,10,76,82,24,4,152,12;06-12;11,12,15,13,10,14,11,11,13,13,8,11,13,14,15,8,11-16 anni,27,121,24,112,24,112,19,97,27,120,23,109,51,118,111,118
676,12.6666666666667,14,12,8,13,14,13,10,5,14,11,3,39,63,15,8,152,12;06-12;11,5,9,8,9,11,10,6,5,12,4,4,5,10,10,17,11-16 anni,14,83,20,100,11,74,8,64,15,86,27,122,34,90,64,78
677,12.6666666666667,16,14,9,8,10,8,14,8,15,19,10,53,46,6,5,152,12;06-12;11,6,10,9,5,8,8,8,8,13,9,11,8,6,5,11,11-16 anni,16,88,13,79,16,88,20,100,14,83,16,87,29,82,67,80
678,12.6666666666667,18,9,9,20,13,14,15,11,10,20,9,82,67,22,6,152,12;06-12;11,7,5,9,14,11,11,8,11,8,10,9,14,11,14,12,11-16 anni,12,77,25,115,19,97,19,97,25,114,26,119,37,95,94,103
679,12.6666666666667,16,9,7,8,4,6,13,12,11,20,3,69,54,13,3,152,12;06-12;11,6,5,7,5,3,6,8,12,9,10,4,11,7,9,7,11-16 anni,11,74,8,65,20,100,14,82,18,94,16,87,19,65,69,82
680,12.75,17,11,5,18,10,9,13,5,6,18,4,54,67,5,2,153,12;06-12;11,7,7,5,13,8,8,8,5,4,9,5,9,11,4,4,11-16 anni,14,83,21,103,13,79,14,82,20,100,8,62,35,92,70,83
681,12.75,26,15,15,20,18,11,11,13,8,16,10,61,34,14,2,153,12;06-12;11,13,11,14,14,15,10,7,13,5,8,11,10,4,9,4,11-16 anni,24,112,29,126,20,100,19,97,14,83,13,77,53,122,100,108
682,12.75,24,21,5,20,15,11,26,12,13,18,6,77,78,10,5,153,12;06-12;11,12,16,5,14,12,10,14,12,11,9,7,13,13,7,11,11-16 anni,28,123,26,118,26,118,16,88,26,117,18,93,54,123,109,116
683,12.75,28,18,16,19,18,21,26,18,14,26,11,86,77,25,6,153,12;06-12;11,14,14,15,14,15,16,14,17,12,12,12,15,13,16,12,11-16 anni,28,123,29,126,31,132,24,112,28,123,28,125,57,128,131,135
684,12.75,14,10,5,12,8,11,13,4,11,12,9,40,53,12,4,153,12;06-12;11,5,6,5,8,7,10,8,4,9,5,9,5,7,8,8,11-16 anni,11,74,15,85,12,76,14,82,12,77,16,87,26,77,56,71
685,12.75,22,14,14,12,17,5,17,6,14,15,8,84,65,14,5,153,12;06-12;11,10,10,13,8,14,5,9,6,12,6,9,15,10,9,11,11-16 anni,20,100,22,106,15,85,15,85,25,114,20,100,42,103,87,97
686,12.75,20,16,11,15,15,14,25,9,13,16,10,54,62,16,5,153,12;06-12;11,8,11,10,10,12,11,14,9,11,8,11,9,10,10,11,11-16 anni,19,97,22,106,23,109,19,97,19,97,21,103,41,102,91,101
687,12.75,18,15,16,15,14,7,20,12,17,27,13,73,80,9,4,153,12;06-12;11,7,11,15,10,11,7,11,12,15,14,14,12,14,7,8,11-16 anni,18,94,21,103,23,109,28,124,26,117,15,84,39,98,95,104
688,12.75,28,16,16,19,14,20,25,15,15,19,6,60,92,19,6,153,12;06-12;11,14,11,15,14,11,16,14,14,13,9,7,10,16,12,12,11-16 anni,25,115,25,115,28,124,16,88,26,117,24,112,50,117,109,116
689,12.75,28,16,18,22,19,15,20,11,18,26,9,84,82,26,4,153,12;06-12;11,14,11,16,16,16,12,11,11,16,12,9,15,14,17,8,11-16 anni,25,115,32,135,22,106,21,103,29,126,25,115,57,128,123,128
690,12.75,29,18,13,15,16,17,26,11,12,32,15,50,76,24,7,153,12;06-12;11,14,14,12,10,13,13,14,11,10,17,17,8,13,15,14,11-16 anni,28,123,23,109,25,115,34,142,21,103,29,128,51,118,116,122
691,12.75,31,20,16,21,18,14,27,13,16,31,12,82,73,22,3,153,12;06-12;11,16,16,15,15,15,11,15,13,14,16,13,14,12,14,7,11-16 anni,32,135,30,129,28,124,29,127,26,117,21,103,62,137,134,137
692,12.75,21,15,8,13,10,8,12,7,6,22,9,48,45,18,7,153,12;06-12;11,10,11,8,9,8,8,7,7,4,11,9,6,6,11,14,11-16 anni,21,103,17,91,14,82,20,100,12,77,25,115,38,97,80,91
693,12.8333333333333,25,12,6,10,12,16,17,9,11,21,10,61,69,16,5,154,12;06-12;11,12,9,6,7,10,13,9,9,9,10,11,10,11,10,11,11-16 anni,21,103,17,91,18,94,21,103,21,103,21,103,38,97,86,96
694,12.8333333333333,13,6,4,12,13,13,10,10,13,25,7,74,63,10,4,154,12;06-12;11,4,3,4,8,11,10,6,10,11,12,8,12,10,7,8,11-16 anni,7,62,19,97,16,88,20,100,22,106,15,84,26,77,73,85
695,12.8333333333333,22,17,11,15,15,12,25,10,8,23,10,65,80,19,4,154,12;06-12;11,10,12,10,10,12,10,14,10,5,11,11,10,14,12,8,11-16 anni,22,106,22,106,24,112,22,106,24,111,20,100,44,107,101,109
696,12.8333333333333,15,10,8,5,6,5,9,11,11,13,6,45,57,21,4,154,12;06-12;11,6,6,8,3,5,5,5,11,9,5,7,6,9,13,8,11-16 anni,12,77,8,65,16,88,12,76,15,86,21,103,20,67,60,74
697,12.8333333333333,25,10,11,10,6,8,26,8,11,22,10,72,67,16,3,154,12;06-12;11,12,6,10,7,5,8,14,8,9,11,11,12,11,10,7,11-16 anni,18,94,12,76,22,106,22,106,23,109,17,90,30,83,85,96
698,12.8333333333333,22,14,12,15,18,18,16,15,18,25,16,66,57,17,6,154,12;06-12;11,10,10,11,10,15,14,8,14,16,12,18,11,9,11,12,11-16 anni,20,100,25,115,22,106,30,130,20,100,23,109,45,108,101,109
699,12.9166666666667,17,15,14,12,11,12,17,9,10,27,12,53,43,13,5,155,12;06-12;11,7,11,13,8,9,10,9,9,8,14,13,8,5,9,11,11-16 anni,18,94,17,91,18,94,27,121,13,80,20,100,35,92,84,95
700,12.9166666666667,25,15,10,19,17,14,30,9,19,28,12,82,85,9,3,155,12;06-12;11,12,11,10,14,14,11,16,9,17,15,13,14,15,7,7,11-16 anni,23,109,28,123,25,115,28,124,29,126,14,81,51,118,112,119
701,12.9166666666667,18,14,10,10,10,11,9,8,12,20,11,75,60,19,6,155,12;06-12;11,7,10,10,7,8,10,5,8,10,10,12,13,10,12,12,11-16 anni,17,91,15,85,13,79,22,106,23,109,24,112,32,87,80,91
702,12.9166666666667,18,13,4,15,14,11,11,7,8,16,6,58,65,15,4,155,12;06-12;11,7,9,4,10,11,10,7,7,5,8,7,9,10,10,8,11-16 anni,16,88,21,103,14,82,15,85,19,97,18,93,37,95,78,90
703,12.9166666666667,27,18,11,18,16,15,22,15,18,28,12,77,79,22,7,155,12;06-12;11,13,14,10,13,13,12,12,14,16,15,13,13,13,14,14,11-16 anni,27,121,26,118,26,118,28,124,26,117,28,125,53,122,121,126
704,12.9166666666667,25,16,9,18,12,8,22,8,13,26,10,59,74,22,3,155,12;06-12;11,12,11,9,13,10,8,12,8,11,12,11,9,12,14,7,11-16 anni,23,109,23,109,20,100,23,109,21,103,21,103,46,110,101,109
705,12.9166666666667,24,15,11,16,13,9,21,11,14,17,5,68,57,18,5,155,12;06-12;11,12,11,10,11,11,8,11,11,12,8,6,11,9,11,11,11-16 anni,23,109,22,106,22,106,14,82,20,100,22,106,45,108,97,106
706,12.9166666666667,19,19,14,19,10,12,15,12,15,11,9,54,66,11,7,155,12;06-12;11,8,15,13,14,8,10,8,12,13,4,9,9,11,8,14,11-16 anni,23,109,22,106,20,100,13,79,20,100,22,106,45,108,86,96
707,12.9166666666667,15,6,7,12,8,12,11,7,11,17,8,53,58,10,6,155,12;06-12;11,6,3,7,8,7,10,7,7,9,8,9,8,9,7,12,11-16 anni,9,68,15,85,14,82,17,91,17,91,19,96,24,73,61,75
708,12.9166666666667,19,15,7,17,12,6,13,9,12,20,8,62,49,15,7,155,12;06-12;11,8,11,7,12,10,6,8,9,10,10,9,10,7,10,14,11-16 anni,19,97,22,106,17,91,19,97,17,91,24,112,41,102,88,98
709,12.9166666666667,14,14,6,10,11,11,8,5,10,17,6,53,80,14,1,155,12;06-12;11,5,10,6,7,9,10,5,5,8,8,7,8,14,9,2,11-16 anni,15,85,16,88,10,71,15,85,22,106,11,71,31,85,66,79
710,12.9166666666667,24,13,13,19,14,13,23,10,14,19,4,86,58,14,6,155,12;06-12;11,12,9,12,14,11,10,12,10,12,9,5,15,9,9,12,11-16 anni,21,103,25,115,22,106,14,82,24,111,21,103,46,110,101,109
711,13,18,11,11,15,13,14,18,8,13,17,10,53,52,20,5,156,13;00-13;05,7,8,10,10,11,11,9,8,11,7,10,7,8,12,11,11-16 anni,15,85,21,103,17,91,17,91,15,86,23,109,36,93,79,91
712,13,15,16,6,16,9,15,18,7,10,22,16,68,75,19,3,156,13;00-13;05,6,11,6,11,7,12,9,7,8,11,17,11,12,10,8,11-16 anni,17,91,18,94,16,88,28,124,23,109,18,93,35,92,83,94
713,13,23,11,8,15,13,11,25,10,11,25,13,72,71,20,7,156,13;00-13;05,10,8,8,10,11,9,13,10,9,12,13,12,12,12,14,11-16 anni,18,94,21,103,23,109,25,115,24,111,26,119,39,98,98,107
714,13,27,13,15,16,15,16,30,13,17,25,15,79,70,25,3,156,13;00-13;05,13,9,14,11,12,13,17,14,15,12,16,13,11,15,8,11-16 anni,22,106,23,109,31,132,28,124,24,111,23,109,45,108,116,122
715,13,19,14,10,15,15,14,29,11,16,21,11,43,43,22,4,156,13;00-13;05,8,10,10,10,12,11,16,11,14,10,11,6,5,13,9,11-16 anni,18,94,22,106,27,121,21,103,11,74,22,106,40,100,96,105
716,13,23,12,14,15,16,19,15,12,15,20,11,84,66,17,7,156,13;00-13;05,10,9,13,10,13,15,7,13,13,10,11,15,11,9,14,11-16 anni,19,97,23,109,20,100,21,103,26,117,23,109,42,103,96,105
717,13,30,17,14,11,9,16,24,10,10,23,10,64,59,23,6,156,13;00-13;05,15,12,13,6,7,13,12,10,8,11,10,9,9,14,12,11-16 anni,27,121,13,79,22,106,21,103,18,94,26,119,40,100,96,105
718,13.0833333333333,25,12,10,14,14,6,23,12,11,23,9,68,55,19,4,157,13;00-13;05,12,9,10,10,11,5,11,13,9,11,9,11,9,10,9,11-16 anni,21,103,21,103,24,112,20,100,20,100,19,96,42,103,98,107
719,13.0833333333333,21,8,11,17,15,14,13,8,10,26,11,58,70,19,7,157,13;00-13;05,9,5,10,12,12,11,6,8,8,12,11,8,11,10,14,11-16 anni,14,83,24,112,14,82,23,109,19,97,24,112,38,97,82,93
720,13.0833333333333,25,18,9,11,15,7,21,12,15,17,11,61,81,11,2,157,13;00-13;05,12,13,9,6,12,6,10,13,13,7,11,9,14,6,6,11-16 anni,25,115,18,94,23,109,18,94,23,109,12,74,43,105,88,98
721,13.1666666666667,21,14,5,15,11,14,18,9,12,15,6,58,42,18,1,158,13;00-13;05,9,10,5,10,9,11,9,9,10,6,7,8,5,9,3,11-16 anni,19,97,19,97,18,94,13,79,13,80,12,74,38,97,79,91
722,13.1666666666667,18,14,12,14,9,9,19,9,9,19,13,66,75,17,3,158,13;00-13;05,7,10,11,10,7,7,9,9,7,8,13,11,12,9,8,11-16 anni,17,91,17,91,18,94,21,103,23,109,17,90,34,90,80,91
723,13.1666666666667,26,17,12,16,16,7,20,9,10,25,8,70,65,19,7,158,13;00-13;05,13,12,11,11,13,6,10,9,8,12,9,12,10,10,14,11-16 anni,25,115,24,112,19,97,21,103,22,106,24,112,49,115,102,110
724,13.1666666666667,20,12,12,19,12,17,20,13,8,28,12,76,78,18,5,158,13;00-13;05,8,9,11,14,10,13,10,14,6,14,12,13,13,9,11,11-16 anni,17,91,24,112,24,112,26,118,26,117,20,100,41,102,101,109
725,13.1666666666667,20,14,13,14,10,13,26,10,12,25,11,79,58,10,4,158,13;00-13;05,8,10,12,10,8,10,13,10,10,12,11,13,9,5,9,11-16 anni,18,94,18,94,23,109,23,109,22,106,14,81,36,93,89,99
726,13.1666666666667,21,18,15,14,11,11,22,17,10,22,14,60,61,16,6,158,13;00-13;05,9,13,14,10,9,9,11,17,8,11,14,9,10,8,12,11-16 anni,22,106,19,97,28,124,25,115,19,97,20,100,41,102,97,106
727,13.1666666666667,15,7,7,13,13,12,18,8,11,19,5,53,50,19,6,158,13;00-13;05,6,4,7,9,11,10,9,8,9,8,5,7,8,10,12,11-16 anni,10,71,20,100,17,91,13,79,15,86,22,106,30,83,72,85
728,13.1666666666667,17,11,6,7,11,19,20,10,14,22,6,34,38,18,5,158,13;00-13;05,7,8,6,4,9,15,10,10,12,11,7,3,5,9,11,11-16 anni,15,85,13,79,20,100,18,94,8,65,20,100,28,80,71,84
729,13.1666666666667,27,14,9,12,13,9,22,8,16,20,9,65,54,8,5,158,13;00-13;05,13,10,9,7,11,7,11,8,14,10,9,9,8,4,11,11-16 anni,23,109,18,94,19,97,19,97,17,91,15,84,41,102,83,94
730,13.25,17,7,4,7,4,6,15,6,13,12,7,48,28,6,1,159,13;00-13;05,7,4,4,4,3,5,7,6,11,5,8,6,3,2,3,11-16 anni,11,74,7,62,13,79,13,79,9,68,5,52,18,63,44,61
731,13.25,30,21,16,21,16,8,27,11,7,19,10,85,55,19,3,159,13;00-13;05,15,15,15,15,13,7,15,11,6,8,10,15,9,10,8,11-16 anni,30,129,28,123,26,118,18,94,24,111,18,93,58,130,117,123
732,13.25,19,13,9,13,6,7,21,6,12,22,8,57,52,14,5,159,13;00-13;05,8,9,9,9,5,6,10,6,10,11,9,8,8,7,11,11-16 anni,17,91,14,82,16,88,20,100,16,88,18,93,31,85,73,85
733,13.25,28,17,10,15,16,10,12,8,12,16,9,55,69,18,3,159,13;00-13;05,14,12,10,10,13,8,4,8,10,7,9,8,11,9,8,11-16 anni,26,118,23,109,12,76,16,88,19,97,17,90,49,115,85,96
734,13.25,20,16,5,12,14,8,20,7,11,19,11,78,83,21,5,159,13;00-13;05,8,11,5,7,11,7,10,7,9,8,11,13,14,12,11,11-16 anni,19,97,18,94,17,91,19,97,27,120,23,109,37,95,87,97
735,13.25,31,19,16,21,18,16,25,15,20,33,15,84,83,25,8,159,13;00-13;05,16,14,15,15,15,13,13,15,18,17,16,15,14,15,16,11-16 anni,30,129,30,129,28,124,33,139,29,126,31,134,60,133,135,138
736,13.25,26,10,10,15,14,16,19,7,12,21,4,65,63,24,7,159,13;00-13;05,13,7,10,10,11,13,9,7,10,10,4,9,10,14,14,11-16 anni,20,100,21,103,16,88,14,82,19,97,28,125,41,102,90,100
737,13.25,18,14,8,17,8,13,14,8,8,13,4,51,47,15,1,159,13;00-13;05,7,10,8,12,7,10,6,8,6,5,4,7,6,8,3,11-16 anni,17,91,19,97,14,82,9,67,13,80,11,71,36,93,70,83
738,13.25,27,20,13,14,11,15,18,8,15,28,10,62,61,20,5,159,13;00-13;05,13,15,12,10,9,12,9,8,13,14,10,9,10,12,11,11-16 anni,28,123,19,97,17,91,24,112,19,97,23,109,47,112,99,108
739,13.25,28,17,12,16,6,13,21,14,11,25,11,66,66,18,4,159,13;00-13;05,14,12,11,11,5,10,10,15,9,12,11,11,11,9,9,11-16 anni,26,118,16,88,25,115,23,109,22,106,18,93,42,103,99,108
740,13.3333333333333,9,8,5,16,5,14,22,11,14,21,12,40,38,11,5,160,13;00-13;05,2,5,5,11,4,11,11,11,12,10,12,5,5,6,11,11-16 anni,7,62,15,85,22,106,22,106,10,71,17,90,22,70,65,79
741,13.3333333333333,30,17,11,14,13,17,17,12,13,10,10,84,78,18,5,160,13;00-13;05,15,12,10,10,11,13,8,13,11,4,10,15,13,9,11,11-16 anni,27,121,21,103,21,103,14,82,28,123,20,100,48,113,97,106
742,13.3333333333333,26,19,16,21,20,21,15,9,12,17,9,47,76,22,7,160,13;00-13;05,13,14,15,15,17,16,7,9,10,7,9,6,13,13,14,11-16 anni,27,121,32,135,16,88,16,88,19,97,27,122,59,132,101,109
743,13.3333333333333,19,11,10,21,14,15,17,11,13,26,6,64,58,11,5,160,13;00-13;05,8,8,10,15,11,12,8,11,11,12,7,9,9,6,11,11-16 anni,16,88,26,118,19,97,19,97,18,94,17,90,42,103,88,98
744,13.3333333333333,19,8,12,10,10,10,20,7,15,15,9,69,63,19,6,160,13;00-13;05,8,5,11,6,8,8,10,7,13,6,9,11,10,10,12,11-16 anni,13,80,14,82,17,91,15,85,21,103,22,106,27,78,71,84
745,13.3333333333333,21,7,5,8,9,4,16,11,9,16,8,54,60,18,3,160,13;00-13;05,9,4,5,4,7,3,7,11,7,7,9,8,10,9,8,11-16 anni,13,80,11,73,18,94,16,88,18,94,17,90,24,73,66,79
746,13.3333333333333,19,16,16,16,17,14,17,11,9,25,12,67,70,19,3,160,13;00-13;05,8,11,15,11,14,11,8,11,7,12,12,11,11,10,8,11-16 anni,19,97,25,115,19,97,24,112,22,106,18,93,44,107,96,105
747,13.3333333333333,18,11,5,13,15,9,12,7,5,12,6,43,58,17,3,160,13;00-13;05,7,8,5,9,12,7,4,7,4,5,7,6,9,9,8,11-16 anni,15,85,21,103,11,74,12,76,15,86,17,90,36,93,67,80
748,13.3333333333333,26,23,12,16,10,15,23,7,10,20,13,70,80,22,5,160,13;00-13;05,13,18,11,11,8,12,11,7,8,10,13,12,14,13,11,11-16 anni,31,132,19,97,18,94,23,109,26,117,24,112,50,117,103,111
749,13.3333333333333,19,17,13,18,13,14,29,14,15,23,6,70,75,21,6,160,13;00-13;05,8,12,12,13,11,11,16,15,13,11,7,12,12,12,12,11-16 anni,20,100,24,112,31,132,18,94,24,111,24,112,44,107,110,117
750,13.3333333333333,22,17,13,18,15,16,24,8,17,20,8,66,40,21,8,160,13;00-13;05,9,12,12,13,12,13,12,8,15,10,9,11,5,12,16,11-16 anni,21,103,25,115,20,100,19,97,16,88,28,125,46,110,99,108
751,13.4166666666667,20,14,10,11,5,17,22,9,13,25,5,38,46,21,5,161,13;00-13;05,8,10,10,6,4,13,11,9,11,12,5,5,6,12,11,11-16 anni,18,94,10,71,20,100,17,91,11,74,23,109,28,80,77,89
752,13.4166666666667,19,14,6,10,16,7,14,7,11,18,11,55,63,11,2,161,13;00-13;05,8,10,6,6,13,6,6,7,9,8,11,8,10,6,6,11-16 anni,18,94,19,97,13,79,19,97,18,94,12,74,37,95,72,85
753,13.4166666666667,19,14,12,13,11,12,19,12,15,24,11,71,63,13,6,161,13;00-13;05,8,10,11,9,9,10,9,13,13,11,11,12,10,7,12,11-16 anni,18,94,18,94,22,106,22,106,22,106,19,96,36,93,88,98
754,13.4166666666667,25,13,9,15,15,14,23,5,13,28,12,73,74,26,6,161,13;00-13;05,12,9,9,10,12,11,11,4,11,14,12,12,12,16,12,11-16 anni,21,103,22,106,15,85,26,118,24,111,28,125,43,105,100,108
755,13.4166666666667,22,17,17,20,12,15,21,9,10,25,9,74,82,20,3,161,13;00-13;05,9,12,15,14,10,12,10,9,8,12,9,12,14,12,8,11-16 anni,21,103,24,112,19,97,21,103,26,117,20,100,45,108,100,108
756,13.4166666666667,28,17,16,20,14,15,29,14,13,34,15,80,87,25,4,161,13;00-13;05,14,12,15,14,11,12,16,15,11,18,16,14,16,15,9,11-16 anni,26,118,25,115,31,132,34,142,30,129,24,112,51,118,129,133
757,13.4166666666667,29,14,10,21,15,20,19,12,8,24,11,68,76,19,6,161,13;00-13;05,14,10,10,15,12,16,9,13,6,11,11,11,13,10,12,11-16 anni,24,112,27,120,22,106,22,106,24,111,22,106,51,118,105,113
758,13.5,19,13,12,16,12,12,21,9,10,22,5,63,66,25,5,162,13;06-13;11,8,8,10,10,9,9,10,8,6,10,5,9,10,14,9,11-16 anni,16,88,19,97,18,94,15,85,19,97,23,109,35,92,86,96
759,13.5,31,18,15,20,15,13,22,10,15,21,11,75,68,14,6,162,13;06-13;11,15,12,13,13,11,9,11,9,12,9,11,13,10,7,10,11-16 anni,27,121,24,112,20,100,20,100,23,109,17,90,51,118,100,108
760,13.5,23,9,15,15,12,8,22,10,15,24,13,55,83,20,6,162,13;06-13;11,10,5,13,9,9,6,11,9,12,10,13,8,14,11,10,11-16 anni,15,85,18,94,20,100,23,109,22,106,21,103,33,88,82,93
761,13.5,31,18,19,18,16,14,24,11,20,24,12,72,69,28,6,162,13;06-13;11,15,12,16,12,13,10,12,10,17,10,12,12,10,16,10,11-16 anni,27,121,25,115,22,106,22,106,22,106,26,119,52,120,112,119
762,13.5,19,15,6,16,9,10,8,6,10,19,9,54,61,7,2,162,13;06-13;11,8,10,5,10,6,7,2,4,6,8,9,8,9,3,3,11-16 anni,18,94,16,88,6,59,17,91,17,91,6,55,34,90,59,74
763,13.5,15,15,11,18,10,12,18,12,14,12,9,67,57,23,6,162,13;06-13;11,6,10,9,12,7,9,9,11,11,5,9,11,8,13,10,11-16 anni,16,88,19,97,20,100,14,82,19,97,23,109,35,92,84,95
764,13.5,30,13,17,14,12,18,20,9,10,28,13,85,68,20,7,162,13;06-13;11,14,8,14,9,9,13,10,8,6,13,13,15,10,11,13,11-16 anni,22,106,18,94,18,94,26,118,25,114,24,112,40,100,97,106
765,13.5833333333333,22,19,13,15,14,19,17,11,13,23,11,71,73,26,8,163,13;06-13;11,9,13,11,9,10,15,8,10,10,10,11,12,12,15,15,11-16 anni,22,106,19,97,18,94,21,103,24,111,30,131,41,102,96,105
766,13.5833333333333,16,18,10,11,16,17,21,10,12,14,10,68,72,17,1,163,13;06-13;11,6,12,9,6,13,12,10,9,9,6,10,11,12,9,1,11-16 anni,18,94,19,97,19,97,16,88,23,109,10,68,37,95,82,93
767,13.5833333333333,14,9,3,12,14,11,10,7,10,11,7,60,48,14,7,163,13;06-13;11,5,5,2,7,10,8,3,5,6,4,7,9,6,7,13,11-16 anni,10,71,17,91,8,65,11,73,15,86,20,100,27,78,55,70
768,13.5833333333333,29,16,14,19,16,14,19,10,15,21,8,64,64,22,6,163,13;06-13;11,13,10,12,13,13,10,9,9,12,9,9,9,9,12,10,11-16 anni,23,109,26,118,18,94,18,94,18,94,22,106,49,115,97,106
769,13.5833333333333,24,14,10,19,11,9,15,7,14,11,8,59,59,22,6,163,13;06-13;11,11,9,9,13,8,6,7,5,11,4,9,8,8,12,10,11-16 anni,20,100,21,103,12,76,13,79,16,88,22,106,41,102,77,89
770,13.5833333333333,27,16,11,16,16,14,20,15,14,26,12,70,68,24,4,163,13;06-13;11,12,10,9,10,13,10,10,14,11,11,12,12,10,13,7,11-16 anni,22,106,23,109,24,112,23,109,22,106,20,100,45,108,105,113
771,13.5833333333333,28,23,14,24,19,21,28,12,19,32,16,85,90,26,7,163,13;06-13;11,13,16,12,18,16,16,15,11,16,15,18,15,16,15,13,11-16 anni,29,126,34,141,26,118,33,139,31,132,28,125,63,138,134,137
772,13.6666666666667,29,10,12,14,15,12,21,13,12,25,12,63,48,9,7,164,13;06-13;11,13,6,10,9,11,9,10,13,9,11,12,9,6,5,13,11-16 anni,19,97,20,100,23,109,23,109,15,86,18,93,39,98,87,97
773,13.6666666666667,28,14,12,18,14,21,21,12,12,28,10,69,75,22,5,164,13;06-13;11,13,9,10,12,10,16,10,11,9,13,10,11,12,12,9,11-16 anni,22,106,22,106,21,103,23,109,23,109,21,103,44,107,101,109
774,13.6666666666667,27,21,11,16,11,9,19,7,7,28,14,64,65,21,6,164,13;06-13;11,12,14,9,10,8,6,9,5,4,13,14,9,9,11,10,11-16 anni,26,118,18,94,14,82,27,121,18,94,21,103,44,107,91,101
775,13.6666666666667,20,10,7,9,17,11,20,16,12,24,12,59,51,11,5,164,13;06-13;11,8,6,6,5,14,8,10,15,9,10,12,8,7,6,9,11-16 anni,14,83,19,97,25,115,22,106,15,86,15,84,33,88,82,93
776,13.6666666666667,16,10,11,16,9,10,16,11,14,34,11,43,67,20,7,164,13;06-13;11,6,6,9,10,6,7,7,10,11,16,11,6,10,11,13,11-16 anni,12,77,16,88,17,91,27,121,16,88,24,112,28,80,78,90
777,13.6666666666667,32,20,15,18,16,13,24,14,11,25,11,62,55,25,5,164,13;06-13;11,15,14,13,12,13,9,12,14,8,11,11,9,8,14,9,11-16 anni,29,126,25,115,26,118,22,106,17,91,23,109,54,123,114,120
778,13.6666666666667,24,14,12,8,6,14,21,8,11,13,11,45,40,15,6,164,13;06-13;11,11,9,10,4,3,10,10,6,8,5,11,6,5,8,10,11-16 anni,20,100,7,62,16,88,16,88,11,74,18,93,27,78,62,76
779,13.6666666666667,26,18,14,17,11,18,25,10,15,27,14,69,74,24,8,164,13;06-13;11,12,12,12,11,8,13,13,9,12,12,14,11,12,13,15,11-16 anni,24,112,19,97,22,106,26,118,23,109,28,125,43,105,101,109
780,13.75,22,15,8,15,14,10,27,11,17,20,6,74,63,11,7,165,13;06-13;11,9,10,7,9,10,7,14,10,14,9,6,12,9,6,13,11-16 anni,19,97,19,97,24,112,15,85,21,103,19,96,38,97,89,99
781,13.75,15,12,10,16,11,14,9,11,10,18,12,33,49,20,4,165,13;06-13;11,6,8,9,10,8,10,2,10,6,8,12,4,7,11,7,11-16 anni,14,83,18,94,12,76,20,100,11,74,18,93,32,87,67,80
782,13.75,18,12,12,11,5,11,15,12,16,17,10,36,40,15,3,165,13;06-13;11,7,8,10,6,2,8,7,11,13,7,10,4,5,8,6,11-16 anni,15,85,8,65,18,94,17,91,9,68,14,81,23,72,60,74
783,13.75,27,16,12,14,10,16,24,10,13,22,10,66,68,25,7,165,13;06-13;11,12,10,10,9,7,12,12,9,10,10,10,11,10,14,13,11-16 anni,22,106,16,88,21,103,20,100,21,103,27,122,38,97,94,103
784,13.75,24,20,8,15,16,17,19,13,14,17,12,47,68,15,5,165,13;06-13;11,11,14,7,9,13,12,9,13,11,7,12,6,10,8,9,11-16 anni,25,115,22,106,22,106,19,97,16,88,17,90,47,112,90,100
785,13.75,25,21,17,20,14,19,21,15,18,31,9,74,75,23,8,165,13;06-13;11,11,14,14,13,10,15,10,14,15,14,9,12,12,13,15,11-16 anni,25,115,23,109,24,112,23,109,24,111,28,125,48,113,111,118
786,13.75,27,17,13,17,14,11,21,15,13,27,10,72,76,14,6,165,13;06-13;11,12,11,11,11,10,8,10,14,10,12,10,12,13,7,10,11-16 anni,23,109,21,103,24,112,22,106,25,114,17,90,44,107,99,108
787,13.75,20,13,9,11,10,16,27,8,15,22,5,59,51,11,4,165,13;06-13;11,8,8,8,6,7,12,14,6,12,10,5,8,7,6,7,11-16 anni,16,88,13,79,20,100,15,85,15,86,13,77,29,82,73,85
788,13.75,31,15,12,17,13,18,20,11,16,23,13,55,63,13,5,165,13;06-13;11,15,10,10,11,10,13,10,10,13,10,13,8,9,7,9,11-16 anni,25,115,21,103,20,100,23,109,17,91,16,87,46,110,91,101
789,13.75,19,16,13,14,16,19,12,5,19,18,8,80,59,23,3,165,13;06-13;11,8,10,11,9,13,15,5,2,16,8,9,14,8,13,6,11-16 anni,18,94,22,106,7,62,17,91,22,106,19,96,40,100,82,93
790,13.75,11,16,10,18,14,8,20,13,7,21,10,59,50,11,3,165,13;06-13;11,4,10,9,12,10,6,10,13,4,9,10,8,7,6,6,11-16 anni,14,83,22,106,23,109,19,97,15,86,12,74,36,93,82,93
791,13.8333333333333,18,5,8,18,14,14,20,11,9,18,10,62,81,17,7,166,13;06-13;11,7,3,7,12,10,10,10,10,5,8,10,9,14,9,13,11-16 anni,10,71,22,106,20,100,18,94,23,109,22,106,32,87,78,90
792,13.8333333333333,12,9,5,16,7,14,13,10,12,12,4,48,43,21,5,166,13;06-13;11,4,5,4,10,5,10,6,9,9,5,4,6,5,11,9,11-16 anni,9,68,15,85,15,85,9,67,11,74,20,100,24,73,61,75
793,13.8333333333333,26,17,11,14,8,13,21,8,13,26,14,58,66,16,5,166,13;06-13;11,12,11,9,9,6,9,10,6,10,11,14,8,10,8,9,11-16 anni,23,109,15,85,16,88,25,115,18,94,17,90,38,97,81,92
794,13.8333333333333,24,12,4,6,15,9,24,8,15,19,8,83,65,9,4,166,13;06-13;11,11,8,3,3,11,6,12,6,12,8,9,14,9,5,7,11-16 anni,19,97,14,82,18,94,17,91,23,109,12,74,33,88,78,90
795,13.8333333333333,29,20,8,20,13,17,23,11,14,32,11,76,87,25,6,166,13;06-13;11,13,14,7,13,10,12,11,10,11,15,11,13,15,14,10,11-16 anni,27,121,23,109,21,103,26,118,28,123,24,112,50,117,113,119
796,13.8333333333333,19,14,13,17,15,13,19,11,16,24,9,71,69,16,8,166,13;06-13;11,8,9,11,11,11,9,9,10,13,10,9,12,10,8,15,11-16 anni,17,91,22,106,19,97,19,97,22,106,23,109,39,98,88,98
797,13.8333333333333,21,16,11,13,19,16,21,12,13,25,10,70,78,25,8,166,13;06-13;11,9,10,9,8,16,12,10,11,10,11,10,12,13,14,15,11-16 anni,19,97,24,112,21,103,21,103,25,114,29,128,43,105,101,109
798,13.8333333333333,20,20,10,12,11,11,24,12,13,19,12,70,74,23,5,166,13;06-13;11,8,14,9,7,8,8,12,11,10,8,12,12,12,13,9,11-16 anni,22,106,15,85,23,109,20,100,24,111,22,106,37,95,93,102
799,13.8333333333333,29,18,17,21,15,19,27,13,12,29,12,92,83,23,6,166,13;06-13;11,13,12,14,14,11,15,14,13,9,13,12,18,14,13,10,11-16 anni,25,115,25,115,27,121,25,115,32,134,23,109,50,117,121,126
800,13.8333333333333,19,15,10,13,11,15,25,13,12,29,13,58,67,17,6,166,13;06-13;11,8,10,9,8,8,11,13,13,9,13,13,8,10,9,10,11-16 anni,18,94,16,88,26,118,26,118,18,94,19,96,34,90,90,100
801,13.8333333333333,16,14,12,11,13,11,16,9,11,23,1,49,69,14,7,166,13;06-13;11,6,9,10,6,10,8,7,8,8,10,1,7,10,7,13,11-16 anni,15,85,16,88,15,85,11,73,17,91,20,100,31,85,70,83
802,13.9166666666667,24,18,11,16,15,17,28,16,17,23,10,64,71,22,4,167,13;06-13;11,11,12,9,10,11,12,15,15,14,10,10,9,12,12,7,11-16 anni,23,109,21,103,30,130,20,100,21,103,19,96,44,107,105,113
803,13.9166666666667,21,14,7,9,10,9,22,12,13,20,10,35,27,19,4,167,13;06-13;11,9,9,6,5,7,6,11,11,10,9,10,4,2,10,7,11-16 anni,18,94,12,76,22,106,19,97,6,60,17,90,30,83,75,87
804,13.9166666666667,25,17,13,20,17,19,20,13,13,26,12,82,74,19,7,167,13;06-13;11,11,11,11,13,14,15,10,13,10,11,12,14,12,10,13,11-16 anni,22,106,27,120,23,109,23,109,26,117,23,109,49,115,107,114
805,13.9166666666667,16,17,17,14,17,13,27,10,14,27,4,74,66,16,6,167,13;06-13;11,6,11,14,9,14,9,14,9,11,12,4,12,10,8,10,11-16 anni,17,91,23,109,23,109,16,88,22,106,18,93,40,100,95,104
806,13.9166666666667,27,18,12,18,15,13,20,10,14,29,11,61,85,14,7,167,13;06-13;11,12,12,10,12,11,9,10,9,11,13,11,9,15,7,13,11-16 anni,24,112,23,109,19,97,24,112,24,111,20,100,47,112,95,104
807,13.9166666666667,17,12,14,12,12,10,19,11,7,11,6,54,65,13,5,167,13;06-13;11,7,8,12,7,9,7,9,10,4,4,6,8,9,7,9,11-16 anni,15,85,16,88,19,97,10,70,17,91,16,87,31,85,69,82
808,13.9166666666667,32,20,17,19,17,16,23,14,15,26,8,79,81,17,7,167,13;06-13;11,15,14,14,13,14,12,11,14,12,11,9,13,14,9,13,11-16 anni,29,126,27,120,25,115,20,100,27,120,22,106,56,127,114,120
809,14,24,20,12,17,12,15,24,13,12,23,14,69,48,16,5,168,14;00-14;05,11,15,10,11,10,11,13,13,9,10,14,10,6,8,10,11-16 anni,26,118,21,103,26,118,24,112,16,88,18,93,47,112,101,109
810,14,25,12,14,19,12,12,21,10,16,27,15,91,87,21,3,168,14;00-14;05,11,8,12,13,10,9,11,10,13,13,16,15,15,12,7,11-16 anni,19,97,23,109,21,103,29,127,30,129,19,96,42,103,103,111
811,14,29,20,14,19,15,17,28,12,16,31,16,76,69,20,7,168,14;00-14;05,13,15,12,13,12,12,16,12,13,15,17,12,10,12,14,11-16 anni,28,123,25,115,28,124,32,136,22,106,26,119,53,122,120,125
812,14,27,15,15,14,8,12,27,10,18,31,11,69,75,22,8,168,14;00-14;05,12,10,13,8,6,9,15,10,15,15,11,10,12,13,16,11-16 anni,22,106,14,82,25,115,26,118,22,106,29,128,36,93,99,108
813,14,19,11,4,10,5,11,19,10,9,19,9,48,43,12,2,168,14;00-14;05,7,7,2,5,3,8,9,10,6,8,9,6,5,6,5,11-16 anni,14,83,8,65,19,97,17,91,11,74,11,71,22,70,61,75
814,14,26,14,11,15,9,18,14,6,6,24,6,56,38,18,5,168,14;00-14;05,12,9,9,8,6,13,6,5,4,10,7,8,5,10,10,11-16 anni,21,103,14,82,11,74,17,91,13,80,20,100,35,92,74,86
815,14.0833333333333,22,11,12,12,9,12,23,7,15,24,12,49,58,24,4,169,14;00-14;05,8,7,10,6,6,9,12,6,12,10,12,7,8,14,8,11-16 anni,15,85,12,76,18,94,22,106,15,86,22,106,27,78,76,88
816,14.0833333333333,21,14,7,19,16,16,18,14,7,23,12,51,60,21,6,169,14;00-14;05,8,9,5,13,13,12,9,14,5,10,12,7,9,12,12,11-16 anni,17,91,26,118,23,109,22,106,16,88,24,112,43,105,95,104
817,14.0833333333333,17,11,8,19,18,9,17,13,13,18,7,32,58,20,3,169,14;00-14;05,6,7,6,13,15,6,8,13,10,8,8,4,8,12,7,11-16 anni,13,80,28,123,21,103,16,88,12,77,19,96,41,102,86,96
818,14.0833333333333,29,23,19,22,16,15,27,14,17,16,8,82,77,24,5,169,14;00-14;05,13,17,17,15,13,11,15,14,14,7,9,13,13,14,10,11-16 anni,30,129,28,123,29,127,16,88,26,117,24,112,58,130,121,126
819,14.0833333333333,22,13,14,14,11,10,16,12,11,18,7,80,69,18,5,169,14;00-14;05,8,8,12,8,8,7,7,12,8,8,8,13,10,10,10,11-16 anni,16,88,16,88,19,97,16,88,23,109,20,100,32,87,82,93
820,14.0833333333333,22,10,12,15,12,7,9,8,11,13,4,62,60,6,5,169,14;00-14;05,8,6,10,8,10,5,3,7,8,4,5,9,9,2,10,11-16 anni,14,83,18,94,10,71,9,67,18,94,12,74,32,87,57,72
821,14.0833333333333,22,15,15,17,15,14,25,13,13,25,8,83,85,22,6,169,14;00-14;05,8,10,13,11,12,10,14,13,10,11,9,13,15,13,12,11-16 anni,18,94,23,109,27,121,20,100,28,123,25,115,41,102,105,113
822,14.0833333333333,9,6,8,7,9,7,19,8,8,10,6,28,50,16,4,169,14;00-14;05,2,2,6,3,6,5,9,7,5,3,7,3,7,8,8,11-16 anni,4,53,9,68,16,88,10,70,10,71,16,87,13,55,43,60
823,14.0833333333333,23,14,9,14,7,14,18,15,12,23,13,74,67,20,4,169,14;00-14;05,10,9,8,8,5,10,9,14,9,10,13,11,10,12,8,11-16 anni,19,97,13,79,23,109,23,109,21,103,20,100,32,87,88,98
824,14.0833333333333,26,11,14,19,14,10,14,12,12,17,4,61,59,24,3,169,14;00-14;05,12,7,12,13,11,7,6,12,9,7,5,9,8,14,7,11-16 anni,19,97,24,112,18,94,12,76,17,91,21,103,43,105,91,101
825,14.0833333333333,33,19,16,24,19,19,27,13,15,24,10,92,84,22,4,169,14;00-14;05,16,14,14,18,16,14,15,13,12,10,10,16,14,13,8,11-16 anni,30,129,34,141,28,124,20,100,30,129,21,103,64,140,131,135
826,14.0833333333333,23,15,10,15,12,10,19,9,11,23,12,64,65,16,4,169,14;00-14;05,10,10,9,8,10,7,9,8,8,10,12,9,9,8,8,11-16 anni,20,100,18,94,17,91,22,106,18,94,16,87,38,97,82,93
827,14.0833333333333,26,14,15,16,14,16,18,8,10,26,15,68,64,19,5,169,14;00-14;05,12,9,13,10,11,12,9,7,7,11,16,10,9,11,10,11-16 anni,21,103,21,103,16,88,27,121,19,97,21,103,42,103,90,100
828,14.0833333333333,21,11,10,18,13,17,20,10,12,19,8,80,65,21,6,169,14;00-14;05,8,7,9,12,11,12,11,10,9,8,9,13,9,12,12,11-16 anni,15,85,23,109,21,103,17,91,22,106,24,112,38,97,92,102
829,14.1666666666667,24,15,12,15,15,9,16,9,9,21,8,43,48,13,1,170,14;00-14;05,11,10,10,8,12,6,7,8,6,9,9,6,6,7,2,11-16 anni,21,103,20,100,15,85,18,94,12,77,9,65,41,102,78,90
830,14.1666666666667,26,13,12,14,12,18,20,12,15,20,10,70,56,17,3,170,14;00-14;05,12,8,10,8,10,13,11,12,12,9,10,11,8,10,7,11-16 anni,20,100,18,94,23,109,19,97,19,97,17,90,38,97,91,101
831,14.1666666666667,19,18,14,19,11,18,18,13,15,24,8,69,65,19,6,170,14;00-14;05,7,13,12,13,8,13,9,13,12,10,9,10,9,11,12,11-16 anni,20,100,21,103,22,106,19,97,19,97,23,109,41,102,94,103
832,14.1666666666667,30,14,15,20,13,13,13,9,10,30,12,78,72,16,3,170,14;00-14;05,14,9,13,13,11,9,6,8,7,15,12,12,12,8,7,11-16 anni,23,109,24,112,14,82,27,121,24,111,15,84,47,112,96,105
833,14.1666666666667,30,20,8,13,17,16,21,10,13,16,7,78,70,21,5,170,14;00-14;05,14,15,6,7,14,12,11,10,10,7,8,12,10,12,10,11-16 anni,29,126,21,103,21,103,15,85,22,106,22,106,50,117,102,110
834,14.1666666666667,23,16,18,12,10,17,19,10,11,26,7,72,68,21,6,170,14;00-14;05,10,10,16,6,7,12,9,10,8,11,8,11,10,12,12,11-16 anni,20,100,13,79,19,97,19,97,21,103,24,112,33,88,86,96
835,14.1666666666667,20,13,8,16,18,16,14,11,13,24,12,57,70,19,5,170,14;00-14;05,7,8,6,10,15,12,6,11,10,10,12,8,10,11,10,11-16 anni,15,85,25,115,17,91,22,106,18,94,21,103,40,100,86,96
836,14.1666666666667,33,17,17,17,11,21,26,11,16,29,15,68,74,23,7,170,14;00-14;05,16,12,14,11,8,15,14,11,13,14,16,10,12,14,14,11-16 anni,28,123,19,97,25,115,30,130,22,106,28,125,47,112,110,117
837,14.1666666666667,26,17,16,18,16,17,23,14,18,27,11,86,94,23,5,170,14;00-14;05,12,12,14,12,13,12,12,14,15,13,11,14,17,14,10,11-16 anni,24,112,25,115,26,118,24,112,31,132,24,112,49,115,116,122
838,14.1666666666667,30,15,12,18,9,15,21,9,16,16,13,91,89,15,4,170,14;00-14;05,14,10,10,12,6,11,11,8,13,7,13,15,16,8,8,11-16 anni,24,112,18,94,19,97,20,100,31,132,16,87,42,103,91,101
839,14.1666666666667,30,16,15,18,14,12,27,18,17,30,9,81,71,17,4,170,14;00-14;05,14,10,13,12,11,9,15,18,14,15,9,13,12,10,8,11-16 anni,24,112,23,109,33,138,24,112,25,114,18,93,47,112,118,124
840,14.25,19,8,9,8,13,13,18,9,9,15,8,52,64,14,6,171,14;00-14;05,7,5,8,3,11,9,9,8,6,5,9,7,9,7,12,11-16 anni,12,77,14,82,17,91,14,82,16,88,19,96,26,77,62,76
841,14.25,18,13,15,17,13,5,24,9,7,17,4,61,47,19,5,171,14;00-14;05,6,8,13,11,11,3,13,8,5,7,5,9,6,11,10,11-16 anni,14,83,22,106,21,103,12,76,15,86,21,103,36,93,84,95
842,14.25,24,16,14,16,8,15,20,11,13,27,13,61,51,11,2,171,14;00-14;05,11,10,12,10,6,11,11,11,10,13,13,9,7,6,5,11-16 anni,21,103,16,88,22,106,26,118,16,88,11,71,37,95,87,97
843,14.25,30,19,17,21,17,20,24,13,19,30,4,76,74,26,7,171,14;00-14;05,14,14,14,14,14,15,13,13,16,15,5,12,12,17,14,11-16 anni,28,123,28,123,26,118,20,100,24,111,31,134,56,127,126,130
844,14.25,16,14,9,15,8,5,16,6,12,21,11,35,57,12,6,171,14;00-14;05,5,9,8,8,6,3,7,5,9,9,11,4,8,6,12,11-16 anni,14,83,14,82,12,76,20,100,12,77,18,93,28,80,59,74
845,14.25,21,12,9,13,8,8,14,7,14,18,11,61,77,18,2,171,14;00-14;05,8,8,8,7,6,6,6,6,11,8,11,9,13,10,5,11-16 anni,16,88,13,79,12,76,19,97,22,106,15,84,29,82,68,81
846,14.25,22,19,12,14,9,10,20,7,9,29,13,66,32,15,7,171,14;00-14;05,8,14,10,8,6,7,11,6,6,14,13,10,4,8,14,11-16 anni,22,106,14,82,17,91,27,121,14,83,22,106,36,93,85,96
847,14.25,19,16,10,14,17,19,19,13,13,21,12,82,82,20,5,171,14;00-14;05,7,10,9,8,14,14,9,13,10,9,12,13,14,12,10,11-16 anni,17,91,22,106,22,106,21,103,27,120,22,106,39,98,95,104
848,14.25,30,19,10,20,16,21,23,9,13,23,10,89,78,21,5,171,14;00-14;05,14,14,9,13,13,15,12,8,10,10,10,15,13,12,10,11-16 anni,28,123,26,118,20,100,20,100,28,123,22,106,54,123,111,118
849,14.25,24,11,13,13,17,11,22,8,15,25,14,61,83,12,5,171,14;00-14;05,11,7,11,7,14,8,12,7,12,11,14,9,14,6,10,11-16 anni,18,94,21,103,19,97,25,115,23,109,16,87,39,98,84,95
850,14.3333333333333,24,15,14,15,15,16,17,7,10,25,11,44,59,23,8,172,14;00-14;05,11,10,12,8,12,12,8,6,7,11,11,6,8,14,16,11-16 anni,21,103,20,100,14,82,22,106,14,83,30,131,41,102,86,96
851,14.3333333333333,26,15,9,22,13,18,15,9,11,31,14,78,79,17,4,172,14;00-14;05,12,10,8,15,11,13,7,8,8,15,14,12,13,10,8,11-16 anni,22,106,26,118,15,85,29,127,25,114,18,93,48,113,100,108
852,14.3333333333333,21,14,10,12,11,11,17,5,12,26,10,77,80,18,5,172,14;00-14;05,8,9,9,6,8,8,8,4,9,11,10,12,14,10,10,11-16 anni,17,91,14,82,12,76,21,103,26,117,20,100,31,85,76,88
853,14.3333333333333,19,20,13,14,14,10,19,9,12,18,9,67,73,14,7,172,14;00-14;05,7,15,11,8,11,7,9,8,9,8,9,10,12,7,14,11-16 anni,22,106,19,97,17,91,17,91,22,106,21,103,41,102,83,94
854,14.3333333333333,25,13,6,14,10,13,14,8,6,9,3,67,53,6,6,172,14;00-14;05,11,8,4,8,7,9,6,7,4,2,4,10,7,2,12,11-16 anni,19,97,15,85,13,79,6,58,17,91,14,81,34,90,61,75
855,14.3333333333333,26,19,11,17,15,12,14,10,14,23,8,68,83,20,6,172,14;00-14;05,12,14,9,11,12,9,6,10,11,10,9,10,14,12,12,11-16 anni,26,118,23,109,16,88,19,97,24,111,24,112,49,115,97,106
856,14.3333333333333,31,19,15,20,15,8,20,15,15,27,13,79,79,21,5,172,14;00-14;05,15,14,13,13,12,6,11,14,12,13,13,12,13,12,10,11-16 anni,29,126,25,115,25,115,26,118,25,114,22,106,54,123,116,122
857,14.3333333333333,24,18,13,15,13,16,21,9,15,28,10,70,75,17,1,172,14;00-14;05,11,13,11,8,11,12,11,8,12,14,10,11,12,10,2,11-16 anni,24,112,19,97,19,97,24,112,23,109,12,74,43,105,97,106
858,14.3333333333333,25,15,11,19,15,18,19,13,13,18,11,53,82,19,5,172,14;00-14;05,11,10,9,13,12,13,9,13,10,8,11,7,14,11,10,11-16 anni,21,103,25,115,22,106,19,97,21,103,21,103,46,110,94,103
859,14.4166666666667,25,10,14,16,10,13,16,8,13,24,11,39,50,14,6,173,14;00-14;05,11,6,12,10,7,9,7,7,10,10,11,5,7,7,12,11-16 anni,17,91,17,91,14,82,21,103,12,77,19,96,34,90,70,83
860,14.4166666666667,18,13,10,20,11,17,23,10,13,26,10,66,53,11,7,173,14;00-14;05,6,8,9,13,8,12,12,10,10,11,10,10,7,6,14,11-16 anni,14,83,21,103,22,106,21,103,17,91,20,100,35,92,84,95
861,14.4166666666667,26,15,8,18,16,19,26,9,17,25,13,78,65,22,7,173,14;00-14;05,12,10,6,12,13,14,14,8,14,11,13,12,9,13,14,11-16 anni,22,106,25,115,22,106,24,112,21,103,27,122,47,112,105,113
862,14.4166666666667,23,13,8,16,8,12,22,13,15,23,10,50,53,20,5,173,14;00-14;05,10,8,6,10,6,9,12,13,12,10,10,7,7,12,10,11-16 anni,18,94,16,88,25,115,20,100,14,83,22,106,34,90,88,98
863,14.4166666666667,20,15,9,16,12,14,18,9,17,22,7,68,67,11,4,173,14;00-14;05,7,10,8,10,10,10,9,8,14,10,8,10,10,6,8,11-16 anni,17,91,20,100,17,91,18,94,20,100,14,81,37,95,80,91
864,14.4166666666667,19,13,8,15,8,11,25,13,11,28,10,61,55,14,7,173,14;00-14;05,7,8,6,8,6,8,14,13,8,14,10,9,8,7,14,11-16 anni,15,85,14,82,27,121,24,112,17,91,21,103,29,82,86,96
865,14.4166666666667,26,18,9,17,17,19,23,5,12,22,5,71,65,19,3,173,14;00-14;05,12,13,8,11,14,14,12,4,9,10,6,11,9,11,7,11-16 anni,25,115,25,115,16,88,16,88,20,100,18,93,50,117,98,107
866,14.4166666666667,21,9,13,13,13,11,12,11,11,16,10,71,54,15,5,173,14;00-14;05,8,5,11,7,11,8,5,11,8,7,10,11,7,8,10,11-16 anni,13,80,18,94,16,88,17,91,18,94,18,93,31,85,73,85
867,14.4166666666667,22,14,9,12,11,12,13,11,13,19,6,80,74,11,4,173,14;00-14;05,8,9,8,6,8,9,6,11,10,8,7,13,12,6,8,11-16 anni,17,91,14,82,17,91,15,85,25,114,14,81,31,85,75,87
868,14.4166666666667,14,15,11,15,15,13,25,12,12,22,9,59,41,16,5,173,14;00-14;05,4,10,9,8,12,9,14,12,9,10,9,8,5,8,10,11-16 anni,14,83,20,100,26,118,19,97,13,80,18,93,34,90,86,96
869,14.4166666666667,20,16,14,21,14,9,23,12,15,25,13,76,68,20,4,173,14;00-14;05,7,10,12,14,11,6,12,12,12,11,13,12,10,12,8,11-16 anni,17,91,25,115,24,112,24,112,22,106,20,100,42,103,101,109
870,14.5,26,19,12,18,19,18,24,14,15,25,9,71,85,21,3,174,14;06-14;11,12,13,10,12,17,13,12,13,12,11,7,11,14,11,6,11-16 anni,25,115,29,126,25,115,18,94,25,114,17,90,54,123,112,119
871,14.5,27,9,13,15,14,12,21,13,15,23,11,75,84,18,8,174,14;06-14;11,12,5,11,9,10,9,10,12,12,10,10,12,13,9,14,11-16 anni,17,91,19,97,22,106,20,100,25,114,23,109,36,93,89,99
872,14.5,24,15,10,15,13,15,26,13,15,23,14,84,83,26,3,174,14;06-14;11,11,10,9,9,10,11,13,12,12,10,14,15,13,15,6,11-16 anni,21,103,19,97,25,115,24,112,28,123,21,103,40,100,105,113
873,14.5,22,19,12,10,13,11,22,10,14,16,8,69,61,17,7,174,14;06-14;11,8,13,10,5,10,8,11,9,11,6,7,10,9,9,12,11-16 anni,21,103,15,85,20,100,13,79,19,97,21,103,36,93,81,92
874,14.5,30,14,15,17,12,16,17,13,16,20,12,46,69,26,7,174,14;06-14;11,14,9,13,11,9,12,7,12,13,8,11,5,10,15,12,11-16 anni,23,109,20,100,19,97,19,97,15,86,27,122,43,105,90,100
875,14.5,23,11,8,13,11,10,11,11,11,15,8,66,58,13,6,174,14;06-14;11,9,7,7,7,8,7,4,10,8,5,7,10,8,7,10,11-16 anni,16,88,15,85,14,82,12,76,18,94,17,90,31,85,67,80
876,14.5833333333333,23,10,8,19,18,17,26,8,13,29,11,88,68,25,7,175,14;06-14;11,9,6,7,14,16,12,13,7,10,13,10,16,10,14,12,11-16 anni,15,85,30,129,20,100,23,109,26,117,26,119,45,108,108,115
877,14.5833333333333,18,13,5,13,14,14,21,9,11,21,12,67,77,14,4,175,14;06-14;11,6,8,3,7,10,10,10,8,8,8,11,10,12,7,7,11-16 anni,14,83,17,91,18,94,19,97,22,106,14,81,31,85,74,86
878,14.5833333333333,19,14,10,16,7,12,15,9,3,27,12,54,49,22,4,175,14;06-14;11,7,9,9,10,4,9,6,8,2,12,11,7,6,12,7,11-16 anni,16,88,14,82,14,82,23,109,13,80,19,96,30,83,75,87
879,14.5833333333333,23,17,14,18,13,12,23,10,8,29,9,64,72,24,7,175,14;06-14;11,9,11,12,12,10,9,11,9,6,13,7,8,11,13,12,11-16 anni,20,100,22,106,20,100,20,100,19,97,25,115,42,103,96,105
880,14.5833333333333,26,8,10,14,7,8,16,5,7,10,9,68,65,14,6,175,14;06-14;11,12,5,9,9,4,6,6,4,6,3,7,10,9,7,10,11-16 anni,17,91,13,79,10,71,10,70,19,97,17,90,30,83,60,74
881,14.5833333333333,26,13,15,14,10,11,21,8,13,18,8,49,74,18,3,175,14;06-14;11,12,8,13,9,6,8,10,7,10,7,7,6,11,9,6,11-16 anni,20,100,15,85,17,91,14,82,17,91,15,84,35,92,74,86
882,14.5833333333333,17,13,16,16,17,19,11,7,12,25,10,51,46,19,7,175,14;06-14;11,6,8,14,10,14,14,4,6,9,11,8,6,5,10,12,11-16 anni,14,83,24,112,10,71,19,97,11,74,22,106,38,97,75,87
883,14.5833333333333,26,16,11,15,16,11,23,12,6,24,8,73,50,9,5,175,14;06-14;11,12,10,9,9,13,8,11,11,5,10,7,11,6,4,9,11-16 anni,22,106,22,106,22,106,17,91,17,91,13,77,44,107,91,101
884,14.5833333333333,18,20,12,16,14,12,22,6,9,30,8,82,70,19,7,175,14;06-14;11,6,14,10,10,10,9,11,5,7,14,7,13,10,10,12,11-16 anni,20,100,20,100,16,88,21,103,23,109,22,106,40,100,93,102
885,14.5833333333333,12,7,11,12,8,4,12,9,11,15,9,54,74,8,4,175,14;06-14;11,3,4,9,6,5,2,4,8,8,5,7,7,11,3,7,11-16 anni,7,62,11,73,12,76,12,76,18,94,10,68,18,63,45,62
886,14.5833333333333,26,15,10,15,15,21,19,11,18,17,10,62,68,22,8,175,14;06-14;11,12,10,9,9,12,15,9,10,14,6,8,8,10,12,14,11-16 anni,22,106,21,103,19,97,14,82,18,94,26,119,43,105,88,98
887,14.5833333333333,25,15,16,15,15,17,12,6,9,22,12,59,74,17,8,175,14;06-14;11,11,10,14,9,12,12,4,5,7,10,11,7,11,9,14,11-16 anni,21,103,21,103,9,68,21,103,18,94,23,109,42,103,77,89
888,14.5833333333333,20,20,10,10,13,12,21,11,15,18,8,55,43,24,5,175,14;06-14;11,7,14,9,5,10,9,10,10,12,7,7,7,4,13,9,11-16 anni,21,103,15,85,20,100,14,82,11,74,22,106,36,93,83,94
889,14.6666666666667,27,12,9,19,10,11,23,10,15,19,14,68,75,17,7,176,14;06-14;11,12,8,8,14,6,8,11,9,12,7,14,10,11,9,12,11-16 anni,20,100,20,100,20,100,21,103,21,103,21,103,40,100,86,96
890,14.6666666666667,25,13,10,19,15,17,24,14,19,23,13,71,90,26,6,176,14;06-14;11,11,8,9,14,12,12,12,13,15,10,12,11,16,15,10,11-16 anni,19,97,26,118,25,115,22,106,27,120,25,115,45,108,106,113
891,14.6666666666667,13,12,7,20,15,11,17,5,11,19,6,74,59,10,0,176,14;06-14;11,3,8,5,14,12,8,7,4,8,7,4,11,8,4,1,11-16 anni,11,74,26,118,11,74,11,73,19,97,5,52,37,95,70,83
892,14.6666666666667,30,17,19,21,13,16,23,14,15,28,11,78,88,26,6,176,14;06-14;11,14,11,16,15,10,12,11,13,12,13,10,12,14,15,10,11-16 anni,25,115,25,115,24,112,23,109,26,117,25,115,50,117,114,120
893,14.6666666666667,28,12,10,16,12,13,17,9,7,17,12,55,33,23,6,176,14;06-14;11,13,8,9,10,9,9,7,8,6,6,11,7,3,13,10,11-16 anni,21,103,19,97,15,85,17,91,10,71,23,109,40,100,81,92
894,14.6666666666667,24,17,12,15,16,15,20,9,13,28,11,74,72,17,2,176,14;06-14;11,11,11,10,9,13,11,10,8,10,13,10,11,11,9,4,11-16 anni,22,106,22,106,18,94,23,109,22,106,13,77,44,107,95,104
895,14.6666666666667,20,15,15,15,10,8,23,10,6,25,12,64,61,23,7,176,14;06-14;11,7,10,13,9,6,6,11,9,5,11,11,8,9,13,12,11-16 anni,17,91,15,85,20,100,22,106,17,91,25,115,32,87,84,95
896,14.6666666666667,25,15,11,15,13,17,20,17,12,28,10,66,69,25,8,176,14;06-14;11,11,10,9,9,10,12,10,15,9,13,8,10,10,14,14,11-16 anni,21,103,19,97,25,115,21,103,20,100,28,125,40,100,102,110
897,14.6666666666667,26,13,10,13,8,13,20,7,12,19,16,49,61,13,7,176,14;06-14;11,12,8,9,7,5,9,10,6,9,7,18,6,9,7,12,11-16 anni,20,100,12,76,16,88,25,115,15,86,19,96,32,87,68,81
898,14.6666666666667,27,19,15,18,8,15,21,9,13,29,7,70,81,16,6,176,14;06-14;11,12,13,13,12,5,11,10,8,10,13,6,11,13,8,10,11-16 anni,25,115,17,91,18,94,19,97,24,111,18,93,42,103,92,102
899,14.75,17,16,10,21,13,16,28,15,16,25,12,64,69,20,8,177,14;06-14;11,6,10,9,15,10,12,16,13,13,11,11,8,10,11,14,11-16 anni,16,88,25,115,29,127,22,106,18,94,25,115,41,102,100,108
900,14.75,23,13,12,17,14,8,22,13,12,28,10,75,77,19,6,177,14;06-14;11,9,8,10,11,10,6,11,12,9,13,8,12,12,10,10,11-16 anni,17,91,21,103,23,109,21,103,24,111,20,100,38,97,96,105
901,14.75,28,21,15,20,16,15,28,14,16,30,13,84,91,25,5,177,14;06-14;11,13,14,13,14,13,11,16,13,13,14,12,15,16,14,9,11-16 anni,27,121,27,120,29,127,26,118,31,132,23,109,54,123,126,130
902,14.75,22,15,11,10,12,14,19,9,12,16,9,69,58,14,6,177,14;06-14;11,8,10,9,5,9,10,9,8,9,6,7,10,8,7,10,11-16 anni,18,94,14,82,17,91,13,79,18,94,17,90,32,87,72,85
903,14.75,23,19,16,22,14,10,23,16,15,26,7,67,83,22,6,177,14;06-14;11,9,13,14,16,10,7,11,14,12,11,6,10,13,12,10,11-16 anni,22,106,26,118,25,115,17,91,23,109,22,106,48,113,106,113
904,14.75,24,20,13,15,15,13,22,15,14,31,11,84,80,20,7,177,14;06-14;11,11,14,11,9,12,9,11,13,11,14,10,15,13,11,12,11-16 anni,25,115,21,103,24,112,24,112,28,123,23,109,46,110,110,117
905,14.75,29,16,14,15,15,10,27,14,10,28,13,63,78,13,5,177,14;06-14;11,13,10,12,9,12,7,15,13,8,13,12,8,12,7,9,11-16 anni,23,109,21,103,28,124,25,115,20,100,16,87,44,107,100,108
906,14.75,33,20,17,16,13,22,24,14,15,30,15,93,83,25,7,177,14;06-14;11,16,14,14,10,10,16,12,13,12,14,16,17,13,14,12,11-16 anni,30,129,20,100,25,115,30,130,30,129,26,119,50,117,120,125
907,14.75,17,5,9,13,7,10,17,5,5,19,11,85,61,15,4,177,14;06-14;11,6,3,8,7,4,7,7,4,4,7,10,15,9,8,7,11-16 anni,9,68,11,73,11,74,17,91,24,111,15,84,20,67,61,75
908,14.75,17,14,9,19,15,15,19,12,16,26,9,59,60,16,3,177,14;06-14;11,6,9,8,14,12,11,9,11,13,11,7,7,9,8,6,11-16 anni,15,85,26,118,20,100,18,94,16,88,14,81,41,102,87,97
909,14.75,25,19,17,20,8,18,13,8,9,18,14,73,45,23,6,177,14;06-14;11,11,13,14,14,5,13,5,7,7,7,14,11,5,13,10,11-16 anni,24,112,19,97,12,76,21,103,16,88,23,109,43,105,86,96
910,14.75,16,16,12,15,13,18,25,14,17,23,14,58,61,20,8,177,14;06-14;11,5,10,10,9,10,13,13,13,14,10,14,7,9,11,14,11-16 anni,15,85,19,97,26,118,24,112,16,88,25,115,34,90,88,98
911,14.75,21,21,6,11,15,5,24,16,14,16,12,64,53,15,3,177,14;06-14;11,8,14,4,5,12,3,12,14,11,6,11,8,6,8,6,11-16 anni,22,106,17,91,26,118,17,91,14,83,14,81,39,98,87,97
912,14.75,20,8,3,15,11,11,21,6,17,26,15,57,56,15,4,177,14;06-14;11,7,5,1,9,8,8,10,5,14,11,16,7,8,8,7,11-16 anni,12,77,17,91,15,85,27,121,15,86,15,84,29,82,70,83
913,14.8333333333333,27,17,11,17,13,18,27,16,17,29,8,78,80,18,4,178,14;06-14;11,12,11,9,11,10,13,15,14,14,13,7,12,13,9,7,11-16 anni,23,109,21,103,29,127,20,100,25,114,16,87,44,107,107,114
914,14.8333333333333,32,16,14,18,9,16,20,16,13,28,13,79,78,19,4,178,14;06-14;11,15,10,12,12,5,12,10,14,10,13,12,12,12,10,7,11-16 anni,25,115,17,91,24,112,25,115,24,111,17,90,42,103,101,109
915,14.8333333333333,25,12,16,10,15,14,23,14,12,26,12,85,66,17,5,178,14;06-14;11,11,8,14,5,12,10,11,13,9,11,11,15,10,9,9,11-16 anni,19,97,17,91,24,112,22,106,25,114,18,93,36,93,95,104
916,14.9166666666667,28,10,8,15,13,10,21,16,16,28,13,78,62,23,8,179,14;06-14;11,13,6,7,9,10,7,10,14,13,13,12,12,9,13,14,11-16 anni,19,97,19,97,24,112,25,115,21,103,27,122,38,97,100,108
917,14.9166666666667,33,19,16,19,16,20,24,11,12,24,12,74,62,28,4,179,14;06-14;11,16,13,14,14,13,15,12,10,9,10,11,11,9,16,7,11-16 anni,29,126,27,120,22,106,21,103,20,100,23,109,56,127,115,121
918,14.9166666666667,30,12,13,14,14,15,26,13,9,22,8,73,75,19,5,179,14;06-14;11,14,8,11,9,10,11,13,12,7,10,7,11,11,10,9,11-16 anni,22,106,19,97,25,115,17,91,22,106,19,96,41,102,97,106
919,14.9166666666667,26,19,14,16,14,11,20,14,7,16,11,36,28,17,4,179,14;06-14;11,12,13,12,10,10,8,10,13,6,6,10,2,2,9,7,11-16 anni,25,115,20,100,23,109,16,88,4,54,16,87,45,108,85,96
920,14.9166666666667,17,16,14,16,15,20,21,15,15,22,12,74,69,17,7,179,14;06-14;11,6,10,12,10,12,15,10,13,12,10,11,11,10,9,12,11-16 anni,16,88,22,106,23,109,21,103,21,103,21,103,38,97,91,101
921,14.9166666666667,24,20,13,20,17,18,27,16,18,31,15,74,75,20,5,179,14;06-14;11,11,14,11,14,14,13,15,14,14,14,16,11,11,11,9,11-16 anni,25,115,28,123,29,127,30,130,22,106,20,100,53,122,118,124
922,14.9166666666667,23,17,14,21,14,13,23,14,18,22,12,70,74,17,4,179,14;06-14;11,9,11,12,15,10,9,11,13,14,10,11,11,11,9,7,11-16 anni,20,100,25,115,24,112,21,103,22,106,16,87,45,108,99,108
923,14.9166666666667,27,21,10,13,16,12,16,12,15,28,11,78,73,21,7,179,14;06-14;11,12,14,9,7,13,9,6,11,12,13,10,12,11,11,12,11-16 anni,26,118,20,100,17,91,23,109,23,109,23,109,46,110,99,108
924,15,21,16,16,15,13,19,19,13,16,26,8,68,66,18,7,180,15;00-15;05,8,9,13,8,10,13,8,12,12,11,8,9,9,8,12,11-16 anni,17,91,18,94,20,100,19,97,18,94,20,100,35,92,83,94
925,15,23,16,8,23,19,21,23,12,15,30,12,93,80,20,6,180,15;00-15;05,9,9,7,16,16,14,10,11,11,14,11,17,12,11,10,11-16 anni,18,94,32,135,21,103,25,115,29,126,21,103,50,117,113,119
926,15,24,18,12,14,14,15,27,8,12,28,11,59,78,20,6,180,15;00-15;05,10,11,10,8,10,10,13,6,9,13,10,7,11,11,10,11-16 anni,21,103,18,94,19,97,23,109,18,94,21,103,39,98,89,99
927,15,30,21,14,17,19,17,29,17,17,31,15,81,86,23,6,180,15;00-15;05,14,14,11,11,16,11,14,15,13,14,16,13,13,13,10,11-16 anni,28,123,27,120,29,127,30,130,26,117,23,109,55,125,124,129
928,15,29,21,12,16,14,20,14,9,9,21,9,80,72,23,8,180,15;00-15;05,12,14,10,9,10,14,5,7,6,9,8,13,10,13,15,11-16 anni,26,118,19,97,12,76,17,91,23,109,28,125,45,108,92,102
929,15,30,17,13,11,15,16,28,15,14,24,12,82,65,25,4,180,15;00-15;05,14,10,11,5,11,11,14,13,10,10,11,13,8,14,6,11-16 anni,24,112,16,88,27,121,21,103,21,103,20,100,40,100,104,112
930,15,28,14,10,13,16,19,23,13,14,20,12,51,68,18,6,180,15;00-15;05,12,8,9,7,12,13,10,12,10,9,11,6,9,8,10,11-16 anni,20,100,19,97,22,106,20,100,15,86,18,93,39,98,84,95
931,15.0833333333333,26,22,16,19,13,18,24,12,15,22,12,68,89,24,6,181,15;00-15;05,11,15,13,13,10,12,11,11,11,10,11,9,14,13,10,11-16 anni,26,118,23,109,22,106,21,103,23,109,23,109,49,115,103,111
932,15.0833333333333,22,18,9,11,11,11,13,7,8,15,2,42,58,11,4,181,15;00-15;05,8,11,8,5,8,6,5,5,5,6,1,3,7,5,6,11-16 anni,19,97,13,79,10,71,7,61,10,71,11,71,32,87,56,71
933,15.0833333333333,24,14,8,12,11,16,20,7,14,28,12,70,67,19,3,181,15;00-15;05,10,8,7,6,8,11,9,5,10,13,11,11,9,9,5,11-16 anni,18,94,14,82,14,82,24,112,20,100,14,81,32,87,79,91
934,15.0833333333333,20,13,13,14,10,9,19,16,13,9,10,58,58,18,6,181,15;00-15;05,7,7,11,8,6,4,8,14,9,3,9,7,7,8,10,11-16 anni,14,83,14,82,22,106,12,76,14,83,18,93,28,80,68,81
935,15.0833333333333,18,13,13,18,6,15,17,13,12,20,8,60,66,22,8,181,15;00-15;05,6,7,11,12,3,10,7,12,9,9,8,8,9,12,15,11-16 anni,13,80,15,85,19,97,17,91,17,91,27,122,28,80,76,88
936,15.0833333333333,27,17,13,17,12,15,26,13,20,24,13,57,83,25,7,181,15;00-15;05,11,10,11,11,9,10,12,12,16,10,13,7,12,14,12,11-16 anni,21,103,20,100,24,112,23,109,19,97,26,119,41,102,96,105
937,15.0833333333333,30,19,14,14,17,10,26,17,8,31,11,69,60,19,4,181,15;00-15;05,14,13,11,8,14,5,12,15,5,14,10,9,8,9,6,11-16 anni,27,121,22,106,27,121,24,112,17,91,15,84,49,115,108,115
938,15.0833333333333,23,16,10,18,12,17,12,9,12,28,7,75,58,23,8,181,15;00-15;05,9,9,9,12,9,11,5,7,9,13,7,12,7,13,15,11-16 anni,18,94,21,103,12,76,20,100,19,97,28,125,39,98,89,99
939,15.0833333333333,18,15,13,14,16,14,23,12,13,14,10,55,77,20,6,181,15;00-15;05,6,9,11,8,12,8,10,11,9,6,9,7,11,11,10,11-16 anni,15,85,20,100,21,103,15,85,18,94,21,103,35,92,80,91
940,15.0833333333333,28,12,9,14,9,10,25,10,11,24,11,59,72,22,7,181,15;00-15;05,12,7,8,8,5,5,12,8,8,10,10,7,10,12,12,11-16 anni,19,97,13,79,20,100,20,100,17,91,24,112,32,87,81,92
941,15.0833333333333,24,13,7,16,16,15,16,10,11,23,8,60,66,14,7,181,15;00-15;05,10,7,6,9,12,10,6,8,8,10,8,8,9,6,12,11-16 anni,17,91,21,103,14,82,18,94,17,91,18,93,38,97,76,88
942,15.1666666666667,22,16,14,10,13,13,21,11,14,24,8,61,54,19,6,182,15;00-15;05,8,9,11,5,10,7,9,9,10,10,8,8,6,9,10,11-16 anni,17,91,15,85,18,94,18,94,14,83,19,96,32,87,77,89
943,15.1666666666667,21,18,13,20,12,12,21,11,14,23,10,58,54,27,8,182,15;00-15;05,8,11,11,13,9,7,9,9,10,10,9,7,6,16,15,11-16 anni,19,97,22,106,18,94,19,97,13,80,31,134,41,102,92,102
944,15.1666666666667,14,11,8,15,14,15,26,11,11,19,10,72,71,10,5,182,15;00-15;05,4,5,7,8,10,10,12,9,8,8,9,11,10,4,9,11-16 anni,9,68,18,94,21,103,17,91,21,103,13,77,27,78,71,84
945,15.1666666666667,21,18,15,19,10,14,24,10,14,19,11,73,74,19,4,182,15;00-15;05,8,11,12,13,6,8,11,8,10,8,10,11,10,9,6,11-16 anni,19,97,19,97,19,97,18,94,21,103,15,84,38,97,85,96
946,15.1666666666667,21,17,4,16,14,13,25,13,14,21,8,73,83,15,4,182,15;00-15;05,8,10,3,9,10,7,12,12,10,9,8,11,12,7,6,11-16 anni,18,94,19,97,24,112,17,91,23,109,13,77,37,95,88,98
947,15.1666666666667,31,20,16,17,15,19,27,17,16,19,6,50,56,21,8,182,15;00-15;05,15,14,13,11,11,13,13,15,12,8,6,6,7,11,15,11-16 anni,29,126,22,106,28,124,14,82,13,80,26,119,51,118,104,112
948,15.1666666666667,24,16,13,14,9,11,12,11,10,24,10,83,93,23,5,182,15;00-15;05,10,9,11,8,5,6,5,9,7,10,9,13,16,13,9,11-16 anni,19,97,13,79,14,82,19,97,29,126,22,106,32,87,82,93
949,15.1666666666667,22,10,6,14,15,14,21,13,18,16,9,52,19,19,5,182,15;00-15;05,8,4,5,8,11,8,9,12,14,7,8,6,1,9,9,11-16 anni,12,77,19,97,21,103,15,85,7,62,18,93,31,85,74,86
950,15.1666666666667,30,16,18,15,16,15,26,12,17,25,13,72,75,18,8,182,15;00-15;05,14,9,14,8,12,10,12,11,13,11,13,11,10,8,15,11-16 anni,23,109,20,100,23,109,24,112,21,103,23,109,43,105,96,105
951,15.1666666666667,18,19,13,17,15,18,16,13,10,31,8,75,79,21,2,182,15;00-15;05,6,13,11,11,11,12,6,12,7,14,8,12,11,11,3,11-16 anni,19,97,22,106,18,94,22,106,23,109,14,81,41,102,96,105
952,15.25,28,21,17,19,16,19,22,11,9,33,12,63,85,19,7,183,15;00-15;05,12,14,13,13,12,13,10,9,6,15,11,8,13,9,12,11-16 anni,26,118,25,115,19,97,26,118,21,103,21,103,51,118,102,110
953,15.25,21,13,18,18,13,13,15,8,12,25,12,74,66,20,6,183,15;00-15;05,8,7,14,12,10,7,6,6,9,11,11,11,9,11,10,11-16 anni,15,85,22,106,12,76,22,106,20,100,21,103,37,95,82,93
954,15.25,29,14,16,17,11,13,29,12,17,33,14,83,68,23,5,183,15;00-15;05,12,8,13,11,8,7,14,11,13,15,14,13,9,13,9,11-16 anni,20,100,19,97,25,115,29,127,22,106,22,106,39,98,105,113
955,15.25,28,18,13,12,13,18,20,11,11,21,8,50,65,24,3,183,15;00-15;05,12,11,11,6,10,12,9,9,8,9,8,6,8,13,5,11-16 anni,23,109,16,88,18,94,17,91,14,83,18,93,39,98,85,96
956,15.25,23,20,13,15,14,18,22,10,18,29,13,72,78,21,4,183,15;00-15;05,9,14,11,8,10,12,10,8,14,13,13,11,11,11,6,11-16 anni,23,109,18,94,18,94,26,118,22,106,17,90,41,102,94,103
957,15.25,23,15,14,13,9,17,20,10,12,31,12,76,61,17,6,183,15;00-15;05,9,9,11,7,5,11,9,8,9,14,11,12,8,8,10,11-16 anni,18,94,12,76,17,91,25,115,20,100,18,93,30,83,81,92
958,15.25,20,17,15,21,14,14,27,14,14,27,14,81,85,18,6,183,15;00-15;05,7,10,12,14,10,8,13,13,10,12,14,13,13,8,10,11-16 anni,17,91,24,112,26,118,26,118,26,117,18,93,41,102,100,108
959,15.3333333333333,15,11,8,13,7,9,11,8,8,14,6,64,79,11,2,184,15;00-15;05,5,5,7,7,4,4,5,6,5,6,6,8,11,5,3,11-16 anni,10,71,11,73,11,74,12,76,19,97,8,62,21,68,51,67
960,15.3333333333333,21,19,10,21,13,14,22,8,19,20,13,71,50,15,5,184,15;00-15;05,8,13,9,14,10,8,10,6,15,9,13,11,6,7,9,11-16 anni,21,103,24,112,16,88,22,106,17,91,16,87,45,108,88,98
961,15.3333333333333,16,12,7,10,12,15,15,8,13,13,11,54,58,16,7,184,15;00-15;05,5,7,6,5,9,10,6,6,9,5,10,7,7,7,12,11-16 anni,12,77,14,82,12,76,15,85,14,83,19,96,26,77,57,72
962,15.3333333333333,32,21,16,23,11,19,21,13,16,33,15,82,77,23,7,184,15;00-15;05,15,14,13,16,8,13,9,12,12,15,16,13,11,13,12,11-16 anni,29,126,24,112,21,103,31,133,24,111,25,115,53,122,115,121
963,15.3333333333333,27,17,18,20,15,18,25,13,16,24,11,70,68,22,5,184,15;00-15;05,11,10,14,13,11,12,12,12,12,10,10,11,9,12,9,11-16 anni,21,103,24,112,24,112,20,100,20,100,21,103,45,108,102,110
964,15.3333333333333,27,14,9,21,16,15,25,15,15,21,12,74,66,15,6,184,15;00-15;05,11,8,8,14,12,10,12,13,11,9,11,11,9,7,10,11-16 anni,19,97,26,118,25,115,20,100,20,100,17,90,45,108,97,106
965,15.3333333333333,31,21,12,23,19,22,28,16,19,35,16,88,84,23,6,184,15;00-15;05,15,14,10,16,16,16,14,14,15,17,17,15,12,13,10,11-16 anni,29,126,32,135,28,124,34,142,27,120,23,109,61,135,134,137
966,15.4166666666667,26,21,9,13,12,17,25,13,19,29,9,73,89,18,6,185,15;00-15;05,11,14,8,7,9,11,12,12,15,13,8,11,14,8,10,11-16 anni,25,115,16,88,24,112,21,103,25,114,18,93,41,102,97,106
967,15.4166666666667,28,18,16,17,15,17,18,12,15,19,11,79,86,27,8,185,15;00-15;05,12,11,13,11,11,11,8,11,11,8,10,12,13,16,15,11-16 anni,23,109,22,106,19,97,18,94,25,114,31,134,45,108,100,108
968,15.4166666666667,21,15,11,14,14,14,27,10,9,22,9,66,59,11,5,185,15;00-15;05,8,9,9,8,10,8,13,8,6,10,8,9,7,5,9,11-16 anni,17,91,18,94,21,103,18,94,16,88,14,81,35,92,80,91
969,15.4166666666667,21,21,12,17,17,16,20,10,11,17,4,76,68,17,7,185,15;00-15;05,8,14,10,11,14,11,9,8,8,7,3,12,9,8,12,11-16 anni,22,106,25,115,17,91,10,70,21,103,20,100,47,112,91,101
970,15.4166666666667,28,17,10,20,13,22,21,13,20,30,13,76,95,24,7,185,15;00-15;05,12,10,9,13,10,16,9,12,16,14,13,12,16,13,12,11-16 anni,22,106,23,109,21,103,27,121,28,123,25,115,45,108,105,113
971,15.4166666666667,31,18,17,20,16,17,31,15,13,17,13,89,89,23,6,185,15;00-15;05,15,11,13,13,12,11,15,13,9,7,13,15,14,13,10,11-16 anni,26,118,25,115,28,124,20,100,29,126,23,109,51,118,114,120
972,15.4166666666667,32,17,16,20,19,22,25,17,17,26,10,90,89,20,6,185,15;00-15;05,15,10,13,13,16,16,12,15,13,11,9,15,14,11,10,11-16 anni,25,115,29,126,27,121,20,100,29,126,21,103,54,123,118,124
973,15.4166666666667,24,17,14,15,11,13,16,5,9,25,11,70,68,20,5,185,15;00-15;05,10,10,11,8,8,7,6,3,6,11,10,11,9,11,9,11-16 anni,20,100,16,88,9,68,21,103,20,100,20,100,36,93,78,90
974,15.4166666666667,15,5,4,15,13,13,10,7,11,24,6,52,51,9,5,185,15;00-15;05,5,1,3,8,10,7,4,5,8,10,6,6,6,4,9,11-16 anni,6,59,18,94,9,68,16,88,12,77,13,77,24,73,53,68
975,15.5,20,16,13,13,15,10,21,15,10,24,13,67,80,23,8,186,15;06-15;11,7,9,10,7,11,7,9,12,6,9,12,9,12,13,14,11-16 anni,16,88,18,94,21,103,21,103,21,103,27,122,34,90,86,96
976,15.5,28,19,16,23,16,16,24,13,14,17,10,45,76,19,6,186,15;06-15;11,12,13,13,16,12,12,11,11,10,6,9,4,11,10,9,11-16 anni,25,115,28,123,22,106,15,85,15,86,19,96,53,122,95,104
977,15.5,24,20,8,21,15,21,23,13,15,29,14,91,89,27,7,186,15;06-15;11,10,14,7,14,11,15,10,11,11,12,13,15,15,16,12,11-16 anni,24,112,25,115,21,103,25,115,30,129,28,125,49,115,113,119
978,15.5,26,20,10,19,14,15,24,11,17,21,10,72,78,14,7,186,15;06-15;11,11,14,8,13,10,11,11,9,13,8,9,10,11,7,12,11-16 anni,25,115,23,109,20,100,17,91,21,103,19,96,48,113,93,102
979,15.5,27,15,14,20,16,15,17,4,11,19,13,75,90,23,7,186,15;06-15;11,11,9,11,13,12,11,7,3,7,7,12,11,15,13,12,11-16 anni,20,100,25,115,10,71,19,97,26,117,25,115,45,108,86,96
980,15.5,20,8,13,18,15,9,21,12,13,23,4,62,60,22,8,186,15;06-15;11,7,4,10,11,11,6,9,10,9,9,4,8,7,12,14,11-16 anni,11,74,22,106,19,97,13,79,15,86,26,119,33,88,81,92
981,15.5,22,19,9,17,12,13,25,13,12,30,10,84,88,18,5,186,15;06-15;11,8,13,8,10,9,9,12,11,8,13,9,14,14,9,8,11-16 anni,21,103,19,97,23,109,22,106,28,123,17,90,40,100,99,108
982,15.5833333333333,20,13,12,14,15,18,17,12,17,16,11,71,63,15,5,187,15;06-15;11,7,7,9,8,11,13,7,10,13,6,10,10,7,8,8,11-16 anni,14,83,19,97,17,91,16,88,17,91,16,87,33,88,74,86
983,15.5833333333333,28,20,17,17,15,20,31,7,18,28,13,77,75,24,7,187,15;06-15;11,12,14,13,10,11,15,16,6,14,12,12,11,10,13,12,11-16 anni,26,118,21,103,22,106,24,112,21,103,25,115,47,112,105,113
984,15.5833333333333,23,12,14,13,12,9,20,12,15,21,7,58,81,12,8,187,15;06-15;11,9,7,11,7,9,6,9,10,11,8,7,6,12,6,14,11-16 anni,16,88,16,88,19,97,15,85,18,94,20,100,32,87,71,84
985,15.5833333333333,35,20,15,20,17,19,22,13,15,26,12,82,84,20,7,187,15;06-15;11,17,14,12,13,13,14,10,11,11,10,11,13,12,11,12,11-16 anni,31,132,26,118,21,103,21,103,25,114,23,109,57,128,112,119
986,15.5833333333333,17,12,5,15,10,17,18,11,12,16,13,80,78,16,8,187,15;06-15;11,6,7,4,8,6,12,8,9,8,6,12,13,11,8,14,11-16 anni,13,80,14,82,17,91,18,94,24,111,22,106,27,78,71,84
987,15.5833333333333,26,18,17,19,17,17,28,18,14,33,12,59,73,21,6,187,15;06-15;11,11,11,13,13,13,12,15,15,10,14,11,6,10,11,9,11-16 anni,22,106,26,118,30,130,25,115,16,88,20,100,48,113,109,116
988,15.5833333333333,17,14,9,12,12,10,19,11,10,21,10,59,65,11,8,187,15;06-15;11,6,8,8,6,9,7,8,9,6,8,9,6,7,6,14,11-16 anni,14,83,15,85,17,91,17,91,13,80,20,100,29,82,66,79
989,15.6666666666667,25,14,10,16,12,11,25,11,13,30,10,65,60,20,8,188,15;06-15;11,10,8,8,9,9,8,12,9,9,13,9,8,7,11,14,11-16 anni,18,94,18,94,21,103,22,106,15,86,25,115,36,93,89,99
990,15.6666666666667,15,8,5,10,13,12,15,5,12,28,6,44,52,16,6,188,15;06-15;11,5,4,4,5,10,9,6,4,8,12,6,4,5,8,9,11-16 anni,9,68,15,85,10,71,18,94,9,68,17,90,24,73,58,73
991,15.6666666666667,25,18,16,17,17,17,26,10,16,20,9,79,75,18,5,188,15;06-15;11,10,11,13,10,13,12,12,8,12,8,8,11,10,9,8,11-16 anni,21,103,23,109,20,100,16,88,21,103,17,90,44,107,92,102
992,15.6666666666667,15,14,11,14,11,14,23,9,12,21,5,44,30,16,2,188,15;06-15;11,5,8,8,8,7,10,10,8,8,8,5,4,1,8,2,11-16 anni,13,80,15,85,18,94,13,79,5,57,10,68,28,80,66,79
993,15.6666666666667,25,17,12,17,11,8,26,12,16,21,6,80,65,15,8,188,15;06-15;11,10,10,9,10,7,6,12,10,12,8,6,13,7,8,14,11-16 anni,20,100,17,91,22,106,14,82,20,100,22,106,37,95,88,98
994,15.6666666666667,20,12,11,9,4,6,16,13,12,25,5,63,77,14,7,188,15;06-15;11,7,7,8,4,1,4,6,11,8,10,5,8,11,7,12,11-16 anni,14,83,5,56,17,91,15,85,19,97,19,96,19,65,61,75
995,15.6666666666667,24,14,11,17,13,13,23,8,18,14,9,67,64,18,3,188,15;06-15;11,10,8,8,10,10,9,10,7,14,5,8,9,7,9,4,11-16 anni,18,94,20,100,17,91,13,79,16,88,13,77,38,97,78,90
996,15.6666666666667,23,18,10,16,9,14,25,14,15,26,6,84,80,20,6,188,15;06-15;11,9,11,8,9,5,10,12,12,11,10,6,14,12,11,9,11-16 anni,20,100,14,82,24,112,16,88,26,117,20,100,34,90,93,102
997,15.6666666666667,17,7,4,10,8,15,27,9,13,9,10,51,54,13,3,188,15;06-15;11,6,3,3,5,5,11,13,8,9,2,9,5,5,7,4,11-16 anni,9,68,10,71,21,103,11,73,10,71,11,71,19,65,54,69
998,15.6666666666667,28,17,13,14,14,15,23,10,15,31,15,72,55,25,5,188,15;06-15;11,12,10,10,8,10,11,10,8,11,13,15,10,6,14,8,11-16 anni,22,106,18,94,18,94,28,124,16,88,22,106,40,100,95,104
999,15.6666666666667,32,19,16,20,13,15,19,9,15,32,10,84,78,23,6,188,15;06-15;11,15,13,13,13,10,11,8,8,11,14,9,14,11,13,9,11-16 anni,28,123,23,109,16,88,23,109,25,114,22,106,51,118,108,115
1000,15.6666666666667,30,20,15,18,12,18,26,14,16,22,14,71,76,25,5,188,15;06-15;11,13,14,12,11,9,13,12,12,12,9,13,10,11,14,8,11-16 anni,27,121,20,100,24,112,22,106,21,103,22,106,47,112,104,112
1001,15.75,21,18,18,12,11,12,13,10,16,19,12,67,74,16,5,189,15;06-15;11,8,11,14,6,7,9,5,8,12,7,11,9,10,8,8,11-16 anni,19,97,13,79,13,79,18,94,19,97,16,87,32,87,69,82
1002,15.75,28,19,14,13,17,10,25,16,16,24,6,70,90,23,5,189,15;06-15;11,12,13,11,7,13,7,12,13,12,9,6,10,15,13,8,11-16 anni,25,115,20,100,25,115,15,85,25,114,21,103,45,108,102,110
1003,15.75,28,15,10,12,11,12,24,12,9,32,9,67,82,24,6,189,15;06-15;11,12,9,8,6,7,9,11,10,5,14,8,9,12,13,9,11-16 anni,21,103,13,79,21,103,22,106,21,103,22,106,34,90,91,101
1004,15.75,18,12,8,19,15,10,19,15,11,31,11,78,66,16,5,189,15;06-15;11,6,7,7,13,11,7,8,12,7,13,10,11,9,8,8,11-16 anni,13,80,24,112,20,100,23,109,20,100,16,87,37,95,89,99
1005,15.75,27,19,13,20,18,14,28,12,15,32,15,83,72,21,6,189,15;06-15;11,11,13,10,13,14,10,15,10,11,14,15,13,10,11,9,11-16 anni,24,112,27,120,25,115,29,127,23,109,20,100,51,118,114,120
1006,15.75,24,10,16,18,19,15,26,13,19,24,11,79,76,21,7,189,15;06-15;11,10,5,13,11,15,11,12,11,15,9,10,11,11,11,12,11-16 anni,15,85,26,118,23,109,19,97,22,106,23,109,41,102,95,104
1007,15.75,28,16,14,13,10,16,25,18,13,11,12,62,71,17,6,189,15;06-15;11,12,9,11,7,6,12,12,15,9,3,11,8,10,9,9,11-16 anni,21,103,13,79,27,121,14,82,18,94,18,93,34,90,81,92
1008,15.75,30,22,12,19,15,13,30,16,18,28,14,95,84,27,8,189,15;06-15;11,13,15,9,13,11,9,16,13,14,12,13,16,12,16,14,11-16 anni,28,123,24,112,29,127,25,115,28,123,30,131,52,120,125,130
1009,15.75,26,19,16,19,16,18,19,11,10,29,12,88,80,22,5,189,15;06-15;11,11,13,13,13,12,13,8,9,6,12,11,15,12,12,8,11-16 anni,24,112,25,115,17,91,23,109,27,120,20,100,49,115,105,113
1010,15.75,21,12,7,12,11,13,16,7,8,28,2,65,60,12,2,189,15;06-15;11,8,7,6,6,7,9,6,6,4,12,2,8,7,6,2,11-16 anni,15,85,13,79,12,76,14,82,15,86,8,62,28,80,66,79
1011,15.75,18,15,6,15,12,13,17,7,10,18,11,75,85,11,6,189,15;06-15;11,6,9,5,8,9,9,7,6,6,7,10,11,14,6,9,11-16 anni,15,85,17,91,13,79,17,91,25,114,15,84,32,87,69,82
1012,15.8333333333333,26,22,17,22,16,22,24,16,17,22,13,81,90,27,6,190,15;06-15;11,11,15,13,15,12,16,11,13,13,9,12,13,15,16,9,11-16 anni,26,118,27,120,24,112,21,103,28,123,25,115,53,122,115,121
1013,15.8333333333333,18,17,11,12,8,6,16,3,7,22,10,68,64,17,4,190,15;06-15;11,6,10,8,6,5,4,6,2,4,9,9,9,7,9,6,11-16 anni,16,88,11,73,8,65,18,94,16,88,15,84,27,78,62,76
1014,15.8333333333333,18,15,8,18,11,9,18,6,16,22,7,69,61,24,5,190,15;06-15;11,6,9,7,11,7,6,8,5,12,9,7,9,7,13,8,11-16 anni,15,85,18,94,13,79,16,88,16,88,21,103,33,88,77,89
1015,15.8333333333333,21,16,15,17,14,12,20,13,18,21,13,64,70,14,8,190,15;06-15;11,8,9,12,10,10,9,9,11,14,8,12,8,9,7,14,11-16 anni,17,91,20,100,20,100,20,100,17,91,21,103,37,95,80,91
1016,15.8333333333333,27,16,13,19,16,15,24,18,12,13,14,69,77,19,7,190,15;06-15;11,11,9,10,13,12,11,11,15,8,4,13,9,11,10,12,11-16 anni,20,100,25,115,26,118,17,91,20,100,22,106,45,108,94,103
1017,15.8333333333333,28,20,15,19,17,18,21,17,17,28,16,82,83,23,7,190,15;06-15;11,12,14,12,13,13,13,9,14,13,12,16,13,12,13,12,11-16 anni,26,118,26,118,23,109,28,124,25,114,25,115,52,120,113,119
1018,15.8333333333333,23,14,11,16,17,10,24,11,8,20,8,59,45,14,5,190,15;06-15;11,9,8,8,9,13,7,11,9,4,8,8,6,4,7,8,11-16 anni,17,91,22,106,20,100,16,88,10,71,15,84,39,98,80,91
1019,15.8333333333333,28,19,18,18,13,19,13,15,16,23,14,70,78,22,8,190,15;06-15;11,12,13,14,11,10,14,5,12,12,9,13,10,11,12,14,11-16 anni,25,115,21,103,17,91,22,106,21,103,26,119,46,110,94,103
1020,15.8333333333333,32,15,12,23,15,16,27,12,18,29,13,82,77,22,7,190,15;06-15;11,15,9,9,16,11,12,13,10,14,12,12,13,11,12,12,11-16 anni,24,112,27,120,23,109,24,112,24,111,24,112,51,118,111,118
1021,15.9166666666667,17,16,12,9,10,9,14,7,8,20,8,69,62,14,7,191,15;06-15;11,6,9,9,4,6,6,5,6,4,8,8,9,7,7,12,11-16 anni,15,85,10,71,11,74,16,88,16,88,19,96,25,75,60,74
1022,15.9166666666667,27,12,16,16,19,16,19,9,15,25,13,62,80,19,8,191,15;06-15;11,11,7,13,9,15,12,8,8,11,10,12,8,12,10,14,11-16 anni,18,94,24,112,16,88,22,106,20,100,24,112,42,103,86,96
1023,15.9166666666667,30,16,16,22,16,17,27,11,13,30,11,93,81,25,6,191,15;06-15;11,13,9,13,15,12,12,13,9,9,13,10,16,12,14,9,11-16 anni,22,106,27,120,22,106,23,109,28,123,23,109,49,115,114,120
1024,15.9166666666667,26,17,11,18,13,13,14,13,14,28,10,72,79,22,5,191,15;06-15;11,11,10,8,11,10,9,5,11,10,12,9,10,11,12,8,11-16 anni,21,103,21,103,16,88,21,103,21,103,20,100,42,103,92,102
1025,15.9166666666667,25,18,4,19,13,12,16,14,12,18,14,64,66,19,5,191,15;06-15;11,10,11,3,13,10,9,6,12,8,7,13,8,9,10,8,11-16 anni,21,103,23,109,18,94,20,100,17,91,18,93,44,107,87,97
1026,15.9166666666667,20,14,14,13,8,14,27,13,16,18,7,55,80,24,6,191,15;06-15;11,7,8,11,7,5,10,13,11,12,7,7,6,12,13,9,11-16 anni,15,85,12,76,24,112,14,82,18,94,22,106,27,78,77,89
1027,15.9166666666667,31,22,17,23,17,19,26,19,17,35,14,80,81,20,7,191,15;06-15;11,15,15,13,16,13,14,12,16,13,16,13,13,12,11,12,11-16 anni,30,129,29,126,28,124,29,127,25,114,23,109,59,132,127,131
1028,15.9166666666667,32,16,16,12,15,13,18,13,12,31,11,72,62,11,6,191,15;06-15;11,15,9,13,6,11,9,8,11,8,13,10,10,7,6,9,11-16 anni,24,112,17,91,19,97,23,109,17,91,15,84,41,102,89,99
1029,15.9166666666667,23,12,8,15,14,16,21,9,16,30,9,77,78,16,4,191,15;06-15;11,9,7,7,8,10,12,9,8,12,13,8,11,11,8,6,11-16 anni,16,88,18,94,17,91,21,103,22,106,14,81,34,90,83,94
1030,15.9166666666667,27,19,16,17,15,15,17,13,14,23,7,69,58,19,5,191,15;06-15;11,11,13,13,10,11,11,7,11,10,9,7,9,6,10,8,11-16 anni,24,112,21,103,18,94,16,88,15,86,18,93,45,108,91,101
1031,15.9166666666667,30,23,18,19,18,18,29,17,15,22,12,77,82,20,7,191,15;06-15;11,13,16,14,13,14,13,15,14,11,9,11,11,12,11,12,11-16 anni,29,126,27,120,29,127,20,100,23,109,23,109,56,127,116,122
1032,15.9166666666667,20,10,10,13,8,9,13,11,12,19,6,69,79,11,6,191,15;06-15;11,7,5,8,7,5,6,5,9,8,7,6,9,11,6,9,11-16 anni,12,77,12,76,14,82,13,79,20,100,15,84,24,73,60,74
1033,15.9166666666667,25,17,13,15,17,11,27,12,11,27,15,75,73,17,5,191,15;06-15;11,10,10,10,8,13,8,13,10,7,11,15,11,10,9,8,11-16 anni,20,100,21,103,23,109,26,118,21,103,17,90,41,102,95,104
1034,15.9166666666667,32,21,19,19,18,13,25,13,13,31,15,83,65,16,6,191,15;06-15;11,15,14,15,13,14,9,12,11,9,13,15,13,7,8,9,11-16 anni,29,126,27,120,23,109,28,124,20,100,17,90,56,127,113,119
1035,16,28,17,13,19,8,14,23,13,17,28,5,76,78,14,6,192,16;00-16;11,12,10,10,12,5,9,10,12,13,13,5,11,11,6,10,17-22 anni,22,106,17,91,22,106,18,94,22,106,16,87,39,98,91,101
1036,16,15,16,14,17,14,17,25,9,15,15,9,67,70,24,5,192,16;00-16;11,4,9,11,10,10,11,13,7,11,5,8,9,8,12,9,17-22 anni,13,79,20,100,20,100,13,79,17,91,21,103,33,87,79,90
1037,16,23,19,11,15,13,17,27,12,10,18,6,73,85,22,6,192,16;00-16;11,9,12,8,8,10,11,14,10,6,7,6,10,13,11,10,17-22 anni,21,103,18,94,24,112,13,79,23,109,21,103,39,98,91,101
1038,16,27,21,13,16,12,16,18,15,14,26,14,82,59,13,7,192,16;00-16;11,11,13,10,9,9,11,8,13,10,11,13,12,6,6,12,17-22 anni,24,112,18,94,21,103,24,112,18,94,18,94,42,103,92,102
1039,16,29,16,14,19,18,16,27,13,13,18,9,79,85,19,8,192,16;00-16;11,12,9,11,12,14,11,14,12,9,7,8,11,13,9,15,17-22 anni,21,103,26,118,26,118,15,85,24,112,24,113,47,112,100,109
1040,16,25,12,9,16,10,13,10,6,7,27,10,69,60,20,5,192,16;00-16;11,10,7,7,9,7,8,2,4,4,12,9,9,7,10,9,17-22 anni,17,91,16,88,6,58,21,103,16,88,19,97,33,87,70,82
1041,16,28,16,19,22,16,22,27,17,14,31,11,83,92,16,3,192,16;00-16;11,12,9,16,15,12,15,14,15,10,14,10,12,14,7,5,17-22 anni,21,103,27,121,29,127,24,112,26,117,12,74,48,114,110,118
1042,16.0833333333333,26,14,11,15,14,9,21,13,17,23,15,84,80,24,4,193,16;00-16;11,11,8,8,8,10,5,9,12,13,9,15,13,12,12,7,17-22 anni,19,97,18,94,21,103,24,112,25,115,19,97,37,94,92,102
1043,16.0833333333333,30,15,19,21,15,19,20,12,17,26,13,78,73,24,6,193,16;00-16;11,13,9,16,13,11,13,9,10,13,11,12,11,9,12,10,17-22 anni,22,106,24,112,19,97,23,109,20,100,22,106,46,110,99,108
1044,16.0833333333333,24,20,18,20,13,11,26,10,14,18,12,88,82,19,7,193,16;00-16;11,10,13,15,12,10,7,13,8,10,7,11,14,12,9,12,17-22 anni,23,109,22,106,21,103,18,94,26,117,21,103,45,109,96,105
1045,16.0833333333333,21,18,9,19,19,16,22,13,16,27,12,60,62,21,8,193,16;00-16;11,8,11,7,12,15,11,10,12,12,12,11,8,7,10,15,17-22 anni,19,97,27,121,22,106,23,109,15,85,25,116,46,110,98,107
1046,16.0833333333333,31,17,16,17,16,19,21,10,14,30,10,84,80,14,3,193,16;00-16;11,14,10,13,10,12,13,9,8,10,14,9,13,12,6,5,17-22 anni,24,112,22,106,17,91,23,109,25,115,11,71,46,110,96,105
1047,16.0833333333333,29,20,11,19,18,20,20,16,17,29,14,67,83,22,6,193,16;00-16;11,12,13,8,12,14,14,9,14,13,13,13,9,12,11,10,17-22 anni,25,114,26,118,23,109,26,119,21,103,21,103,51,119,107,115
1048,16.0833333333333,25,20,17,16,14,13,24,15,15,20,11,50,49,22,6,193,16;00-16;11,10,13,13,9,10,8,11,13,11,8,10,5,5,11,10,17-22 anni,23,109,19,97,24,112,18,94,10,71,21,103,42,103,90,100
1049,16.1666666666667,26,20,15,21,18,15,24,10,17,30,13,83,84,25,6,194,16;00-16;11,11,13,12,13,14,10,11,8,13,14,12,12,12,13,10,17-22 anni,24,112,27,121,19,97,26,119,24,112,23,110,51,119,109,117
1050,16.1666666666667,31,20,12,18,17,19,24,11,19,29,11,93,88,23,7,194,16;00-16;11,14,13,9,11,13,13,11,9,15,13,10,15,13,12,12,17-22 anni,27,120,24,112,20,100,23,109,28,123,24,113,51,119,111,119
1051,16.1666666666667,27,21,14,17,14,15,27,18,19,28,15,73,75,19,8,194,16;00-16;11,11,13,11,10,10,10,14,16,15,13,15,10,9,9,15,17-22 anni,24,112,20,100,30,130,28,125,19,97,24,113,44,107,106,114
1052,16.1666666666667,21,17,5,17,16,14,23,7,15,27,13,65,79,22,6,194,16;00-16;11,8,10,3,10,12,9,10,5,11,12,12,8,11,11,10,17-22 anni,18,94,22,106,15,85,24,112,19,97,21,103,40,100,86,96
1053,16.1666666666667,15,17,8,21,11,7,12,8,7,13,5,81,79,8,4,194,16;00-16;11,4,10,6,13,8,4,3,6,4,4,5,12,11,3,7,17-22 anni,14,82,21,103,9,67,9,67,23,109,10,68,35,91,63,76
1054,16.1666666666667,28,19,14,16,20,19,29,11,9,19,11,77,83,28,6,194,16;00-16;11,12,12,11,9,16,13,15,9,5,7,10,11,12,16,10,17-22 anni,24,112,25,115,24,112,17,91,23,109,26,119,49,116,107,115
1055,16.25,25,15,11,18,15,14,25,12,8,10,9,72,58,25,6,195,16;00-16;11,10,9,8,11,11,9,13,10,4,3,8,10,6,13,10,17-22 anni,19,97,22,106,23,109,11,73,16,88,23,110,41,102,90,100
1056,16.25,21,13,13,14,12,18,21,15,12,18,5,69,81,18,8,195,16;00-16;11,8,7,10,8,9,12,9,13,8,7,5,9,12,8,15,17-22 anni,15,85,17,91,22,106,12,76,21,103,23,110,32,86,78,89
1057,16.25,30,19,17,20,13,16,24,9,11,36,13,88,83,21,8,195,16;00-16;11,13,12,13,12,10,11,11,7,7,17,12,14,12,10,15,17-22 anni,25,114,22,106,18,94,29,128,26,117,25,116,47,112,106,114
1058,16.25,31,17,12,23,19,23,27,9,15,24,14,77,80,20,6,195,16;00-16;11,14,10,9,16,15,17,14,7,11,9,13,11,12,10,10,17-22 anni,24,112,31,134,21,103,22,106,23,109,20,100,55,126,106,114
1059,16.25,28,14,12,17,11,16,18,14,10,22,7,75,67,19,8,195,16;00-16;11,12,8,9,10,8,11,8,13,6,9,7,11,8,9,15,17-22 anni,20,100,18,94,21,103,16,88,19,97,24,113,38,96,88,98
1060,16.25,20,15,7,17,8,17,19,7,13,20,13,53,60,14,5,195,16;00-16;11,7,9,5,10,5,11,8,5,9,8,12,5,7,6,9,17-22 anni,16,88,15,84,13,79,20,100,12,77,15,84,31,84,63,76
1061,16.3333333333333,20,12,15,15,16,13,15,6,10,18,6,65,66,18,6,196,16;00-16;11,7,7,12,8,12,8,5,4,6,7,6,8,8,8,10,17-22 anni,14,82,20,100,9,67,13,79,16,88,18,94,34,89,66,78
1062,16.3333333333333,21,16,11,18,15,14,22,10,15,14,4,54,81,23,3,196,16;00-16;11,8,9,8,11,11,9,10,8,11,5,4,6,12,12,5,17-22 anni,17,91,22,106,18,94,9,67,18,94,17,90,39,98,80,91
1063,16.3333333333333,25,22,15,12,8,6,22,17,15,21,11,75,88,23,8,196,16;00-16;11,10,14,12,5,5,3,10,15,11,8,10,11,13,12,15,17-22 anni,24,112,10,69,25,115,18,94,24,112,27,122,34,89,90,100
1064,16.3333333333333,28,20,15,20,17,15,25,16,16,24,6,78,91,22,5,196,16;00-16;11,12,13,12,12,13,10,13,14,12,9,6,11,14,11,9,17-22 anni,25,114,25,115,27,121,15,85,25,115,20,100,50,118,108,116
1065,16.3333333333333,25,19,13,19,14,17,26,16,16,28,12,78,90,22,6,196,16;00-16;11,10,12,10,12,10,11,13,14,12,13,11,11,14,11,10,17-22 anni,22,106,22,106,27,121,24,112,25,115,21,103,44,107,106,114
1066,16.3333333333333,24,14,8,20,17,12,25,12,16,22,10,34,57,24,4,196,16;00-16;11,10,8,6,12,13,8,13,10,12,9,9,2,6,12,7,17-22 anni,18,94,25,115,23,109,18,94,8,65,19,97,43,105,89,99
1067,16.3333333333333,24,14,10,13,14,15,19,15,16,26,14,77,82,19,4,196,16;00-16;11,10,8,8,7,10,10,8,13,12,11,13,11,12,9,7,17-22 anni,18,94,17,91,21,103,24,112,23,109,16,87,35,91,87,97
1068,16.4166666666667,22,18,7,16,8,8,23,14,17,23,8,71,75,22,5,197,16;00-16;11,8,11,5,9,5,5,10,13,13,9,8,10,9,11,9,17-22 anni,19,97,14,81,23,109,17,91,19,97,20,100,33,87,86,96
1069,16.4166666666667,29,17,12,17,10,14,21,14,16,30,11,75,88,26,7,197,16;00-16;11,12,10,9,10,7,9,9,13,12,14,10,11,13,14,12,17-22 anni,22,106,17,91,22,106,24,112,24,112,26,119,39,98,100,109
1070,16.4166666666667,21,11,13,15,13,17,18,12,12,17,15,76,74,8,7,197,16;00-16;11,8,6,10,8,10,11,8,10,8,6,15,11,9,3,12,17-22 anni,14,82,18,94,18,94,21,103,20,100,15,84,32,86,70,82
1071,16.4166666666667,27,15,14,17,16,15,24,12,17,27,13,90,87,25,5,197,16;00-16;11,11,9,11,10,12,10,11,10,13,12,12,14,13,13,9,17-22 anni,20,100,22,106,21,103,24,112,27,120,22,106,42,103,102,111
1072,16.4166666666667,25,14,8,18,11,14,19,12,15,22,13,90,84,24,4,197,16;00-16;11,10,8,6,11,8,9,8,10,11,9,12,14,12,12,7,17-22 anni,18,94,19,97,18,94,21,103,26,117,19,97,37,94,90,100
1073,16.4166666666667,31,14,13,9,10,14,23,9,16,16,6,54,48,16,4,197,16;00-16;11,14,8,10,3,7,9,10,7,12,6,6,6,3,7,7,17-22 anni,22,106,10,69,17,91,12,76,9,68,14,81,32,86,68,80
1074,16.5,28,17,11,13,16,14,19,12,10,27,8,62,64,17,7,198,16;00-16;11,12,10,8,7,12,9,8,10,6,12,8,8,7,8,12,17-22 anni,22,106,19,97,18,94,20,100,15,85,20,100,41,102,87,97
1075,16.5,22,13,7,16,10,16,22,10,11,16,5,65,83,22,4,198,16;00-16;11,8,7,5,9,7,11,10,8,7,6,5,8,12,11,7,17-22 anni,15,85,16,88,18,94,11,73,20,100,18,94,31,84,74,86
1076,16.5,27,13,10,12,11,8,15,8,14,16,14,69,83,21,4,198,16;00-16;11,11,7,8,5,8,5,5,6,10,6,13,9,12,10,7,17-22 anni,18,94,13,78,11,73,19,97,21,103,17,90,31,84,67,79
1077,16.5,27,18,12,20,13,14,25,10,10,24,13,73,79,24,7,198,16;00-16;11,11,11,9,12,10,9,13,8,6,9,12,10,11,12,12,17-22 anni,22,106,22,106,21,103,21,103,21,103,24,113,44,107,96,105
1078,16.5,23,16,15,14,12,10,18,10,14,22,13,79,75,15,8,198,16;00-16;11,9,9,12,8,9,6,8,8,10,9,12,11,9,7,15,17-22 anni,18,94,17,91,16,88,21,103,20,100,22,106,35,91,78,89
1079,16.5,24,20,9,16,9,14,18,6,9,26,12,75,63,19,4,198,16;00-16;11,10,13,7,9,5,9,8,4,5,11,11,11,7,9,7,17-22 anni,23,109,14,81,12,76,22,106,18,94,16,87,37,94,80,91
1080,16.5,28,20,15,17,14,19,24,13,16,31,14,78,83,22,5,198,16;00-16;11,12,13,12,10,10,13,11,12,12,14,13,11,12,11,9,17-22 anni,25,114,20,100,23,109,27,122,23,109,20,100,45,109,104,113
1081,16.5833333333333,29,16,15,16,13,15,24,13,12,30,12,81,80,16,4,199,16;00-16;11,12,9,12,9,10,10,11,12,8,14,11,12,12,7,7,17-22 anni,21,103,19,97,23,109,25,116,24,112,14,81,40,100,96,105
1082,16.5833333333333,21,16,14,9,11,17,21,13,11,26,8,72,80,17,6,199,16;00-16;11,8,9,11,3,8,11,9,12,7,11,8,10,12,8,10,17-22 anni,17,91,11,72,21,103,19,97,22,106,18,94,28,78,78,89
1083,16.5833333333333,24,21,13,19,15,12,25,15,18,27,13,87,85,18,6,199,16;00-16;11,10,13,10,12,11,8,13,13,14,12,12,13,13,8,10,17-22 anni,23,109,23,109,26,118,24,112,26,117,18,94,46,110,105,113
1084,16.5833333333333,24,18,13,21,19,16,24,13,16,24,12,88,82,25,6,199,16;00-16;11,10,11,10,13,15,11,11,12,12,9,11,14,12,13,10,17-22 anni,21,103,28,124,23,109,20,100,26,117,23,110,49,116,108,116
1085,16.5833333333333,22,15,19,17,7,15,19,13,12,20,9,58,63,17,5,199,16;00-16;11,8,9,16,10,4,10,8,12,8,8,8,6,7,8,9,17-22 anni,17,91,14,81,20,100,16,88,13,80,17,90,31,84,73,85
1086,16.6666666666667,31,16,11,17,9,13,24,11,15,26,9,85,81,23,6,200,16;00-16;11,14,9,8,10,5,8,11,9,11,11,8,13,12,12,10,17-22 anni,23,109,15,84,20,100,19,97,25,115,22,106,38,96,94,104
1087,16.6666666666667,30,17,15,20,19,17,30,11,17,33,14,77,86,22,8,200,16;00-16;11,13,10,12,12,15,11,16,9,13,15,13,11,13,11,15,17-22 anni,23,109,27,121,25,115,28,125,24,112,26,119,50,118,112,120
1088,16.6666666666667,9,6,13,4,16,10,8,6,9,22,3,25,52,10,7,200,16;00-16;11,1,1,10,1,12,6,1,4,5,9,3,1,5,4,12,17-22 anni,2,47,13,78,5,55,12,76,6,59,16,87,15,55,34,49
1089,16.6666666666667,21,20,16,20,13,11,20,15,14,24,11,59,75,20,5,200,16;00-16;11,8,13,13,12,10,7,9,13,10,9,10,6,9,10,9,17-22 anni,21,103,22,106,22,106,19,97,15,85,19,97,43,105,90,100
1090,16.6666666666667,25,18,13,20,18,15,24,14,16,29,14,84,90,24,7,200,16;00-16;11,10,11,10,12,14,10,11,13,12,13,13,13,14,12,12,17-22 anni,21,103,26,118,24,112,26,119,27,120,24,113,47,112,109,117
1091,16.6666666666667,18,13,11,20,12,13,22,10,13,23,10,79,58,15,4,200,16;00-16;11,6,7,8,12,9,8,10,8,9,9,9,11,6,7,7,17-22 anni,13,79,21,103,18,94,18,94,17,91,14,81,34,89,79,90
1092,16.6666666666667,21,16,10,20,16,15,19,18,12,28,13,84,89,24,5,200,16;00-16;11,8,9,8,12,12,10,8,16,8,13,12,13,14,12,9,17-22 anni,17,91,24,112,24,112,25,116,27,120,21,103,41,102,103,112
1093,16.6666666666667,29,22,16,23,12,18,24,15,15,31,15,81,74,23,7,200,16;00-16;11,12,14,13,16,9,12,11,13,11,14,15,12,9,12,12,17-22 anni,26,117,25,115,24,112,29,128,21,103,24,113,51,119,113,121
1094,16.6666666666667,30,16,13,19,15,19,26,15,20,21,13,77,87,21,4,200,16;00-16;11,13,9,10,12,11,13,13,13,16,8,12,11,13,10,7,17-22 anni,22,106,23,109,26,118,20,100,24,112,17,90,45,109,100,109
1095,16.6666666666667,30,18,12,16,15,19,21,10,14,28,14,86,60,22,7,200,16;00-16;11,13,11,9,9,11,13,9,8,10,13,13,13,7,11,12,17-22 anni,24,112,20,100,17,91,26,119,20,100,23,110,44,107,98,107
1096,16.75,32,18,16,20,20,18,19,12,16,26,8,83,79,20,8,201,16;00-16;11,14,11,13,12,16,12,8,10,12,11,8,12,11,10,15,17-22 anni,25,114,28,124,18,94,19,97,23,109,25,116,53,123,104,113
1097,16.75,20,18,14,15,12,14,27,16,12,25,11,81,79,19,2,201,16;00-16;11,7,11,11,8,9,9,14,14,8,11,10,12,11,9,3,17-22 anni,18,94,17,91,28,124,21,103,23,109,12,74,35,91,95,104
1098,16.75,26,14,11,11,14,18,23,16,14,24,8,43,65,21,5,201,16;00-16;11,11,8,8,4,10,12,10,14,10,9,8,4,7,10,9,17-22 anni,19,97,14,81,24,112,17,91,11,74,19,97,33,87,80,91
1099,16.75,18,14,7,16,11,6,25,11,14,19,9,66,74,15,5,201,16;00-16;11,6,8,5,9,8,3,13,9,10,7,8,9,9,7,9,17-22 anni,14,82,17,91,22,106,15,85,18,94,16,87,31,84,76,87
1100,16.75,20,8,12,19,12,11,15,5,13,23,6,69,74,9,3,201,16;00-16;11,7,3,9,12,9,7,5,3,9,9,6,9,9,4,5,17-22 anni,10,71,21,103,8,64,15,85,18,94,9,65,31,84,61,74
1101,16.75,24,21,10,16,15,19,26,11,11,24,10,80,78,16,7,201,16;00-16;11,10,13,8,9,11,13,13,9,7,9,9,12,11,7,12,17-22 anni,23,109,20,100,22,106,18,94,23,109,19,97,43,105,93,103
1102,16.75,31,19,18,19,14,21,27,19,13,28,13,80,80,28,7,201,16;00-16;11,14,12,15,12,10,14,14,17,9,13,12,12,12,16,12,17-22 anni,26,117,22,106,31,133,25,116,24,112,28,126,48,114,120,127
1103,16.75,29,22,17,20,16,22,21,13,9,21,14,79,85,20,7,201,16;00-16;11,12,14,13,12,12,15,9,12,5,8,13,11,13,10,12,17-22 anni,26,117,24,112,21,103,21,103,24,112,22,106,50,118,100,109
1104,16.8333333333333,21,14,11,15,18,10,10,10,9,25,10,72,73,16,8,202,16;00-16;11,8,8,8,8,14,6,2,8,5,11,9,10,9,7,15,17-22 anni,16,88,22,106,10,70,20,100,19,97,22,106,38,96,76,87
1105,16.8333333333333,27,22,15,18,18,15,23,15,19,36,12,81,92,26,8,202,16;00-16;11,11,14,12,11,14,10,10,13,15,17,11,12,14,14,15,17-22 anni,25,114,25,115,23,109,28,125,26,117,29,129,50,118,116,123
1106,16.8333333333333,11,6,5,14,4,8,13,6,10,11,1,22,39,8,4,202,16;00-16;11,2,1,3,8,1,5,4,4,6,3,1,1,2,3,7,17-22 anni,3,50,9,66,8,64,4,51,3,51,10,68,12,50,27,43
1107,16.8333333333333,19,14,15,16,12,14,18,10,15,21,13,46,73,16,5,202,16;00-16;11,7,8,12,9,9,9,8,8,11,8,12,4,9,7,9,17-22 anni,15,85,18,94,16,88,20,100,13,80,16,87,33,87,68,80
1108,16.8333333333333,29,15,13,13,19,17,27,11,16,24,11,78,93,11,4,202,16;00-16;11,12,9,10,7,15,11,14,9,12,9,10,11,15,5,7,17-22 anni,21,103,22,106,23,109,19,97,26,117,12,74,43,105,91,101
1109,16.8333333333333,29,17,17,17,18,20,22,13,12,30,13,76,79,28,7,202,16;00-16;11,12,10,13,10,14,14,10,12,8,14,12,11,11,16,12,17-22 anni,22,106,24,112,22,106,26,119,22,106,28,126,46,110,109,117
1110,16.8333333333333,30,20,14,17,13,15,22,6,7,25,7,51,50,25,4,202,16;00-16;11,13,13,11,10,10,10,10,4,4,11,7,5,5,13,7,17-22 anni,26,117,20,100,14,82,18,94,10,71,20,100,46,110,89,99
1111,16.8333333333333,26,20,17,22,19,19,19,9,15,30,15,72,80,24,7,202,16;00-16;11,11,13,13,15,15,13,8,7,11,14,15,10,12,12,12,17-22 anni,24,112,30,130,15,85,29,128,22,106,24,113,54,125,105,113
1112,16.9166666666667,9,8,9,20,11,11,22,6,16,22,5,81,59,20,3,203,16;00-16;11,1,3,7,12,8,7,10,4,12,9,5,12,6,10,5,17-22 anni,4,53,20,100,14,82,14,82,18,94,15,84,24,71,69,81
1113,16.9166666666667,29,23,15,19,16,17,23,13,17,28,13,85,62,20,8,203,16;00-16;11,12,15,12,12,12,11,10,12,13,13,12,13,7,10,15,17-22 anni,27,120,24,112,22,106,25,116,20,100,25,116,51,119,109,117
1114,16.9166666666667,33,23,7,9,8,20,20,7,11,17,13,82,54,16,5,203,16;00-16;11,15,15,5,3,5,14,9,5,7,6,12,12,5,7,9,17-22 anni,30,129,8,63,14,82,18,94,17,91,16,87,38,96,77,88
1115,16.9166666666667,27,18,16,14,12,15,27,11,16,14,13,86,59,26,6,203,16;00-16;11,11,11,13,8,9,10,14,9,12,5,12,13,6,14,10,17-22 anni,22,106,17,91,23,109,17,91,19,97,24,113,39,98,94,104
1116,17,24,12,10,19,12,11,17,11,11,20,8,56,60,16,4,204,17;00-17;11,10,7,8,12,8,7,7,9,6,8,7,7,8,7,6,17-22 anni,17,91,20,100,16,88,15,85,15,85,13,78,37,94,75,86
1117,17,25,20,9,11,13,16,18,10,15,20,6,77,79,16,5,204,17;00-17;11,10,14,7,5,10,11,8,8,11,8,5,11,11,7,8,17-22 anni,24,112,15,84,16,88,13,79,22,106,15,84,39,98,81,92
1118,17,23,16,10,19,9,20,20,16,16,24,13,60,64,23,4,204,17;00-17;11,9,9,8,12,5,14,9,13,12,9,12,8,8,12,6,17-22 anni,18,94,17,91,22,106,21,103,16,88,18,94,35,91,86,96
1119,17,25,18,16,17,13,13,23,8,13,29,14,77,76,27,5,204,17;00-17;11,10,11,14,10,10,8,11,6,9,12,13,11,11,15,8,17-22 anni,21,103,20,100,17,91,25,116,22,106,23,110,41,102,96,105
1120,17,30,20,14,21,15,22,31,11,11,27,13,60,51,25,6,204,17;00-17;11,14,14,11,13,11,16,16,9,6,11,12,8,6,13,9,17-22 anni,28,123,24,112,25,115,23,109,14,83,22,106,52,121,109,117
1121,17,11,6,3,10,6,9,25,6,8,12,13,74,50,13,4,204,17;00-17;11,1,1,1,5,2,4,13,4,3,3,12,10,6,6,6,17-22 anni,2,47,7,60,17,91,15,85,16,88,12,74,9,45,45,59
1122,17.0833333333333,26,20,16,19,14,13,24,11,12,33,10,88,89,27,7,205,17;00-17;11,11,14,14,12,10,8,12,9,8,15,8,15,15,15,12,17-22 anni,25,114,22,106,21,103,23,109,30,129,27,122,47,112,113,121
1123,17.0833333333333,22,15,13,22,15,14,21,16,16,24,9,81,72,23,7,205,17;00-17;11,8,9,10,14,11,9,9,13,12,9,7,12,10,12,12,17-22 anni,17,91,25,115,22,106,16,88,22,106,24,113,42,103,97,106
1124,17.0833333333333,31,12,11,18,17,19,16,15,14,24,7,76,84,14,3,205,17;00-17;11,15,7,8,11,13,13,6,12,10,9,6,11,12,6,4,17-22 anni,22,106,24,112,18,94,15,85,23,109,10,68,46,110,90,100
1125,17.0833333333333,29,20,14,18,11,14,21,13,16,27,10,80,81,22,4,205,17;00-17;11,12,14,11,11,7,9,9,11,12,11,8,12,12,11,6,17-22 anni,26,117,18,94,20,100,19,97,24,112,17,90,44,107,98,107
1126,17.0833333333333,24,11,11,11,12,14,17,13,16,22,8,72,81,21,6,205,17;00-17;11,10,6,8,5,8,9,7,11,12,9,7,10,12,10,9,17-22 anni,16,88,13,78,18,94,16,88,22,106,19,97,29,80,76,87
1127,17.0833333333333,20,15,13,13,15,9,17,11,14,15,11,58,45,16,4,205,17;00-17;11,6,9,10,7,11,4,7,9,10,4,9,7,4,7,6,17-22 anni,15,85,18,94,16,88,13,79,11,74,13,78,33,87,67,79
1128,17.0833333333333,30,20,14,14,16,14,21,20,15,34,16,82,88,28,7,205,17;00-17;11,14,14,11,8,12,9,9,16,11,16,17,12,13,15,12,17-22 anni,28,123,20,100,25,115,33,140,25,115,27,122,48,114,116,123
1129,17.0833333333333,23,13,13,17,15,15,19,5,13,13,9,47,35,16,6,205,17;00-17;11,9,7,10,10,11,10,8,3,9,3,7,5,2,7,9,17-22 anni,16,88,21,103,11,73,10,70,7,62,16,87,37,94,63,76
1130,17.0833333333333,30,18,16,17,18,16,22,11,15,29,7,74,78,17,7,205,17;00-17;11,14,11,14,10,14,11,11,9,11,12,6,10,11,8,12,17-22 anni,25,114,24,112,20,100,18,94,21,103,20,100,49,116,99,108
1131,17.0833333333333,28,21,14,19,13,14,20,12,8,30,13,86,72,20,8,205,17;00-17;11,12,14,11,12,10,9,9,10,3,13,12,14,10,10,14,17-22 anni,26,117,22,106,19,97,25,116,24,112,24,113,48,114,104,113
1132,17.0833333333333,26,14,5,18,13,14,20,8,9,15,4,48,59,18,5,205,17;00-17;11,11,8,2,11,10,9,9,6,4,4,2,5,7,8,8,17-22 anni,19,97,21,103,15,85,6,57,12,77,16,87,40,100,72,84
1133,17.1666666666667,21,12,13,12,9,10,28,13,13,27,10,67,79,21,7,206,17;00-17;11,8,7,10,6,5,5,15,11,9,11,8,9,11,10,12,17-22 anni,15,85,11,72,26,118,19,97,20,100,22,106,26,75,82,93
1134,17.1666666666667,21,16,11,16,15,13,10,13,14,26,12,48,61,17,4,206,17;00-17;11,8,9,8,9,11,8,3,11,10,10,11,5,8,8,6,17-22 anni,17,91,20,100,14,82,21,103,13,80,14,81,37,94,74,86
1135,17.1666666666667,26,14,10,16,12,13,12,10,13,20,14,71,70,27,8,206,17;00-17;11,11,8,8,9,8,8,4,8,9,8,13,10,9,15,14,17-22 anni,19,97,17,91,12,76,21,103,19,97,29,129,36,93,81,92
1136,17.1666666666667,16,16,8,17,13,13,20,11,10,12,6,66,59,9,3,206,17;00-17;11,4,9,6,10,10,8,9,9,5,3,5,9,7,4,4,17-22 anni,13,79,20,100,18,94,8,64,16,88,8,62,33,87,67,79
1137,17.1666666666667,15,15,10,17,13,10,22,13,16,23,12,79,60,18,3,206,17;00-17;11,4,9,8,10,10,5,11,11,12,9,11,11,8,8,4,17-22 anni,13,79,20,100,22,106,20,100,19,97,12,74,33,87,83,94
1138,17.1666666666667,28,19,16,22,20,16,19,13,16,27,14,83,64,22,6,206,17;00-17;11,12,12,14,14,17,11,8,11,12,11,13,12,8,11,9,17-22 anni,24,112,31,134,19,97,24,112,20,100,20,100,55,126,108,116
1139,17.1666666666667,27,11,11,18,13,16,24,12,13,26,10,70,91,18,6,206,17;00-17;11,11,6,8,11,10,11,12,10,9,10,8,10,15,8,9,17-22 anni,17,91,21,103,22,106,18,94,25,115,17,90,38,96,88,98
1140,17.1666666666667,21,16,12,21,16,22,13,13,14,28,10,79,81,22,7,206,17;00-17;11,8,9,9,13,12,16,5,11,10,12,8,11,12,11,12,17-22 anni,17,91,25,115,16,88,20,100,23,109,23,110,42,103,92,102
1141,17.1666666666667,30,19,12,22,16,19,27,15,18,24,11,80,91,28,5,206,17;00-17;11,14,12,9,14,12,13,14,12,14,9,9,12,15,15,8,17-22 anni,26,117,26,118,26,118,18,94,27,120,23,110,52,121,114,122
1142,17.1666666666667,20,8,13,13,13,14,21,12,14,20,9,66,60,21,8,206,17;00-17;11,6,3,10,7,10,9,9,10,10,8,7,9,8,10,14,17-22 anni,9,68,17,91,19,97,15,85,17,91,24,113,26,75,72,84
1143,17.1666666666667,25,15,4,13,12,15,18,11,12,20,11,62,42,16,8,206,17;00-17;11,10,9,1,7,8,10,8,9,8,8,9,8,3,7,14,17-22 anni,19,97,15,84,17,91,17,91,11,74,21,103,34,89,74,86
1144,17.25,19,17,16,19,14,17,17,17,13,17,11,60,83,19,8,207,17;00-17;11,6,10,14,12,10,11,7,14,9,5,9,8,12,9,14,17-22 anni,16,88,22,106,21,103,14,82,20,100,23,110,38,96,81,92
1145,17.25,29,18,16,19,15,17,21,17,19,29,11,68,73,22,7,207,17;00-17;11,12,11,14,12,11,11,9,14,16,12,9,9,10,11,12,17-22 anni,23,109,23,109,23,109,21,103,19,97,23,110,46,110,101,110
1146,17.25,23,12,11,16,12,14,13,15,11,28,8,85,80,27,6,207,17;00-17;11,9,7,8,9,8,9,5,12,6,12,7,14,12,15,9,17-22 anni,16,88,17,91,17,91,19,97,26,117,24,113,33,87,91,101
1147,17.25,14,9,8,15,8,7,15,14,11,22,6,41,45,9,3,207,17;00-17;11,3,3,6,8,5,3,6,12,6,9,5,3,4,4,4,17-22 anni,6,59,13,78,18,94,14,82,7,62,8,62,19,63,53,67
1148,17.25,26,15,12,14,13,17,17,13,14,28,15,90,77,21,7,207,17;00-17;11,11,9,9,8,10,11,7,11,10,12,15,15,11,10,12,17-22 anni,20,100,18,94,18,94,27,122,26,117,22,106,38,96,93,103
1149,17.25,15,15,8,19,11,10,27,15,14,24,12,78,87,17,6,207,17;00-17;11,4,9,6,12,7,5,14,12,10,9,11,11,13,8,9,17-22 anni,13,79,19,97,26,118,20,100,24,112,17,90,32,86,86,96
1150,17.25,30,16,18,21,16,19,23,6,13,24,10,76,76,22,7,207,17;00-17;11,14,9,15,13,12,13,11,4,9,9,8,11,11,11,12,17-22 anni,23,109,25,115,15,85,17,91,22,106,23,110,48,114,94,104
1151,17.25,22,16,17,20,17,13,23,12,15,20,14,74,58,18,7,207,17;00-17;11,8,9,14,12,13,8,11,10,11,8,13,10,7,8,12,17-22 anni,17,91,25,115,21,103,21,103,17,91,20,100,42,103,89,99
1152,17.25,27,15,9,19,20,22,24,10,14,30,13,88,83,25,6,207,17;00-17;11,11,9,7,12,17,16,12,8,10,13,12,15,12,13,9,17-22 anni,20,100,29,127,20,100,25,116,27,120,22,106,49,116,110,118
1153,17.25,31,19,18,19,14,18,23,16,16,28,11,61,69,27,6,207,17;00-17;11,15,12,15,12,10,12,11,13,12,12,9,8,9,15,9,17-22 anni,27,120,22,106,24,112,21,103,17,91,24,113,49,116,108,116
1154,17.25,24,22,11,20,19,19,21,13,17,31,14,58,62,21,6,207,17;00-17;11,10,15,8,12,15,13,9,11,13,13,13,7,8,10,9,17-22 anni,25,114,27,121,20,100,26,119,15,85,19,97,52,121,102,111
1155,17.25,30,19,17,12,10,11,22,17,13,28,14,66,57,26,6,207,17;00-17;11,14,12,14,6,6,7,11,14,9,12,13,9,7,14,9,17-22 anni,26,117,12,75,25,115,25,116,16,88,23,110,38,96,98,107
1156,17.25,29,20,18,14,19,14,28,14,19,19,15,89,89,18,8,207,17;00-17;11,12,14,15,8,15,9,15,12,16,7,15,15,15,8,14,17-22 anni,26,117,23,109,27,121,22,106,30,129,22,106,49,116,106,114
1157,17.25,23,14,9,13,11,9,24,13,14,20,12,77,66,24,5,207,17;00-17;11,9,8,7,7,7,4,12,11,10,8,11,11,9,12,8,17-22 anni,17,91,14,81,23,109,19,97,20,100,20,100,31,84,85,95
1158,17.25,26,19,16,12,12,16,23,18,13,28,11,82,75,19,8,207,17;00-17;11,11,12,14,6,8,11,11,15,9,12,9,12,10,9,14,17-22 anni,23,109,14,81,26,118,21,103,22,106,23,110,37,94,96,105
1159,17.3333333333333,22,19,17,18,16,16,20,10,14,18,12,77,83,19,6,208,17;00-17;11,8,12,14,11,12,11,9,8,10,7,11,11,12,9,9,17-22 anni,20,100,23,109,17,91,18,94,23,109,18,94,43,105,87,97
1160,17.3333333333333,24,16,12,17,12,14,30,14,15,30,14,58,68,21,6,208,17;00-17;11,10,9,9,10,8,9,16,12,11,13,13,7,9,10,9,17-22 anni,19,97,18,94,28,124,26,119,16,88,19,97,37,94,95,104
1161,17.3333333333333,25,11,9,21,14,19,19,15,15,23,11,54,58,26,6,208,17;00-17;11,10,6,7,13,10,13,8,12,11,9,9,7,7,14,9,17-22 anni,16,88,23,109,20,100,18,94,14,83,23,110,39,98,89,99
1162,17.3333333333333,31,21,18,19,10,18,30,18,16,28,9,62,84,26,7,208,17;00-17;11,15,14,15,12,6,12,16,15,12,12,7,8,12,14,12,17-22 anni,29,126,18,94,31,133,19,97,20,100,26,119,47,112,112,120
1163,17.3333333333333,27,19,14,23,17,18,26,17,15,30,16,77,72,24,6,208,17;00-17;11,11,12,11,16,13,12,13,14,11,13,17,11,10,12,9,17-22 anni,23,109,29,127,27,121,30,131,21,103,21,103,52,121,115,123
1164,17.3333333333333,24,20,16,15,7,9,22,13,9,26,13,50,55,18,5,208,17;00-17;11,10,14,14,8,4,4,11,11,4,10,12,6,7,8,8,17-22 anni,24,112,12,75,22,106,22,106,13,80,16,87,36,93,82,93
1165,17.3333333333333,17,11,9,15,17,13,18,12,15,23,9,69,82,15,3,208,17;00-17;11,5,6,7,8,13,8,8,10,11,9,7,9,12,7,4,17-22 anni,11,74,21,103,18,94,16,88,21,103,11,71,32,86,75,86
1166,17.4166666666667,18,16,16,12,10,13,16,5,10,17,8,26,44,16,7,209,17;00-17;11,5,9,14,6,6,8,6,3,5,5,7,1,4,7,12,17-22 anni,14,82,12,75,9,67,12,76,5,56,19,97,26,75,48,62
1167,17.4166666666667,27,12,15,12,13,8,15,7,10,26,14,83,68,15,6,209,17;00-17;11,11,7,12,6,10,4,6,5,5,10,13,12,9,7,9,17-22 anni,18,94,16,88,11,73,23,109,21,103,16,87,34,89,74,86
1168,17.4166666666667,28,16,8,20,17,17,20,9,12,20,14,72,76,18,4,209,17;00-17;11,12,9,6,12,13,11,9,7,8,8,13,10,11,8,6,17-22 anni,21,103,25,115,16,88,21,103,21,103,14,81,46,110,88,98
1169,17.4166666666667,25,18,13,20,17,16,22,14,16,26,12,81,84,13,7,209,17;00-17;11,10,11,10,12,13,11,11,12,12,10,11,12,12,6,12,17-22 anni,21,103,25,115,23,109,21,103,24,112,18,94,46,110,97,106
1170,17.4166666666667,25,18,11,20,16,19,19,10,12,28,14,71,83,22,7,209,17;00-17;11,10,11,8,12,12,13,8,8,8,12,13,10,12,11,12,17-22 anni,21,103,24,112,16,88,25,116,22,106,23,110,45,109,94,104
1171,17.4166666666667,29,21,14,11,11,12,25,9,14,31,12,81,79,17,4,209,17;00-17;11,12,14,11,5,7,8,13,7,10,13,11,12,11,8,6,17-22 anni,26,117,12,75,20,100,24,112,23,109,14,81,38,96,91,101
1172,17.4166666666667,23,19,14,19,15,12,21,14,18,31,16,80,95,26,8,209,17;00-17;11,9,12,11,12,11,8,9,12,14,13,17,12,16,14,14,17-22 anni,21,103,23,109,21,103,30,131,28,123,28,126,44,107,104,113
1173,17.4166666666667,22,16,12,19,17,18,30,10,19,23,10,84,82,24,8,209,17;00-17;11,8,9,9,12,13,12,16,8,16,9,8,14,12,12,14,17-22 anni,17,91,25,115,24,112,17,91,26,117,26,119,42,103,101,110
1174,17.4166666666667,25,16,12,11,12,19,25,12,18,25,14,70,78,27,7,209,17;00-17;11,10,9,9,5,8,13,13,10,14,10,13,10,11,15,12,17-22 anni,19,97,13,78,23,109,23,109,21,103,27,122,32,86,90,100
1175,17.5,20,14,9,10,13,14,22,8,12,15,8,79,77,20,6,210,17;00-17;11,6,8,7,5,10,9,11,6,8,4,7,11,11,10,9,17-22 anni,14,82,15,84,17,91,11,73,22,106,19,97,29,80,71,83
1176,17.5,21,17,10,14,11,17,23,8,12,19,11,64,59,21,7,210,17;00-17;11,8,10,8,8,7,11,11,6,8,7,9,8,7,10,12,17-22 anni,18,94,15,84,17,91,16,88,15,85,22,106,33,87,75,86
1177,17.5,19,18,11,15,14,16,18,15,12,19,12,63,78,14,7,210,17;00-17;11,6,11,8,8,10,11,8,12,8,7,11,8,11,6,12,17-22 anni,17,91,18,94,20,100,18,94,19,97,18,94,35,91,76,87
1178,17.5,23,19,9,19,13,20,21,12,16,24,11,55,59,23,8,210,17;00-17;11,9,12,7,12,10,14,9,10,12,9,9,7,7,12,14,17-22 anni,21,103,22,106,19,97,18,94,14,83,26,119,43,105,90,100
1179,17.5,30,21,14,19,17,15,19,13,12,22,12,88,86,25,6,210,17;00-17;11,14,14,11,12,13,10,8,11,8,9,11,15,13,13,9,17-22 anni,28,123,25,115,19,97,20,100,28,123,22,106,53,123,109,117
1180,17.5833333333333,26,21,13,22,14,19,27,13,18,29,14,78,62,23,7,211,17;00-17;11,11,14,10,14,10,13,14,11,14,12,13,11,8,12,12,17-22 anni,25,114,24,112,25,115,25,116,19,97,24,113,49,116,109,117
1181,17.5833333333333,29,16,17,20,9,18,22,8,10,21,16,80,66,24,7,211,17;00-17;11,12,9,14,12,5,12,11,6,5,8,17,12,9,12,12,17-22 anni,21,103,17,91,17,91,25,116,21,103,24,113,38,96,87,97
1182,17.5833333333333,26,15,14,17,11,12,26,11,13,31,12,46,63,16,6,211,17;00-17;11,11,9,11,10,7,8,13,9,9,13,11,5,8,7,9,17-22 anni,20,100,17,91,22,106,24,112,13,80,16,87,37,94,84,95
1183,17.5833333333333,21,13,12,12,10,12,24,8,17,26,13,67,70,14,7,211,17;00-17;11,8,7,9,6,6,8,12,6,13,10,12,9,9,6,12,17-22 anni,15,85,12,75,18,94,22,106,18,94,18,94,27,77,70,82
1184,17.5833333333333,25,15,13,20,14,11,23,14,18,25,7,82,65,20,5,211,17;00-17;11,10,9,10,12,10,7,11,12,14,10,6,12,8,10,8,17-22 anni,19,97,22,106,23,109,16,88,20,100,18,94,41,102,96,105
1185,17.5833333333333,28,11,18,13,17,13,23,15,10,16,12,78,79,20,7,211,17;00-17;11,12,6,15,7,13,8,11,12,5,5,11,11,11,10,12,17-22 anni,18,94,20,100,23,109,16,88,22,106,22,106,38,96,87,97
1186,17.5833333333333,21,14,7,14,16,11,15,9,8,17,12,81,58,18,6,211,17;00-17;11,8,8,5,8,12,7,6,7,3,5,11,12,7,8,9,17-22 anni,16,88,20,100,13,79,16,88,19,97,17,90,36,93,74,86
1187,17.5833333333333,30,16,15,20,16,10,29,14,12,27,7,68,74,23,5,211,17;00-17;11,14,9,12,12,12,5,15,12,8,11,6,9,10,12,8,17-22 anni,23,109,24,112,27,121,17,91,19,97,20,100,47,112,106,114
1188,17.5833333333333,26,12,15,6,14,11,22,11,13,18,10,71,87,15,6,211,17;00-17;11,11,7,12,1,10,7,11,9,9,7,8,10,13,7,9,17-22 anni,18,94,11,72,20,100,15,85,23,109,16,87,29,80,73,85
1189,17.5833333333333,26,19,14,18,11,12,26,11,14,29,13,84,97,25,8,211,17;00-17;11,11,12,11,11,7,8,13,9,10,12,12,14,17,13,14,17-22 anni,23,109,18,94,22,106,24,112,31,132,27,122,41,102,102,111
1190,17.5833333333333,26,16,8,18,15,18,19,12,11,34,12,63,71,19,4,211,17;00-17;11,11,9,6,11,11,12,8,10,6,16,11,8,10,9,6,17-22 anni,20,100,22,106,18,94,27,122,18,94,15,84,42,103,93,103
1191,17.5833333333333,21,17,8,17,14,18,29,15,19,27,12,59,59,17,7,211,17;00-17;11,8,10,6,10,10,12,15,12,16,11,11,7,7,8,12,17-22 anni,18,94,20,100,27,121,22,106,14,83,20,100,38,96,91,101
1192,17.6666666666667,27,21,13,19,16,23,17,13,15,30,11,70,81,24,5,212,17;00-17;11,11,14,10,12,12,17,7,11,11,13,9,10,12,12,8,17-22 anni,25,114,24,112,18,94,22,106,22,106,20,100,49,116,102,111
1193,17.6666666666667,23,9,13,21,20,21,21,13,17,29,13,74,88,20,8,212,17;00-17;11,9,3,10,13,17,14,9,11,13,12,12,10,13,10,14,17-22 anni,12,76,30,130,20,100,24,112,23,109,24,113,42,103,94,104
1194,17.6666666666667,26,23,14,19,19,18,21,9,13,28,16,66,66,23,7,212,17;00-17;11,11,16,11,12,15,12,9,7,9,12,17,9,9,12,12,17-22 anni,27,120,27,121,16,88,29,128,18,94,24,113,54,125,103,112
1195,17.6666666666667,18,10,16,21,15,16,19,11,15,20,12,80,75,26,6,212,17;00-17;11,5,5,14,13,11,11,8,9,11,8,11,12,10,14,9,17-22 anni,10,71,24,112,17,91,19,97,22,106,23,110,34,89,85,95
1196,17.6666666666667,31,21,16,20,15,19,29,16,17,31,14,79,82,25,8,212,17;00-17;11,15,14,14,12,11,13,15,13,13,13,13,11,12,13,14,17-22 anni,29,126,23,109,28,124,26,119,23,109,27,122,52,121,117,124
1197,17.6666666666667,29,21,12,21,18,19,19,16,13,27,14,80,82,24,7,212,17;00-17;11,12,14,9,13,14,13,8,13,9,11,13,12,12,12,12,17-22 anni,26,117,27,121,21,103,24,112,24,112,24,113,53,123,109,117
1198,17.6666666666667,30,18,11,19,13,18,20,11,16,15,6,49,89,12,5,212,17;00-17;11,14,11,8,12,10,12,9,9,12,4,5,6,15,5,8,17-22 anni,25,114,22,106,18,94,9,67,21,103,13,78,47,112,80,91
1199,17.6666666666667,33,20,12,17,17,18,15,11,17,22,11,86,85,20,6,212,17;00-17;11,16,14,9,10,13,12,6,9,13,9,9,14,13,10,9,17-22 anni,30,129,23,109,15,85,18,94,27,120,19,97,53,123,101,110
1200,17.6666666666667,30,18,10,20,20,14,25,10,16,31,10,68,77,24,7,212,17;00-17;11,14,11,8,12,17,9,13,8,12,13,8,9,11,12,12,17-22 anni,25,114,29,127,21,103,21,103,20,100,24,113,54,125,109,117
1201,17.75,26,17,10,13,13,16,12,9,14,25,8,78,59,19,1,213,17;00-17;11,11,10,8,7,10,11,4,7,10,10,7,11,7,9,1,17-22 anni,21,103,17,91,11,73,17,91,18,94,10,68,38,96,79,90
1202,17.75,28,22,16,17,17,15,28,14,17,28,12,77,90,26,8,213,17;00-17;11,12,15,14,10,13,10,15,12,13,12,11,11,15,14,14,17-22 anni,27,120,23,109,27,121,23,109,26,117,28,126,50,118,114,122
1203,17.75,20,19,14,15,17,16,29,14,15,31,9,91,88,24,6,213,17;00-17;11,6,12,11,8,13,11,15,12,11,13,7,15,13,12,9,17-22 anni,18,94,21,103,27,121,20,100,28,123,21,103,39,98,106,114
1204,17.75,25,12,10,19,12,20,22,15,17,32,11,56,57,20,7,213,17;00-17;11,10,7,8,12,8,14,11,12,13,15,9,7,7,10,12,17-22 anni,17,91,20,100,23,109,24,112,14,83,22,106,37,94,92,102
1205,17.75,30,17,15,11,15,11,14,11,13,26,14,80,82,21,7,213,17;00-17;11,14,10,12,5,11,7,5,9,9,10,13,12,12,10,12,17-22 anni,24,112,16,88,14,82,23,109,24,112,22,106,40,100,86,96
1206,17.8333333333333,19,18,16,20,15,17,23,11,10,31,10,50,64,24,4,214,17;00-17;11,6,11,14,12,11,11,11,9,5,13,8,6,8,12,6,17-22 anni,17,91,23,109,20,100,21,103,14,83,18,94,40,100,91,101
1207,17.8333333333333,25,16,15,12,7,11,23,10,13,25,13,87,78,18,8,214,17;00-17;11,10,9,12,6,4,7,11,8,9,10,12,14,11,8,14,17-22 anni,19,97,10,69,19,97,22,106,25,115,22,106,29,80,80,91
1208,17.8333333333333,25,17,12,22,17,20,23,9,15,32,8,54,77,21,6,214,17;00-17;11,10,10,9,14,13,14,11,7,11,15,7,7,11,10,9,17-22 anni,20,100,27,121,18,94,22,106,18,94,19,97,47,112,97,106
1209,17.8333333333333,23,16,13,13,14,15,19,15,19,30,10,79,85,12,6,214,17;00-17;11,9,9,10,7,10,10,8,12,16,13,8,11,13,5,9,17-22 anni,18,94,17,91,20,100,21,103,24,112,14,81,35,91,84,95
1210,17.8333333333333,29,18,15,17,14,16,22,11,13,23,12,58,46,20,7,214,17;00-17;11,12,11,12,10,10,11,11,9,9,9,11,7,4,10,12,17-22 anni,23,109,20,100,20,100,20,100,11,74,22,106,43,105,89,99
1211,17.9166666666667,21,17,14,17,15,18,12,8,14,32,11,60,63,15,4,215,17;00-17;11,8,10,11,10,11,12,4,6,10,15,9,8,8,7,6,17-22 anni,18,94,21,103,10,70,24,112,16,88,13,78,39,98,79,90
1212,17.9166666666667,29,15,13,17,14,15,25,12,15,26,11,61,60,24,8,215,17;00-17;11,12,9,10,10,10,10,13,10,11,10,9,8,8,12,14,17-22 anni,21,103,20,100,23,109,19,97,16,88,26,119,41,102,94,104
1213,17.9166666666667,25,20,10,15,11,19,26,16,17,24,8,84,71,23,6,215,17;00-17;11,10,14,8,8,7,13,13,13,13,9,7,14,10,12,9,17-22 anni,24,112,15,84,26,118,16,88,24,112,21,103,39,98,100,109
1214,17.9166666666667,25,13,15,17,13,16,18,13,16,24,8,83,82,15,6,215,17;00-17;11,10,7,12,10,10,11,8,11,12,9,7,12,12,7,9,17-22 anni,17,91,20,100,19,97,16,88,24,112,16,87,37,94,84,95
1215,17.9166666666667,28,19,13,15,13,18,22,14,16,30,15,77,75,26,6,215,17;00-17;11,12,12,10,8,10,12,11,12,12,13,15,11,10,14,9,17-22 anni,24,112,18,94,23,109,28,125,21,103,23,110,42,103,103,112
1216,17.9166666666667,23,22,15,20,10,14,18,18,14,29,13,70,78,20,7,215,17;00-17;11,9,15,12,12,6,9,8,15,10,12,12,10,11,10,12,17-22 anni,24,112,18,94,23,109,24,112,21,103,22,106,42,103,97,106
1217,17.9166666666667,20,10,12,16,10,15,17,4,13,24,7,27,57,13,5,215,17;00-17;11,6,5,9,9,6,10,7,2,9,9,6,1,7,6,8,17-22 anni,11,74,15,84,9,67,15,85,8,65,14,81,26,75,51,65
1218,18,26,14,7,13,12,12,22,5,16,22,11,73,49,24,8,216,18;00-18;11,10,7,3,5,7,7,9,1,12,8,9,9,4,11,14,17-22 anni,17,91,12,75,10,70,17,91,13,80,25,116,29,80,67,79
1219,18,25,19,10,18,12,15,15,11,12,18,11,71,76,23,6,216,18;00-18;11,9,12,7,10,7,9,5,8,7,5,9,9,10,11,9,17-22 anni,21,103,17,91,13,79,14,82,19,97,20,100,38,96,76,87
1220,18,23,17,10,22,16,16,24,13,13,25,12,69,68,26,8,216,18;00-18;11,8,9,7,14,11,11,11,10,8,9,10,8,8,14,14,17-22 anni,17,91,25,115,21,103,19,97,16,88,28,126,42,103,94,104
1221,18,29,17,13,23,18,18,21,10,15,25,13,77,73,23,7,216,18;00-18;11,12,9,10,15,14,12,8,7,11,9,11,10,9,11,12,17-22 anni,21,103,29,127,15,85,20,100,19,97,23,110,50,118,95,104
1222,18,27,19,16,18,14,12,20,17,9,25,12,80,82,22,7,216,18;00-18;11,10,12,13,10,9,7,8,14,4,9,10,12,12,10,12,17-22 anni,22,106,19,97,22,106,19,97,24,112,22,106,41,102,94,104
1223,18,23,22,14,18,19,19,24,10,15,19,12,80,75,19,6,216,18;00-18;11,8,14,11,10,15,13,11,7,11,5,10,12,9,7,9,17-22 anni,22,106,25,115,18,94,15,85,21,103,16,87,47,112,89,99
1224,18,14,9,7,18,8,15,12,12,14,22,8,70,71,15,5,216,18;00-18;11,2,2,3,10,4,9,3,9,9,8,6,9,9,5,8,17-22 anni,4,53,14,81,12,76,14,82,18,94,13,78,18,61,52,66
1225,18,29,23,15,18,19,17,20,16,16,26,13,66,63,23,8,216,18;00-18;11,12,16,12,10,15,11,8,13,12,9,11,8,6,11,14,17-22 anni,28,123,25,115,21,103,20,100,14,83,25,116,53,123,102,111
1226,18.0833333333333,27,14,10,17,15,19,21,12,12,34,10,83,79,24,5,217,18;00-18;11,10,7,7,9,10,13,8,9,7,16,8,12,10,11,8,17-22 anni,17,91,19,97,17,91,24,112,22,106,19,97,36,93,92,102
1227,18.0833333333333,21,12,14,17,11,16,19,12,13,25,11,84,80,16,7,217,18;00-18;11,7,6,11,9,6,11,7,9,8,9,9,13,12,5,12,17-22 anni,13,79,15,84,16,88,18,94,25,115,17,90,28,78,71,83
1228,18.0833333333333,29,19,11,16,16,17,21,6,11,30,13,81,82,17,7,217,18;00-18;11,12,12,7,8,11,11,8,2,6,13,11,12,12,6,12,17-22 anni,24,112,19,97,10,70,24,112,24,112,18,94,43,105,84,95
1229,18.0833333333333,25,17,13,21,12,11,17,9,14,26,12,58,57,19,6,217,18;00-18;11,9,9,10,13,7,6,6,6,9,9,10,5,5,7,9,17-22 anni,18,94,20,100,12,76,19,97,10,71,16,87,38,96,71,83
1230,18.0833333333333,29,22,16,22,18,21,30,18,17,36,16,81,91,28,8,217,18;00-18;11,12,14,13,14,14,14,15,15,13,17,16,12,14,15,14,17-22 anni,26,117,28,124,30,130,33,140,26,117,29,129,54,125,128,134
1231,18.0833333333333,29,12,9,13,15,15,17,11,10,24,12,51,59,13,7,217,18;00-18;11,12,6,6,5,10,9,6,8,5,8,10,4,5,4,12,17-22 anni,18,94,15,84,14,82,18,94,9,68,16,87,33,87,63,76
1232,18.0833333333333,20,16,14,16,7,13,11,14,13,22,12,75,81,22,4,217,18;00-18;11,6,8,11,8,3,7,3,12,8,8,10,10,12,10,5,17-22 anni,14,82,11,72,15,85,18,94,22,106,15,84,25,73,68,80
1233,18.0833333333333,25,17,15,18,16,9,27,12,18,26,11,70,62,20,6,217,18;00-18;11,9,9,12,10,11,4,13,9,14,9,9,9,6,9,9,17-22 anni,18,94,21,103,22,106,18,94,15,85,18,94,39,98,88,98
1234,18.1666666666667,20,15,11,19,17,21,27,15,18,24,11,68,69,26,6,218,18;00-18;11,6,8,7,12,12,14,13,12,14,8,9,8,8,14,9,17-22 anni,14,82,24,112,25,115,17,91,16,88,23,110,38,96,93,103
1235,18.1666666666667,16,16,8,10,10,11,22,11,16,19,10,75,62,18,4,218,18;00-18;11,3,8,5,3,5,6,9,8,12,5,8,10,6,6,5,17-22 anni,11,74,8,63,17,91,13,79,16,88,11,71,19,63,57,70
1236,18.1666666666667,29,22,9,21,17,20,28,16,20,25,13,79,84,27,8,218,18;00-18;11,12,14,6,13,12,14,14,13,16,9,11,10,12,15,14,17-22 anni,26,117,25,115,27,121,20,100,22,106,29,129,51,119,112,120
1237,18.1666666666667,18,18,10,6,13,6,20,7,19,26,8,65,64,21,5,218,18;00-18;11,4,11,7,1,9,1,8,3,15,9,6,7,6,9,8,17-22 anni,15,85,10,69,11,73,15,85,13,80,17,90,25,73,61,74
1238,18.1666666666667,32,20,17,19,17,14,26,13,16,30,14,82,88,26,8,218,18;00-18;11,14,13,13,12,12,8,12,10,12,13,12,12,13,14,14,17-22 anni,27,120,24,112,22,106,25,116,25,115,28,126,51,119,112,120
1239,18.1666666666667,23,15,11,14,14,16,17,11,11,25,14,86,83,23,5,218,18;00-18;11,8,8,7,7,9,11,6,8,6,9,12,13,12,11,8,17-22 anni,16,88,16,88,14,82,21,103,25,115,19,97,32,86,79,90
1240,18.1666666666667,31,19,18,20,18,13,23,12,16,28,15,69,67,23,7,218,18;00-18;11,14,12,14,12,14,7,9,9,12,12,15,8,8,11,12,17-22 anni,26,117,26,118,18,94,27,122,16,88,23,110,52,121,101,110
1241,18.1666666666667,26,19,12,22,14,20,25,14,16,25,15,93,87,21,5,218,18;00-18;11,10,12,8,14,9,14,12,12,12,9,15,16,13,9,8,17-22 anni,22,106,23,109,24,112,24,112,29,126,17,90,45,109,103,112
1242,18.25,27,22,14,20,17,23,26,15,14,29,13,62,81,24,8,219,18;00-18;11,10,14,11,12,12,16,12,12,9,12,11,7,12,11,14,17-22 anni,24,112,24,112,24,112,23,109,19,97,25,116,48,114,102,111
1243,18.25,25,17,8,16,14,19,24,13,13,29,14,82,87,18,8,219,18;00-18;11,9,9,5,8,9,13,11,10,8,12,12,12,13,6,14,17-22 anni,18,94,17,91,21,103,24,112,25,115,20,100,35,91,86,96
1244,18.25,31,22,15,23,16,23,26,14,18,26,14,73,87,24,7,219,18;00-18;11,14,14,12,15,11,16,12,12,14,9,12,9,13,11,12,17-22 anni,28,123,26,118,24,112,21,103,22,106,23,110,54,125,107,115
1245,18.25,28,20,19,19,14,17,28,14,17,29,11,84,91,25,8,219,18;00-18;11,12,13,16,12,9,11,14,12,13,12,9,13,14,13,14,17-22 anni,25,114,21,103,26,118,21,103,27,120,27,122,46,110,110,118
1246,18.25,29,19,12,16,12,13,17,13,13,28,7,69,75,19,3,219,18;00-18;11,12,12,8,8,7,7,6,10,8,12,5,8,9,7,4,17-22 anni,24,112,15,84,16,88,17,91,17,91,11,71,39,98,82,93
1247,18.25,25,14,14,20,16,15,23,7,16,31,9,68,63,18,5,219,18;00-18;11,9,7,11,12,11,9,9,3,12,13,6,8,6,6,8,17-22 anni,16,88,23,109,12,76,19,97,14,83,14,81,39,98,78,89
1248,18.25,25,18,14,18,18,16,25,11,12,22,14,74,85,19,4,219,18;00-18;11,9,11,11,10,14,11,12,8,7,8,12,9,13,7,5,17-22 anni,20,100,24,112,20,100,20,100,22,106,12,74,44,107,88,98
1249,18.3333333333333,30,19,10,18,14,14,25,17,13,29,13,42,80,22,5,220,18;00-18;11,13,12,7,10,9,8,12,14,8,12,11,1,12,10,8,17-22 anni,25,114,19,97,26,118,23,109,13,80,18,94,44,107,93,103
1250,18.3333333333333,29,20,14,18,15,16,29,15,17,30,15,88,98,25,6,220,18;00-18;11,12,13,11,10,10,11,14,12,13,13,15,14,17,13,9,17-22 anni,25,114,20,100,26,118,28,125,31,132,22,106,45,109,111,119
1251,18.3333333333333,30,17,16,18,16,21,27,14,19,26,11,87,57,24,7,220,18;00-18;11,13,9,13,10,11,14,13,12,15,9,9,13,5,11,12,17-22 anni,22,106,21,103,25,115,18,94,18,94,23,110,43,105,101,110
1252,18.3333333333333,29,21,15,20,18,21,31,12,15,28,15,78,79,26,5,220,18;00-18;11,12,13,12,12,14,14,15,9,11,12,15,10,10,14,8,17-22 anni,25,114,26,118,24,112,27,122,20,100,22,106,51,119,111,119
1253,18.3333333333333,23,9,17,16,11,11,11,11,10,24,6,49,58,26,5,220,18;00-18;11,8,2,13,8,6,6,3,8,5,8,4,4,5,14,8,17-22 anni,10,71,14,81,11,73,12,76,9,68,22,106,24,71,61,74
1254,18.3333333333333,25,18,14,21,19,22,24,15,16,36,14,79,82,26,6,220,18;00-18;11,9,11,11,13,15,15,11,12,12,17,12,10,12,14,9,17-22 anni,20,100,28,124,23,109,29,128,22,106,23,110,48,114,112,120
1255,18.3333333333333,32,21,17,21,16,21,29,16,19,34,13,77,88,23,8,220,18;00-18;11,14,13,13,13,11,14,14,13,15,16,11,10,13,11,14,17-22 anni,27,120,24,112,27,121,27,122,23,109,25,116,51,119,115,123
1256,18.3333333333333,28,18,14,17,14,18,27,16,16,25,14,83,64,16,6,220,18;00-18;11,12,11,11,9,9,12,13,13,12,9,12,12,6,5,9,17-22 anni,23,109,18,94,26,118,21,103,18,94,14,81,41,102,93,103
1257,18.4166666666667,21,14,13,22,15,14,28,11,10,25,10,51,74,13,5,221,18;00-18;11,7,7,10,14,10,8,14,8,5,9,8,4,9,4,8,17-22 anni,14,82,24,112,22,106,17,91,13,80,12,74,38,96,77,88
1258,18.4166666666667,25,16,11,12,9,12,27,15,15,20,13,47,65,23,4,221,18;00-18;11,9,8,7,4,4,7,13,12,11,7,11,3,6,11,5,17-22 anni,17,91,8,63,25,115,18,94,9,68,16,87,25,73,71,83
1259,18.4166666666667,23,18,14,14,19,15,26,14,17,22,14,76,69,19,2,221,18;00-18;11,8,11,11,7,15,9,12,12,13,8,12,10,8,7,1,17-22 anni,19,97,22,106,24,112,20,100,18,94,8,62,41,102,90,100
1260,18.4166666666667,33,17,14,21,16,19,16,15,15,24,13,81,85,23,6,221,18;00-18;11,15,9,11,13,11,13,5,12,11,8,11,12,13,11,9,17-22 anni,24,112,24,112,17,91,19,97,25,115,20,100,48,114,96,105
1261,18.4166666666667,27,17,10,19,15,14,22,10,13,18,9,54,72,20,6,221,18;00-18;11,10,9,7,12,10,8,9,7,8,5,6,5,9,9,9,17-22 anni,19,97,22,106,16,88,11,73,14,83,18,94,41,102,76,87
1262,18.4166666666667,26,14,13,14,8,13,21,13,12,20,10,64,52,17,4,221,18;00-18;11,10,7,10,7,4,7,8,10,7,7,8,7,4,6,5,17-22 anni,17,91,11,72,18,94,15,85,11,74,11,71,28,78,66,78
1263,18.4166666666667,22,17,10,19,15,14,19,7,9,19,10,62,78,26,5,221,18;00-18;11,7,9,7,12,10,8,7,3,4,5,8,7,10,14,8,17-22 anni,16,88,22,106,10,70,13,79,17,91,22,106,38,96,74,86
1264,18.4166666666667,28,24,18,18,15,14,25,14,17,31,13,73,86,26,6,221,18;00-18;11,12,17,14,10,10,8,12,12,13,13,11,9,13,14,9,17-22 anni,29,126,20,100,24,112,24,112,22,106,23,110,49,116,109,117
1265,18.4166666666667,25,20,15,20,14,16,21,12,12,31,10,84,74,24,7,221,18;00-18;11,9,13,12,12,9,11,8,9,7,13,8,13,9,11,12,17-22 anni,22,106,21,103,17,91,21,103,22,106,23,110,43,105,97,106
1266,18.4166666666667,25,16,15,16,16,13,25,13,19,24,11,86,84,24,6,221,18;00-18;11,9,8,12,8,11,7,12,10,15,8,9,13,12,11,9,17-22 anni,17,91,19,97,22,106,17,91,25,115,20,100,36,93,90,100
1267,18.5,21,16,7,17,14,11,21,16,15,19,13,55,73,24,6,222,18;00-18;11,7,8,3,9,9,6,8,13,11,5,11,5,9,11,9,17-22 anni,15,85,18,94,21,103,16,88,14,83,20,100,33,87,75,86
1268,18.5,27,20,12,14,15,17,22,14,15,29,11,70,75,25,6,222,18;00-18;11,10,13,8,7,10,11,9,12,11,12,9,9,9,13,9,17-22 anni,23,109,17,91,21,103,21,103,18,94,22,106,40,100,95,104
1269,18.5,28,15,13,23,13,15,23,14,17,20,13,79,76,21,6,222,18;00-18;11,12,8,10,15,9,9,9,12,13,7,11,10,10,9,9,17-22 anni,20,100,24,112,21,103,18,94,20,100,18,94,44,107,91,101
1270,18.5,18,15,10,18,18,18,22,17,16,33,9,74,83,23,5,222,18;00-18;11,4,8,7,10,14,12,9,14,12,14,6,9,12,11,8,17-22 anni,12,76,24,112,23,109,20,100,21,103,19,97,36,93,93,103
1271,18.5,29,16,19,13,17,17,22,14,16,31,12,84,78,26,6,222,18;00-18;11,12,8,16,5,12,11,9,12,12,13,10,13,10,14,9,17-22 anni,20,100,17,91,21,103,23,109,23,109,23,110,37,94,98,107
1272,18.5,29,19,12,20,14,14,27,13,16,24,12,66,73,22,6,222,18;00-18;11,12,12,8,12,9,8,13,10,12,8,10,8,9,10,9,17-22 anni,24,112,21,103,23,109,18,94,17,91,19,97,45,109,94,104
1273,18.5,24,17,17,19,12,17,27,10,14,28,10,75,70,19,7,222,18;00-18;11,9,9,13,12,7,11,13,7,9,12,8,10,8,7,12,17-22 anni,18,94,19,97,20,100,20,100,18,94,19,97,37,94,86,96
1274,18.5,32,19,16,21,15,18,29,11,16,33,12,88,86,20,8,222,18;00-18;11,14,12,13,13,10,12,14,8,12,14,10,14,13,9,14,17-22 anni,26,117,23,109,22,106,24,112,27,120,23,110,49,116,108,116
1275,18.5833333333333,24,14,13,19,11,12,20,15,8,24,8,69,84,19,4,223,18;00-18;11,9,7,10,12,6,7,8,12,3,8,6,8,12,7,5,17-22 anni,16,88,18,94,20,100,14,82,20,100,12,74,34,89,77,88
1276,18.5833333333333,30,19,13,22,18,16,24,18,19,26,15,93,87,24,7,223,18;00-18;11,13,12,10,14,14,11,11,15,15,9,15,16,13,11,12,17-22 anni,25,114,28,124,26,118,24,112,29,126,23,110,53,123,115,123
1277,18.5833333333333,29,21,14,17,19,21,23,15,14,22,13,79,74,23,5,223,18;00-18;11,12,13,11,9,15,14,9,12,9,8,11,10,9,11,8,17-22 anni,25,114,24,112,21,103,19,97,19,97,19,97,49,116,99,108
1278,18.5833333333333,28,12,12,18,12,17,13,16,15,20,14,72,80,23,8,223,18;00-18;11,12,6,8,10,7,11,4,13,11,7,12,9,12,11,14,17-22 anni,18,94,17,91,17,91,19,97,21,103,25,116,35,91,79,90
1279,18.5833333333333,27,21,15,19,16,19,25,16,15,28,15,76,80,19,7,223,18;00-18;11,10,13,12,12,11,13,12,13,11,12,15,10,12,7,12,17-22 anni,23,109,23,109,25,115,27,122,22,106,19,97,46,110,100,109
1280,18.5833333333333,26,16,15,23,13,17,20,11,10,28,13,82,78,26,7,223,18;00-18;11,10,8,12,15,9,11,8,8,5,12,11,12,10,14,12,17-22 anni,18,94,24,112,16,88,23,109,22,106,26,119,42,103,96,105
1281,18.5833333333333,27,14,16,16,14,16,23,17,18,25,5,75,84,16,7,223,18;00-18;11,10,7,13,8,9,11,9,14,14,9,3,10,12,5,12,17-22 anni,17,91,17,91,23,109,12,76,22,106,17,90,34,89,81,92
1282,18.5833333333333,22,16,16,20,10,16,24,12,13,27,4,88,74,16,3,223,18;00-18;11,7,8,13,12,5,11,11,9,8,11,2,14,9,5,4,17-22 anni,15,85,17,91,20,100,13,79,23,109,9,65,32,86,82,93
1283,18.5833333333333,30,16,11,20,15,18,24,13,15,31,11,70,83,22,8,223,18;00-18;11,13,8,7,12,10,12,11,10,11,13,9,9,12,10,14,17-22 anni,21,103,22,106,21,103,22,106,21,103,24,113,43,105,96,105
1284,18.6666666666667,33,21,17,17,17,14,30,15,9,21,14,79,85,26,7,224,18;00-18;11,15,13,13,9,12,8,15,12,4,7,12,10,13,14,12,17-22 anni,28,123,21,103,27,121,19,97,23,109,26,119,49,116,107,115
1285,18.6666666666667,23,12,9,14,9,8,19,11,8,23,14,77,72,15,4,224,18;00-18;11,8,6,6,7,4,4,7,8,3,8,12,10,9,5,5,17-22 anni,14,82,11,72,15,85,20,100,19,97,10,68,25,73,63,76
1286,18.6666666666667,28,18,15,17,16,19,15,10,12,25,11,69,65,25,8,224,18;00-18;11,12,11,12,9,11,13,5,7,7,9,9,8,6,13,14,17-22 anni,23,109,20,100,12,76,18,94,14,83,27,122,43,105,85,95
1287,18.6666666666667,33,19,13,18,18,18,22,14,16,25,14,73,78,24,8,224,18;00-18;11,15,12,10,10,14,12,9,12,12,9,12,9,10,11,14,17-22 anni,27,120,24,112,21,103,21,103,19,97,25,116,51,119,101,110
1288,18.6666666666667,25,16,13,17,13,18,28,12,19,26,11,83,81,26,7,224,18;00-18;11,9,8,10,9,9,12,14,9,15,9,9,12,12,14,12,17-22 anni,17,91,18,94,23,109,18,94,24,112,26,119,35,91,93,103
1289,18.6666666666667,32,16,17,21,17,15,22,14,16,20,11,80,82,24,6,224,18;00-18;11,14,8,13,13,12,9,9,12,12,7,9,12,12,11,9,17-22 anni,22,106,25,115,21,103,16,88,24,112,20,100,47,112,98,107
1290,18.6666666666667,27,15,17,21,16,20,19,9,14,23,14,81,89,24,3,224,18;00-18;11,10,8,13,13,11,14,7,6,9,8,12,12,14,11,4,17-22 anni,18,94,24,112,13,79,20,100,26,117,15,84,42,103,86,96
1291,18.6666666666667,22,16,10,12,5,13,22,7,11,20,10,46,76,18,7,224,18;00-18;11,7,8,7,4,1,7,9,3,6,7,8,3,10,6,12,17-22 anni,15,85,5,54,12,76,15,85,13,80,18,94,20,64,48,62
1292,18.6666666666667,29,17,19,21,17,22,24,13,12,16,11,77,78,23,5,224,18;00-18;11,12,9,16,13,12,15,11,10,7,4,9,10,10,11,8,17-22 anni,21,103,25,115,21,103,13,79,20,100,19,97,46,110,92,102
1293,18.6666666666667,23,21,12,14,15,13,18,16,13,32,10,87,81,22,5,224,18;00-18;11,8,13,8,7,10,7,7,13,8,14,8,13,12,10,8,17-22 anni,21,103,17,91,20,100,22,106,25,115,18,94,38,96,95,104
1294,18.75,23,15,13,18,16,16,25,12,14,26,8,71,83,22,7,225,18;00-18;11,8,8,10,10,11,11,12,9,9,9,6,9,12,10,12,17-22 anni,16,88,21,103,21,103,15,85,21,103,22,106,37,94,86,96
1295,18.75,23,23,15,15,18,12,19,11,14,29,12,88,89,20,5,225,18;00-18;11,8,16,12,7,14,7,7,8,9,12,10,14,14,9,8,17-22 anni,24,112,21,103,15,85,22,106,28,123,17,90,45,109,95,104
1296,18.75,28,19,13,16,18,14,27,16,15,23,10,80,86,26,6,225,18;00-18;11,12,12,10,8,14,8,13,13,11,8,8,12,13,14,9,17-22 anni,24,112,22,106,26,118,16,88,25,115,23,110,46,110,106,114
1297,18.75,20,14,13,14,17,15,24,13,12,26,9,61,84,21,5,225,18;00-18;11,6,7,10,7,12,9,11,10,7,9,6,7,12,9,8,17-22 anni,13,79,19,97,21,103,15,85,19,97,17,90,32,86,78,89
1298,18.75,30,22,15,21,19,16,25,14,15,31,12,89,91,19,7,225,18;00-18;11,13,14,12,13,15,11,12,12,11,13,10,14,14,7,12,17-22 anni,27,120,28,124,24,112,23,109,28,123,19,97,55,126,113,121
1299,18.75,32,16,16,13,16,13,29,19,17,28,14,88,76,24,8,225,18;00-18;11,14,8,13,5,11,7,14,16,13,12,12,14,10,11,14,17-22 anni,22,106,16,88,30,130,24,112,24,112,25,116,38,96,105,113
1300,18.75,17,13,10,18,14,12,14,8,11,18,7,61,72,21,7,225,18;00-18;11,4,6,7,10,9,7,4,5,6,5,5,7,9,9,12,17-22 anni,10,71,19,97,9,67,10,70,16,88,21,103,29,80,59,72
1301,18.75,29,21,14,20,17,12,23,10,16,32,13,86,70,21,6,225,18;00-18;11,12,13,11,12,12,7,9,7,12,14,11,13,8,9,9,17-22 anni,25,114,24,112,16,88,25,116,21,103,18,94,49,116,101,110
1302,18.75,23,16,8,17,12,18,27,14,13,28,10,81,64,19,6,225,18;00-18;11,8,8,5,9,7,12,13,12,8,12,8,12,6,7,9,17-22 anni,16,88,16,88,25,115,20,100,18,94,16,87,32,86,88,98
1303,18.75,29,12,7,16,12,21,18,12,17,26,13,76,61,21,5,225,18;00-18;11,12,6,3,8,7,14,7,9,13,9,11,10,6,9,8,17-22 anni,18,94,15,84,16,88,20,100,16,88,17,90,33,87,77,88
1304,18.8333333333333,25,18,9,12,13,9,22,10,8,29,13,54,73,22,5,226,18;00-18;11,9,11,6,4,9,4,9,7,3,12,11,5,9,10,8,17-22 anni,20,100,13,78,16,88,23,109,14,83,18,94,33,87,76,87
1305,18.8333333333333,19,11,16,18,16,17,25,15,17,22,14,82,75,19,7,226,18;00-18;11,6,4,13,10,11,11,12,12,13,8,12,12,9,7,12,17-22 anni,10,71,21,103,24,112,20,100,21,103,19,97,31,84,82,93
1306,18.8333333333333,18,11,14,13,13,13,17,12,12,20,11,57,73,19,5,226,18;00-18;11,4,4,11,5,9,7,6,9,7,7,9,5,9,7,8,17-22 anni,8,65,14,81,15,85,16,88,14,83,15,84,22,68,56,69
1307,18.8333333333333,32,22,15,19,16,21,27,19,15,31,15,91,95,23,7,226,18;00-18;11,14,14,12,12,11,14,13,16,11,13,15,14,15,11,12,17-22 anni,28,123,23,109,29,127,28,125,29,126,23,110,51,119,118,125
1308,18.8333333333333,30,15,16,22,14,21,25,10,15,26,13,82,73,22,5,226,18;00-18;11,13,8,13,14,9,14,12,7,11,9,11,12,9,10,8,17-22 anni,21,103,23,109,19,97,20,100,21,103,18,94,44,107,94,104
1309,18.8333333333333,22,18,12,16,17,13,25,12,16,30,12,71,69,17,6,226,18;00-18;11,7,11,8,8,12,7,12,9,12,13,10,9,8,6,9,17-22 anni,18,94,20,100,21,103,23,109,17,91,15,84,38,96,87,97
1310,18.8333333333333,32,18,11,15,18,18,25,16,13,25,9,72,86,19,7,226,18;00-18;11,14,11,7,7,14,12,12,13,8,9,6,9,13,7,12,17-22 anni,25,114,21,103,25,115,15,85,22,106,19,97,46,110,96,105
1311,18.8333333333333,30,19,16,16,17,15,27,16,19,22,10,80,58,27,8,226,18;00-18;11,13,12,13,8,12,9,13,13,15,8,8,12,5,15,14,17-22 anni,25,114,20,100,26,118,16,88,17,91,29,129,45,109,106,114
1312,18.8333333333333,28,19,18,18,11,15,31,17,17,31,12,73,78,25,7,226,18;00-18;11,12,12,14,10,6,9,15,14,13,13,10,9,10,13,12,17-22 anni,24,112,16,88,29,127,23,109,19,97,25,116,40,100,104,113
1313,18.8333333333333,30,20,13,16,15,15,18,17,13,30,13,90,91,20,3,226,18;00-18;11,13,13,10,8,10,9,7,14,8,13,11,14,14,9,4,17-22 anni,26,117,18,94,21,103,24,112,28,123,13,78,44,107,101,110
1314,18.8333333333333,28,16,13,19,19,14,27,12,16,20,12,80,68,17,6,226,18;00-18;11,12,8,10,12,15,8,13,9,12,7,10,12,8,6,9,17-22 anni,20,100,27,121,22,106,17,91,20,100,15,84,47,112,94,104
1315,18.9166666666667,31,19,17,19,14,17,25,10,13,30,16,86,85,25,6,227,18;00-18;11,14,12,13,12,9,11,12,7,8,13,16,13,13,13,9,17-22 anni,26,117,21,103,19,97,29,128,26,117,22,106,47,112,105,113
1316,18.9166666666667,29,21,12,22,16,20,18,13,12,29,11,78,67,17,5,227,18;00-18;11,12,13,8,14,11,14,7,10,7,12,9,10,8,6,8,17-22 anni,25,114,25,115,17,91,21,103,18,94,14,81,50,118,95,104
1317,18.9166666666667,10,16,10,18,10,14,24,14,11,16,8,75,50,26,7,227,18;00-18;11,1,8,7,10,5,8,11,12,6,4,6,10,4,14,12,17-22 anni,9,68,15,84,23,109,10,70,14,83,26,119,24,71,75,86
1318,18.9166666666667,30,23,16,22,19,22,29,18,18,30,15,90,89,24,8,227,18;00-18;11,13,16,13,14,15,15,14,15,14,13,15,14,14,11,14,17-22 anni,29,126,29,127,29,127,28,125,28,123,25,116,58,132,125,132
1319,18.9166666666667,26,17,9,19,17,12,27,11,14,31,16,82,71,22,8,227,18;00-18;11,10,9,6,12,12,7,13,8,9,13,16,12,9,10,14,17-22 anni,19,97,24,112,21,103,29,128,21,103,24,113,43,105,99,108
1320,18.9166666666667,23,17,13,12,15,15,23,14,16,32,14,83,94,24,8,227,18;00-18;11,8,9,10,4,10,9,9,12,12,14,12,12,15,11,14,17-22 anni,17,91,14,81,21,103,26,119,27,120,25,116,31,84,89,99
1321,18.9166666666667,18,17,13,19,14,12,19,13,16,15,10,55,28,18,6,227,18;00-18;11,4,9,10,12,9,7,7,10,12,3,8,5,1,6,9,17-22 anni,13,79,21,103,17,91,11,73,6,59,15,84,34,89,65,77
1322,18.9166666666667,28,20,19,19,14,16,25,10,18,33,15,92,87,27,8,227,18;00-18;11,12,13,16,12,9,11,12,7,14,14,15,16,13,15,14,17-22 anni,25,114,21,103,19,97,29,128,29,126,29,129,46,110,110,118
1323,18.9166666666667,31,15,15,15,13,10,21,9,13,27,9,73,75,21,6,227,18;00-18;11,14,8,12,7,9,5,8,6,8,11,6,9,9,9,9,17-22 anni,22,106,16,88,14,82,17,91,18,94,18,94,38,96,81,92
1324,18.9166666666667,29,15,11,18,13,11,22,13,14,24,4,78,68,16,5,227,18;00-18;11,12,8,7,10,9,6,9,10,9,8,2,10,8,5,8,17-22 anni,20,100,19,97,19,97,10,70,18,94,13,78,39,98,81,92
1325,19,28,19,14,18,15,20,23,10,12,25,14,64,76,20,5,228,19;00-19;11,12,11,10,10,10,13,9,7,7,9,12,6,10,10,8,17-22 anni,23,109,20,100,16,88,21,103,16,88,18,94,43,105,84,95
1326,19,20,16,11,21,14,19,25,15,15,31,12,81,94,21,7,228,19;00-19;11,6,8,7,12,9,12,12,12,10,13,10,11,15,10,11,17-22 anni,14,82,21,103,24,112,23,109,26,117,21,103,35,91,93,103
1327,19,29,15,14,21,20,19,21,15,11,30,16,87,68,20,7,228,19;00-19;11,12,8,10,12,16,12,8,12,6,13,16,13,8,10,11,17-22 anni,20,100,28,124,20,100,29,128,21,103,21,103,48,114,104,113
1328,19,26,20,17,19,11,19,22,15,11,28,10,81,69,27,7,228,19;00-19;11,10,12,13,11,6,12,9,12,6,12,8,11,8,15,11,17-22 anni,22,106,17,91,21,103,20,100,19,97,26,119,39,98,98,107
1329,19,20,15,15,18,16,20,23,10,18,26,13,77,77,22,4,228,19;00-19;11,6,8,12,10,11,13,9,7,13,9,11,10,10,11,6,17-22 anni,14,82,21,103,16,88,20,100,20,100,17,90,35,91,81,92
1330,19,28,22,16,19,19,18,22,13,15,23,12,81,67,23,6,228,19;00-19;11,12,14,13,11,14,11,9,11,10,8,10,11,8,12,9,17-22 anni,26,117,25,115,20,100,18,94,19,97,21,103,51,119,102,111
1331,19.0833333333333,23,20,9,18,10,7,24,7,13,13,11,69,79,17,7,229,19;00-19;11,8,12,6,10,5,3,10,3,8,2,9,8,10,8,11,17-22 anni,20,100,15,84,13,79,11,73,18,94,19,97,35,91,66,78
1332,19.0833333333333,24,16,10,19,15,14,23,11,15,23,8,75,80,20,6,229,19;00-19;11,9,8,7,11,10,8,9,8,10,8,6,10,11,10,9,17-22 anni,17,91,21,103,17,91,14,82,21,103,19,97,38,96,83,94
1333,19.0833333333333,24,18,10,15,15,10,17,10,15,22,7,63,43,11,5,229,19;00-19;11,9,10,7,7,10,5,6,7,10,8,5,6,2,4,8,17-22 anni,19,97,17,91,13,79,13,79,8,65,12,74,36,93,67,79
1334,19.0833333333333,27,22,7,17,15,18,17,12,18,28,8,49,82,24,6,229,19;00-19;11,10,14,4,9,10,11,6,9,13,12,6,4,11,12,9,17-22 anni,24,112,19,97,15,85,18,94,15,85,21,103,43,105,86,96
1335,19.0833333333333,27,19,13,19,13,10,22,8,18,20,6,84,75,21,8,229,19;00-19;11,10,11,9,11,9,5,9,4,13,7,4,13,9,10,14,17-22 anni,21,103,20,100,13,79,11,73,22,106,24,113,41,102,84,95
1336,19.0833333333333,31,19,14,17,19,19,22,13,15,24,10,79,74,21,8,229,19;00-19;11,14,11,10,9,14,12,9,11,10,8,8,10,9,10,14,17-22 anni,25,114,23,109,20,100,16,88,19,97,24,113,48,114,96,105
1337,19.0833333333333,30,22,14,24,15,21,27,15,15,22,14,81,66,24,7,229,19;00-19;11,13,14,10,16,10,13,13,12,10,8,12,11,8,12,11,17-22 anni,27,120,26,118,25,115,20,100,19,97,23,110,53,123,109,117
1338,19.0833333333333,22,19,12,21,16,16,24,14,14,26,15,58,90,18,8,229,19;00-19;11,7,11,8,12,11,10,10,12,9,9,15,5,13,8,14,17-22 anni,18,94,23,109,22,106,24,112,18,94,22,106,41,102,85,95
1339,19.0833333333333,22,13,10,19,16,12,21,11,16,21,9,73,73,22,5,229,19;00-19;11,7,6,7,11,11,7,8,8,11,7,6,9,9,11,8,17-22 anni,13,79,22,106,16,88,13,79,18,94,19,97,35,91,78,89
1340,19.1666666666667,26,22,15,15,19,14,25,13,14,20,12,88,88,21,7,230,19;00-19;11,10,14,12,7,14,8,12,11,9,7,10,14,12,10,11,17-22 anni,24,112,21,103,23,109,17,91,26,117,21,103,45,109,99,108
1341,19.1666666666667,18,19,19,16,14,16,24,13,19,28,12,77,79,17,5,230,19;00-19;11,5,11,15,8,9,10,10,11,15,12,10,10,10,8,8,17-22 anni,16,88,17,91,21,103,22,106,20,100,16,87,33,87,84,95
1342,19.1666666666667,26,15,13,19,14,14,25,14,17,31,10,74,84,18,6,230,19;00-19;11,10,8,9,11,9,8,12,12,12,13,8,9,11,8,9,17-22 anni,18,94,20,100,24,112,21,103,20,100,17,90,38,96,92,102
1343,19.1666666666667,29,21,15,21,18,23,28,16,20,28,15,72,84,23,7,230,19;00-19;11,12,12,12,12,13,15,14,13,16,12,15,9,11,12,11,17-22 anni,24,112,25,115,27,121,27,122,20,100,23,110,49,116,109,117
1344,19.1666666666667,22,16,16,12,17,18,24,12,12,30,14,72,84,19,6,230,19;00-19;11,7,8,13,5,12,11,10,9,7,13,12,9,11,9,9,17-22 anni,15,85,17,91,19,97,25,116,20,100,18,94,32,86,82,93
1345,19.1666666666667,25,17,12,22,18,20,25,10,15,22,14,91,77,19,7,230,19;00-19;11,9,9,8,14,13,13,12,7,10,8,12,14,10,9,11,17-22 anni,18,94,27,121,19,97,20,100,24,112,20,100,45,109,95,104
1346,19.1666666666667,16,14,5,10,15,11,22,15,17,17,9,68,71,15,8,230,19;00-19;11,3,7,1,4,10,6,9,12,12,5,6,8,9,7,14,17-22 anni,10,71,14,81,21,103,11,73,17,91,21,103,24,71,65,77
1347,19.25,28,20,19,22,19,21,28,16,14,34,16,93,93,26,8,231,19;00-19;11,12,12,15,14,14,13,14,13,9,15,16,15,15,14,14,17-22 anni,24,112,28,124,27,121,31,134,30,129,28,126,52,121,123,130
1348,19.25,22,15,11,17,12,5,19,10,10,18,12,68,48,22,7,231,19;00-19;11,7,8,7,9,7,1,7,7,5,6,10,8,4,11,11,17-22 anni,15,85,16,88,14,82,16,88,12,77,22,106,31,84,70,82
1349,19.25,24,15,9,18,20,22,28,18,16,32,15,93,80,25,6,231,19;00-19;11,9,8,6,10,16,14,14,15,11,14,15,15,11,13,9,17-22 anni,17,91,26,118,29,127,29,128,26,117,22,106,43,105,114,122
1350,19.25,21,9,16,14,8,13,22,10,7,30,10,49,36,8,2,231,19;00-19;11,7,2,13,7,4,7,9,7,3,13,8,4,1,2,2,17-22 anni,9,68,11,72,16,88,21,103,5,56,4,49,20,64,55,68
1351,19.25,29,23,16,21,18,17,28,11,14,26,12,84,78,26,7,231,19;00-19;11,12,15,13,12,13,10,14,8,9,9,10,13,10,14,11,17-22 anni,27,120,25,115,22,106,19,97,23,109,25,116,52,121,110,118
1352,19.3333333333333,22,16,9,23,15,19,25,15,12,24,9,81,73,25,8,232,19;00-19;11,7,8,6,15,10,12,12,12,7,8,6,11,9,13,14,17-22 anni,15,85,25,115,24,112,14,82,20,100,27,122,40,100,96,105
1353,19.3333333333333,23,15,16,19,15,19,19,12,7,26,13,68,59,22,6,232,19;00-19;11,8,8,13,11,10,12,7,9,3,9,11,8,6,11,9,17-22 anni,16,88,21,103,16,88,20,100,14,83,20,100,37,94,81,92
1354,19.3333333333333,26,17,16,18,18,19,21,14,18,32,14,80,85,26,5,232,19;00-19;11,10,9,13,10,13,12,8,12,13,14,12,11,12,14,8,17-22 anni,19,97,23,109,20,100,26,119,23,109,22,106,42,103,101,110
1355,19.3333333333333,21,13,13,13,13,13,22,10,15,21,9,70,65,22,4,232,19;00-19;11,7,6,9,6,9,7,9,7,10,7,6,9,7,11,6,17-22 anni,13,79,15,84,16,88,13,79,16,88,17,90,28,78,71,83
1356,19.3333333333333,22,15,13,9,11,7,11,8,7,24,8,52,84,15,5,232,19;00-19;11,7,8,9,3,6,3,2,4,3,8,6,4,11,7,8,17-22 anni,15,85,9,66,6,58,14,82,15,85,15,84,24,71,49,63
1357,19.3333333333333,23,14,10,21,20,19,27,13,15,28,12,84,86,26,8,232,19;00-19;11,8,7,7,12,16,12,13,11,10,12,10,13,12,14,14,17-22 anni,15,85,28,124,24,112,22,106,25,115,28,126,43,105,106,114
1358,19.3333333333333,19,11,14,17,11,15,13,14,8,21,12,56,79,9,4,232,19;00-19;11,6,5,10,9,6,9,3,12,3,7,10,5,10,3,6,17-22 anni,11,74,15,84,15,85,17,91,15,85,9,65,26,75,56,69
1359,19.3333333333333,28,19,15,20,16,16,23,13,11,14,14,85,78,13,7,232,19;00-19;11,12,11,12,11,11,10,9,11,6,3,12,13,10,6,11,17-22 anni,23,109,22,106,20,100,15,85,23,109,17,90,45,109,87,97
1360,19.4166666666667,28,19,16,22,10,14,22,13,15,25,13,77,91,24,6,233,19;00-19;11,12,11,13,14,5,8,9,11,10,9,11,10,13,12,9,17-22 anni,23,109,19,97,20,100,20,100,23,109,21,103,42,103,93,103
1361,19.4166666666667,21,12,12,16,12,14,22,9,15,28,11,75,72,14,4,233,19;00-19;11,7,6,8,8,7,8,9,6,10,12,9,10,9,6,6,17-22 anni,13,79,15,84,15,85,21,103,19,97,12,74,28,78,71,83
1362,19.4166666666667,29,24,16,18,14,17,20,16,15,27,14,77,88,27,7,233,19;00-19;11,12,16,13,10,9,10,8,13,10,10,12,10,12,15,11,17-22 anni,28,123,19,97,21,103,22,106,22,106,26,119,47,112,103,112
1363,19.4166666666667,25,17,12,13,10,19,14,10,12,22,6,69,60,14,5,233,19;00-19;11,9,9,8,6,5,12,3,7,7,8,4,8,7,6,8,17-22 anni,18,94,11,72,10,70,12,76,15,85,14,81,29,80,61,74
1364,19.4166666666667,23,17,8,17,14,16,21,9,13,18,5,57,31,14,5,233,19;00-19;11,8,9,5,9,9,10,8,6,8,6,3,5,1,6,8,17-22 anni,17,91,18,94,14,82,9,67,6,59,14,81,35,91,66,78
1365,19.4166666666667,27,13,18,16,14,16,28,17,18,27,13,78,78,23,2,233,19;00-19;11,10,6,14,8,9,10,14,14,13,10,11,10,10,12,2,17-22 anni,16,88,17,91,28,124,21,103,20,100,14,81,33,87,93,103
1366,19.4166666666667,27,16,12,20,19,21,24,14,17,34,12,70,80,20,7,233,19;00-19;11,10,8,8,11,14,13,10,12,12,15,10,9,11,10,11,17-22 anni,18,94,25,115,22,106,25,116,20,100,21,103,43,105,99,108
1367,19.5,30,21,12,23,15,22,22,13,18,32,16,90,90,23,5,234,19;00-19;11,13,12,8,15,10,14,9,11,13,14,16,14,13,12,8,17-22 anni,25,114,25,115,20,100,30,131,27,120,20,100,50,118,110,118
1368,19.5,29,22,16,22,13,18,28,12,19,25,11,86,87,23,7,234,19;00-19;11,12,14,13,14,9,11,14,9,15,9,9,13,12,12,11,17-22 anni,26,117,23,109,23,109,18,94,25,115,23,110,49,116,106,114
1369,19.5,25,23,13,13,12,16,18,14,14,30,13,75,66,25,7,234,19;00-19;11,9,15,9,6,7,10,7,12,9,13,11,10,8,13,11,17-22 anni,24,112,13,78,19,97,24,112,18,94,24,113,37,94,92,102
1370,19.5,29,17,15,23,13,18,19,12,12,27,10,77,73,25,6,234,19;00-19;11,12,9,12,15,9,11,7,9,7,10,8,10,9,13,9,17-22 anni,21,103,24,112,16,88,18,94,19,97,22,106,45,109,94,104
1371,19.5,17,17,16,13,6,12,18,12,12,24,8,73,63,4,7,234,19;00-19;11,5,9,13,6,2,7,7,9,7,8,6,9,7,1,11,17-22 anni,14,82,8,63,16,88,14,82,16,88,12,74,22,68,56,69
1372,19.5,26,18,10,18,15,11,14,7,15,16,13,41,50,13,2,234,19;00-19;11,10,10,7,10,10,6,3,3,10,5,11,1,5,6,2,17-22 anni,20,100,20,100,6,58,16,88,6,59,8,62,40,100,58,71
1373,19.5,24,8,11,20,14,15,25,4,8,21,7,82,66,22,8,234,19;00-19;11,9,2,7,11,9,9,12,1,3,7,5,11,8,11,14,17-22 anni,11,74,20,100,13,79,12,76,19,97,25,116,31,84,73,85
1374,19.5,30,19,15,20,16,20,29,13,14,33,11,80,76,20,3,234,19;00-19;11,13,11,12,11,11,13,14,11,9,14,9,11,10,10,5,17-22 anni,24,112,22,106,25,115,23,109,21,103,15,84,46,110,106,114
1375,19.5,28,20,15,20,18,20,21,12,17,29,13,86,75,18,6,234,19;00-19;11,12,12,12,11,13,13,8,9,12,12,11,13,9,8,9,17-22 anni,24,112,24,112,17,91,23,109,22,106,17,90,48,114,98,107
1376,19.5833333333333,21,10,13,14,13,9,17,14,13,16,7,56,58,19,6,235,19;00-19;11,7,3,9,7,9,4,6,12,8,5,5,5,6,9,9,17-22 anni,10,71,16,88,18,94,10,70,11,74,18,94,26,75,63,76
1377,19.5833333333333,18,18,9,18,13,20,20,11,10,27,12,66,60,16,6,235,19;00-19;11,5,10,6,10,9,13,8,8,5,10,10,8,7,7,9,17-22 anni,15,85,19,97,16,88,20,100,15,85,16,87,34,89,75,86
1378,19.5833333333333,27,18,17,19,14,22,22,12,13,24,11,84,83,13,5,235,19;00-19;11,10,10,13,11,9,14,9,9,8,8,9,13,11,6,8,17-22 anni,20,100,20,100,18,94,17,91,24,112,14,81,40,100,85,95
1379,19.5833333333333,21,16,8,19,16,17,20,16,17,23,8,62,70,20,8,235,19;00-19;11,7,8,5,11,11,10,8,13,12,8,6,6,8,10,14,17-22 anni,15,85,22,106,21,103,14,82,14,83,24,113,37,94,82,93
1380,19.5833333333333,31,21,19,17,19,19,24,16,17,34,13,78,76,26,8,235,19;00-19;11,14,12,15,9,14,12,10,13,12,15,11,10,10,14,14,17-22 anni,26,117,23,109,23,109,26,119,20,100,28,126,49,116,111,119
1381,19.5833333333333,26,13,14,13,14,10,16,15,15,23,12,68,85,23,8,235,19;00-19;11,10,6,10,6,9,5,5,12,10,8,10,8,12,12,14,17-22 anni,16,88,15,84,17,91,18,94,20,100,26,119,31,84,76,87
1382,19.5833333333333,15,12,7,15,9,12,24,6,10,17,12,58,51,15,3,235,19;00-19;11,3,6,4,7,4,7,10,2,5,5,10,5,5,7,5,17-22 anni,9,68,11,72,12,76,15,85,10,71,12,74,20,64,49,63
1383,19.5833333333333,25,16,13,20,14,13,23,15,15,26,11,67,66,25,4,235,19;00-19;11,9,8,9,11,9,7,9,12,10,9,9,8,8,13,6,17-22 anni,17,91,20,100,21,103,18,94,16,88,19,97,37,94,88,98
1384,19.5833333333333,25,14,14,12,14,10,17,14,13,25,14,59,81,19,4,235,19;00-19;11,9,7,10,5,9,5,6,12,8,9,12,5,11,9,6,17-22 anni,16,88,14,81,18,94,21,103,16,88,15,84,30,82,71,83
1385,19.6666666666667,31,20,18,24,19,23,29,14,16,33,10,80,71,23,8,236,19;00-19;11,14,12,14,16,14,15,14,12,11,14,8,11,9,12,14,17-22 anni,26,117,30,130,26,118,22,106,20,100,26,119,56,128,119,126
1386,19.6666666666667,30,20,15,21,16,13,29,14,19,34,12,74,73,17,8,236,19;00-19;11,13,12,12,12,11,7,14,12,15,15,10,9,9,8,14,17-22 anni,25,114,23,109,26,118,25,116,18,94,22,106,48,114,106,114
1387,19.6666666666667,25,22,9,16,17,13,25,12,17,31,11,87,83,21,8,236,19;00-19;11,9,14,6,8,12,7,12,9,12,13,9,13,11,10,14,17-22 anni,23,109,20,100,21,103,22,106,24,112,24,113,43,105,100,109
1388,19.6666666666667,31,20,14,21,12,18,21,14,16,27,12,79,88,20,6,236,19;00-19;11,14,12,10,12,7,11,8,12,11,10,10,10,12,10,9,17-22 anni,26,117,19,97,20,100,20,100,22,106,19,97,45,109,95,104
1389,19.6666666666667,32,18,16,19,16,14,28,11,15,28,13,67,74,21,4,236,19;00-19;11,14,10,13,11,11,8,14,8,10,12,11,8,9,10,6,17-22 anni,24,112,22,106,22,106,23,109,17,91,16,87,46,110,98,107
1390,19.6666666666667,32,21,19,17,16,15,29,14,16,33,16,96,87,23,7,236,19;00-19;11,14,12,15,9,11,9,14,12,11,14,16,16,12,12,11,17-22 anni,26,117,20,100,26,118,30,131,28,123,23,110,46,110,114,122
1391,19.6666666666667,29,20,15,18,17,15,25,14,17,32,14,80,88,21,7,236,19;00-19;11,12,12,12,10,12,9,12,12,12,14,12,11,12,10,11,17-22 anni,24,112,22,106,24,112,26,119,23,109,21,103,46,110,105,113
1392,19.6666666666667,27,17,11,22,12,15,27,15,16,32,13,76,72,22,4,236,19;00-19;11,10,9,7,14,7,9,13,12,11,14,11,10,9,11,6,17-22 anni,19,97,21,103,25,115,25,116,19,97,17,90,40,100,100,109
1393,19.6666666666667,14,13,9,12,12,10,16,12,16,22,11,60,47,16,2,236,19;00-19;11,2,6,6,5,7,5,5,9,11,8,9,6,4,7,2,17-22 anni,8,65,12,75,14,82,17,91,10,71,9,65,20,64,55,68
1394,19.6666666666667,33,22,18,23,19,22,32,17,18,26,13,92,83,27,8,236,19;00-19;11,15,14,14,15,14,14,16,14,13,9,11,15,11,15,14,17-22 anni,29,126,29,127,30,130,20,100,26,117,29,129,58,132,127,133
1395,19.6666666666667,28,20,16,15,10,17,26,7,14,29,12,67,83,13,6,236,19;00-19;11,12,12,13,7,5,10,12,3,9,12,10,8,11,6,9,17-22 anni,24,112,12,75,15,85,22,106,19,97,15,84,36,93,77,88
1396,19.6666666666667,28,18,12,15,13,16,22,14,13,20,9,84,84,24,7,236,19;00-19;11,12,10,8,7,9,10,9,12,8,7,6,13,11,12,11,17-22 anni,22,106,16,88,21,103,13,79,24,112,23,110,38,96,91,101
1397,19.6666666666667,26,15,12,14,18,17,22,12,13,24,11,80,76,19,5,236,19;00-19;11,10,8,8,7,13,10,9,9,8,8,9,11,10,9,8,17-22 anni,18,94,20,100,18,94,17,91,21,103,17,90,38,96,84,95
1398,19.6666666666667,19,19,11,16,9,16,24,12,11,21,13,74,81,22,7,236,19;00-19;11,6,11,7,8,4,10,10,9,6,7,11,9,11,11,11,17-22 anni,17,91,12,75,19,97,18,94,20,100,22,106,29,80,75,86
1399,19.6666666666667,33,18,15,18,17,19,26,12,19,25,12,80,94,20,5,236,19;00-19;11,15,10,12,10,12,12,12,9,15,9,10,11,15,10,8,17-22 anni,25,114,22,106,21,103,19,97,26,117,18,94,47,112,98,107
1400,19.75,29,13,15,22,14,18,22,17,18,26,15,88,75,22,7,237,19;00-19;11,12,6,12,14,9,11,9,14,13,9,15,14,9,11,11,17-22 anni,18,94,23,109,23,109,24,112,23,109,22,106,41,102,98,107
1401,19.75,35,19,15,21,16,18,31,16,18,26,13,90,93,27,7,237,19;00-19;11,16,11,12,12,11,11,15,13,13,9,11,14,15,15,11,17-22 anni,27,120,23,109,28,124,20,100,29,126,26,119,50,118,116,123
1402,19.75,25,16,17,12,11,15,26,12,9,25,8,60,79,20,7,237,19;00-19;11,9,8,13,5,6,9,12,9,4,9,6,6,10,10,11,17-22 anni,17,91,11,72,21,103,15,85,16,88,21,103,28,78,74,86
1403,19.75,29,22,16,20,14,19,28,18,14,35,15,83,82,26,8,237,19;00-19;11,12,14,13,11,9,12,14,15,9,16,15,11,11,14,14,17-22 anni,26,117,20,100,29,127,31,134,22,106,28,126,46,110,116,123
1404,19.75,24,21,12,18,15,18,28,13,17,16,14,72,52,21,6,237,19;00-19;11,9,12,8,10,10,11,14,11,12,5,12,9,5,10,9,17-22 anni,21,103,20,100,25,115,17,91,14,83,19,97,41,102,90,100
1405,19.75,25,17,12,17,15,19,24,13,13,24,9,76,91,20,6,237,19;00-19;11,9,9,8,9,10,12,10,11,8,8,6,10,13,10,9,17-22 anni,18,94,19,97,21,103,14,82,23,109,19,97,37,94,86,96
1406,19.75,30,21,18,21,15,17,22,14,15,28,16,87,94,23,8,237,19;00-19;11,13,12,14,12,10,10,9,12,10,12,16,13,15,12,14,17-22 anni,25,114,22,106,21,103,28,125,28,123,26,119,47,112,105,113
1407,19.8333333333333,27,23,18,14,18,20,23,11,15,30,14,87,93,23,7,238,19;00-19;11,10,15,14,7,13,13,9,8,10,13,12,13,15,12,11,17-22 anni,25,114,20,100,17,91,25,116,28,123,23,110,45,109,100,109
1408,19.8333333333333,25,20,16,19,17,19,26,12,17,29,14,89,74,25,8,238,19;00-19;11,9,12,13,11,12,12,12,9,12,12,12,14,9,13,14,17-22 anni,21,103,23,109,21,103,24,112,23,109,27,122,44,107,104,113
1409,19.8333333333333,33,23,16,14,14,16,27,15,18,27,12,84,98,24,7,238,19;00-19;11,15,15,13,7,9,10,13,12,13,10,10,13,16,12,11,17-22 anni,30,129,16,88,25,115,20,100,29,126,23,110,46,110,106,114
1410,19.8333333333333,26,20,18,21,14,15,30,17,17,32,12,89,91,23,7,238,19;00-19;11,10,12,14,12,9,9,15,14,12,14,10,14,13,12,11,17-22 anni,22,106,21,103,29,127,24,112,27,120,23,110,43,105,112,120
1411,19.8333333333333,23,17,14,19,19,19,24,18,13,33,13,87,93,21,7,238,19;00-19;11,8,9,10,11,14,12,10,15,8,14,11,13,15,10,11,17-22 anni,17,91,25,115,25,115,25,116,28,123,21,103,42,103,104,113
1412,19.8333333333333,25,14,15,13,11,18,16,13,15,20,10,65,68,22,7,238,19;00-19;11,9,7,12,6,6,11,5,11,10,7,8,6,8,11,11,17-22 anni,16,88,12,75,16,88,15,85,14,83,22,106,28,78,68,80
1413,19.8333333333333,31,21,17,21,17,16,26,16,17,32,14,75,85,25,8,238,19;00-19;11,14,12,13,12,12,10,12,13,12,14,12,10,12,13,14,17-22 anni,26,117,24,112,25,115,26,119,22,106,27,122,50,118,112,120
1414,19.9166666666667,25,21,10,12,15,17,22,14,18,26,13,76,75,18,8,239,19;00-19;11,9,12,7,5,10,10,9,12,13,9,11,10,9,8,14,17-22 anni,21,103,15,84,21,103,20,100,19,97,22,106,36,93,84,95
1415,19.9166666666667,35,17,10,22,20,20,29,14,13,30,13,89,92,26,8,239,19;00-19;11,16,9,7,14,16,13,14,12,8,13,11,14,13,14,14,17-22 anni,25,114,30,130,26,118,24,112,27,120,28,126,55,126,122,129
1416,19.9166666666667,30,20,14,12,16,21,22,11,15,26,14,83,77,17,5,239,19;00-19;11,13,12,10,5,11,13,9,8,10,9,12,11,10,8,8,17-22 anni,25,114,16,88,17,91,21,103,21,103,16,87,41,102,86,96
1417,19.9166666666667,31,22,13,23,16,17,29,14,17,28,14,76,86,21,8,239,19;00-19;11,14,14,9,15,11,10,14,12,12,12,12,10,12,10,14,17-22 anni,28,123,26,118,26,118,24,112,22,106,24,113,54,125,112,120
1418,19.9166666666667,29,21,11,19,16,22,23,13,17,30,13,78,69,22,8,239,19;00-19;11,12,12,7,11,11,14,9,11,12,13,11,10,8,11,14,17-22 anni,24,112,22,106,20,100,24,112,18,94,25,116,46,110,100,109
1419,19.9166666666667,21,16,9,17,16,13,19,12,15,29,6,64,76,16,7,239,19;00-19;11,7,8,6,9,11,7,7,9,10,12,4,6,10,7,11,17-22 anni,15,85,20,100,16,88,16,88,16,88,18,94,35,91,76,87
1420,20,28,21,16,22,15,18,25,15,12,25,12,80,89,24,4,240,20;00-20;11,11,13,13,14,10,12,11,12,7,9,10,12,14,12,5,17-22 anni,24,112,24,112,23,109,19,97,26,117,17,90,48,114,104,113
1421,20,26,12,12,19,19,18,22,7,10,20,11,70,74,24,5,240,20;00-20;11,10,5,8,12,15,12,9,3,5,7,9,9,9,12,8,17-22 anni,15,85,27,121,12,76,16,88,18,94,20,100,42,103,82,93
1422,20,26,21,17,15,14,13,22,13,14,17,10,70,68,17,5,240,20;00-20;11,10,13,13,6,8,6,9,10,9,4,7,9,7,7,8,17-22 anni,23,109,14,81,19,97,11,73,16,88,15,84,37,94,76,87
1423,20.0833333333333,29,21,14,20,18,21,28,15,12,30,15,69,81,23,4,241,20;00-20;11,11,13,10,12,14,14,14,12,7,13,15,8,11,12,5,17-22 anni,24,112,26,118,26,118,28,125,19,97,17,90,50,118,109,117
1424,20.0833333333333,21,17,10,14,13,14,24,14,12,29,15,50,71,9,6,241,20;00-20;11,6,9,7,6,8,8,10,12,7,12,15,4,9,3,9,17-22 anni,15,85,14,81,22,106,27,122,13,80,12,74,29,80,70,82
1425,20.0833333333333,25,19,13,17,11,15,18,7,15,31,8,68,81,17,5,241,20;00-20;11,8,11,9,9,6,9,7,3,10,13,6,8,11,7,8,17-22 anni,19,97,15,84,10,70,19,97,19,97,15,84,34,89,72,84
1426,20.0833333333333,30,19,11,18,16,14,27,16,18,25,14,87,77,19,6,241,20;00-20;11,12,11,7,10,11,8,13,13,14,9,12,13,10,9,9,17-22 anni,23,109,21,103,26,118,21,103,23,109,18,94,44,107,101,110
1427,20.0833333333333,30,19,18,20,11,21,19,15,18,26,11,77,70,21,8,241,20;00-20;11,12,11,14,12,6,14,7,12,14,9,9,10,7,10,15,17-22 anni,23,109,18,94,19,97,18,94,17,91,25,116,41,102,89,99
1428,20.0833333333333,22,18,10,19,17,11,28,17,17,23,14,78,75,17,8,241,20;00-20;11,6,10,7,12,12,5,14,14,13,8,12,10,9,7,15,17-22 anni,16,88,24,112,28,124,20,100,19,97,22,106,40,100,93,103
1429,20.0833333333333,30,14,17,19,12,17,21,8,8,26,8,79,77,17,6,241,20;00-20;11,12,6,13,12,7,10,8,4,3,9,6,10,10,7,9,17-22 anni,18,94,19,97,12,76,15,85,20,100,16,87,37,94,75,86
1430,20.0833333333333,27,13,12,19,13,15,23,17,16,19,9,63,64,23,5,241,20;00-20;11,10,5,8,12,8,9,9,14,12,5,6,7,6,12,8,17-22 anni,15,85,20,100,23,109,11,73,13,80,20,100,35,91,82,93
1431,20.1666666666667,33,23,17,18,16,20,16,13,14,27,12,83,91,25,7,242,20;00-20;11,15,15,13,10,11,14,4,10,9,10,10,12,14,13,12,17-22 anni,30,129,21,103,14,82,20,100,26,117,25,116,51,119,100,109
1432,20.1666666666667,26,16,11,19,13,20,26,13,12,23,12,78,72,24,7,242,20;00-20;11,10,8,7,12,8,14,11,10,7,8,10,10,9,12,12,17-22 anni,18,94,20,100,21,103,18,94,19,97,24,113,38,96,89,99
1433,20.1666666666667,27,19,11,19,15,16,27,13,13,21,11,88,86,25,6,242,20;00-20;11,10,11,7,12,10,10,13,10,8,7,9,14,13,13,9,17-22 anni,21,103,22,106,23,109,16,88,27,120,22,106,43,105,100,109
1434,20.1666666666667,27,19,7,18,9,15,21,10,15,29,9,30,44,19,6,242,20;00-20;11,10,11,3,10,3,9,8,7,10,12,6,1,2,9,9,17-22 anni,21,103,13,78,15,85,18,94,3,51,18,94,34,89,71,83
1435,20.1666666666667,28,18,13,16,16,20,24,15,13,30,15,85,89,24,7,242,20;00-20;11,11,10,9,7,11,14,10,12,8,13,15,13,14,12,12,17-22 anni,21,103,18,94,22,106,28,125,27,120,24,113,39,98,99,108
1436,20.1666666666667,24,20,16,17,18,20,23,10,16,28,15,75,86,20,6,242,20;00-20;11,8,13,13,9,14,14,9,7,12,12,15,10,13,10,9,17-22 anni,21,103,23,109,16,88,27,122,23,109,19,97,44,107,92,102
1437,20.1666666666667,22,19,15,21,19,16,25,14,16,29,11,88,66,19,7,242,20;00-20;11,6,11,11,13,15,10,11,12,12,12,9,14,7,9,12,17-22 anni,17,91,28,124,23,109,21,103,21,103,21,103,45,109,103,112
1438,20.1666666666667,20,20,12,18,14,13,13,11,11,24,10,82,68,20,5,242,20;00-20;11,5,13,8,10,8,6,3,8,6,8,7,12,7,10,8,17-22 anni,18,94,18,94,11,73,15,85,19,97,18,94,36,93,77,88
1439,20.25,26,16,9,13,13,18,15,10,7,23,10,69,61,23,8,243,20;00-20;11,10,8,6,4,8,12,4,7,3,8,7,8,6,12,15,17-22 anni,18,94,12,75,11,73,15,85,14,83,27,122,30,82,69,81
1440,20.25,27,16,14,18,15,12,23,8,17,29,12,85,80,19,8,243,20;00-20;11,10,8,10,10,10,6,9,4,13,12,10,13,11,9,15,17-22 anni,18,94,20,100,13,79,22,106,24,112,24,113,38,96,85,95
1441,20.25,18,17,13,16,17,13,17,6,14,19,11,74,64,13,7,243,20;00-20;11,3,9,9,7,12,6,5,2,9,5,9,9,6,5,12,17-22 anni,12,76,19,97,7,61,14,82,15,85,17,90,31,84,57,70
1442,20.25,33,20,20,19,12,15,21,15,15,21,13,71,76,26,6,243,20;00-20;11,15,13,16,12,7,9,8,12,10,7,11,9,10,14,9,17-22 anni,28,123,19,97,20,100,18,94,19,97,23,110,47,112,97,106
1443,20.25,31,18,16,23,20,20,31,18,17,34,16,71,75,23,6,243,20;00-20;11,13,10,13,16,17,14,15,15,13,16,16,9,9,12,9,17-22 anni,23,109,33,140,30,130,32,137,18,94,21,103,56,128,123,130
1444,20.25,21,17,15,14,12,14,20,10,7,22,11,70,69,19,5,243,20;00-20;11,6,9,11,6,7,8,8,7,3,8,9,9,7,9,8,17-22 anni,15,85,13,78,15,85,17,91,16,88,17,90,28,78,69,81
1445,20.25,26,20,11,16,18,20,24,12,14,28,14,79,55,24,7,243,20;00-20;11,10,13,7,7,14,14,10,9,9,12,12,10,4,12,12,17-22 anni,23,109,21,103,19,97,24,112,14,83,24,113,44,107,97,106
1446,20.25,32,21,15,22,16,19,25,13,16,22,12,86,87,26,7,243,20;00-20;11,13,13,11,14,11,13,11,10,12,8,10,13,13,14,12,17-22 anni,26,117,25,115,21,103,18,94,26,117,26,119,51,119,107,115
1447,20.25,23,13,13,18,11,18,27,14,10,33,14,50,81,17,6,243,20;00-20;11,7,5,9,10,6,12,13,12,5,14,12,4,11,7,9,17-22 anni,12,76,16,88,25,115,26,119,15,85,16,87,28,78,78,89
1448,20.25,27,19,12,20,14,17,25,15,14,27,13,77,83,26,8,243,20;00-20;11,10,11,8,12,8,10,11,12,9,10,11,10,11,14,15,17-22 anni,21,103,20,100,23,109,21,103,21,103,29,129,41,102,98,107
1449,20.3333333333333,27,21,10,22,15,17,25,18,16,23,7,85,89,24,7,244,20;00-20;11,10,13,7,14,10,10,11,15,12,8,5,13,14,12,12,17-22 anni,23,109,24,112,26,118,13,79,27,120,24,113,47,112,106,114
1450,20.3333333333333,34,22,16,21,17,20,29,13,17,34,16,84,86,26,7,244,20;00-20;11,15,14,13,13,12,14,14,10,13,16,16,13,13,14,12,17-22 anni,29,126,25,115,24,112,32,137,26,117,26,119,54,125,121,128
1451,20.3333333333333,29,18,13,21,17,15,24,14,18,26,8,72,76,24,6,244,20;00-20;11,11,10,9,13,12,9,10,12,14,9,6,9,10,12,9,17-22 anni,21,103,25,115,22,106,15,85,19,97,21,103,46,110,98,107
1452,20.3333333333333,22,15,10,17,13,17,19,8,15,26,11,67,67,18,7,244,20;00-20;11,6,8,7,9,8,10,7,4,10,9,9,8,7,7,12,17-22 anni,14,82,17,91,11,73,18,94,15,85,19,97,31,84,66,78
1453,20.4166666666667,29,14,13,18,14,16,27,9,10,22,13,65,74,21,6,245,20;00-20;11,11,6,9,10,8,10,13,6,5,8,11,7,9,10,9,17-22 anni,17,91,18,94,19,97,19,97,16,88,19,97,35,91,79,90
1454,20.4166666666667,28,15,12,18,13,18,30,15,17,20,13,73,62,25,4,245,20;00-20;11,11,8,8,10,8,12,15,12,13,7,11,9,6,13,5,17-22 anni,19,97,18,94,27,121,18,94,15,85,18,94,37,94,93,103
1455,20.4166666666667,13,11,15,18,17,14,23,11,15,30,8,70,76,22,6,245,20;00-20;11,1,4,11,10,12,8,9,8,10,13,6,9,10,11,9,17-22 anni,5,56,22,106,17,91,19,97,19,97,20,100,27,77,77,88
1456,20.4166666666667,29,21,13,22,19,17,24,14,17,30,13,89,81,26,7,245,20;00-20;11,11,13,9,14,15,10,10,12,13,13,11,14,11,14,12,17-22 anni,24,112,29,127,22,106,24,112,25,115,26,119,53,123,116,123
1457,20.4166666666667,34,20,14,20,14,18,17,13,14,22,13,80,78,21,5,245,20;00-20;11,15,13,10,12,8,12,5,10,9,8,11,12,10,10,8,17-22 anni,28,123,20,100,15,85,19,97,22,106,18,94,48,114,93,103
1458,20.4166666666667,29,22,9,15,15,15,27,13,15,28,8,69,66,19,6,245,20;00-20;11,11,14,6,6,10,9,13,10,10,12,6,8,7,9,9,17-22 anni,25,114,16,88,23,109,18,94,15,85,18,94,41,102,93,103
1459,20.4166666666667,33,21,16,18,16,15,22,18,15,29,14,92,89,24,6,245,20;00-20;11,15,13,13,10,11,9,9,15,10,12,12,15,14,12,9,17-22 anni,28,123,21,103,24,112,24,112,29,126,21,103,49,116,112,120
1460,20.4166666666667,26,18,19,20,16,15,24,15,17,19,11,70,79,23,6,245,20;00-20;11,10,10,15,12,11,9,10,12,13,5,9,9,10,12,9,17-22 anni,20,100,23,109,22,106,14,82,19,97,21,103,43,105,91,101
1461,20.5,28,20,17,21,17,17,20,15,19,34,13,77,81,26,6,246,20;00-20;11,11,13,13,13,12,10,8,12,15,16,11,10,11,14,9,17-22 anni,24,112,25,115,20,100,27,122,21,103,23,110,49,116,109,117
1462,20.5,28,17,10,14,14,14,25,11,20,33,10,66,82,19,6,246,20;00-20;11,11,9,7,6,8,8,11,8,16,14,7,8,11,9,9,17-22 anni,20,100,14,81,19,97,21,103,19,97,18,94,34,89,84,95
1463,20.5,22,14,15,10,12,11,16,12,13,16,12,81,57,12,3,246,20;00-20;11,6,6,11,1,7,5,4,9,8,4,10,12,4,4,3,17-22 anni,12,76,8,63,13,79,14,82,16,88,7,58,20,64,53,67
1464,20.5,29,17,16,13,15,20,25,14,14,21,13,76,76,18,6,246,20;00-20;11,11,9,13,4,10,14,11,12,9,7,11,10,10,7,9,17-22 anni,20,100,14,81,23,109,18,94,20,100,16,87,34,89,81,92
1465,20.5,26,18,19,18,17,16,27,15,17,28,13,67,86,26,8,246,20;00-20;11,10,10,15,10,12,10,13,12,13,12,11,8,13,14,15,17-22 anni,20,100,22,106,25,115,23,109,21,103,29,129,42,103,101,110
1466,20.5,28,17,13,17,11,14,23,15,13,29,12,73,62,19,4,246,20;00-20;11,11,9,9,9,6,8,9,12,8,12,10,9,6,9,5,17-22 anni,20,100,15,84,21,103,22,106,15,85,14,81,35,91,86,96
1467,20.5,30,20,12,18,11,14,27,9,17,26,10,64,66,13,8,246,20;00-20;11,12,13,8,10,6,8,13,6,13,9,7,7,7,5,15,17-22 anni,25,114,16,88,19,97,16,88,14,83,20,100,41,102,81,92
1468,20.5,29,20,13,19,16,11,20,11,11,24,7,90,91,23,7,246,20;00-20;11,11,13,9,12,11,5,8,8,6,8,5,14,14,12,12,17-22 anni,24,112,23,109,16,88,13,79,28,123,24,113,47,112,97,106
1469,20.5,30,18,15,23,20,15,30,17,18,35,15,85,87,26,7,246,20;00-20;11,12,10,11,16,17,9,15,14,14,17,15,13,13,14,12,17-22 anni,22,106,33,140,29,127,32,137,26,117,26,119,55,126,128,134
1470,20.5,22,15,14,15,13,10,13,12,13,25,15,81,85,17,5,246,20;00-20;11,6,8,10,6,8,4,3,9,8,9,15,12,13,7,8,17-22 anni,14,82,14,81,12,76,24,112,25,115,15,84,28,78,68,80
1471,20.5,25,17,16,14,16,18,24,12,18,24,11,57,65,20,6,246,20;00-20;11,8,9,13,6,11,12,10,9,14,8,9,6,6,10,9,17-22 anni,17,91,17,91,19,97,17,91,12,77,19,97,34,89,77,88
1472,20.5833333333333,26,13,14,20,13,12,16,12,9,25,9,58,76,18,4,247,20;00-20;11,10,5,10,12,8,6,4,9,4,9,6,6,10,7,5,17-22 anni,15,85,20,100,13,79,15,85,16,88,12,74,35,91,70,82
1473,20.5833333333333,26,16,13,17,13,12,20,13,12,22,11,64,85,16,7,247,20;00-20;11,10,8,9,9,8,6,8,10,7,8,9,7,13,6,12,17-22 anni,18,94,17,91,18,94,17,91,20,100,18,94,35,91,74,86
1474,20.5833333333333,29,16,14,19,13,17,23,11,18,25,14,88,87,18,6,247,20;00-20;11,11,8,10,12,8,10,9,8,14,9,12,14,13,7,9,17-22 anni,19,97,20,100,17,91,21,103,27,120,16,87,39,98,86,96
1475,20.5833333333333,26,19,17,17,15,20,26,13,16,25,14,86,86,25,4,247,20;00-20;11,10,11,13,9,10,14,11,10,12,9,12,13,13,13,5,17-22 anni,21,103,19,97,21,103,21,103,26,117,18,94,40,100,96,105
1476,20.5833333333333,34,22,16,20,16,15,19,13,17,29,13,76,84,21,6,247,20;00-20;11,15,14,13,12,11,9,7,10,13,12,11,10,11,10,9,17-22 anni,29,126,23,109,17,91,23,109,21,103,19,97,52,121,101,110
1477,20.5833333333333,31,20,17,20,14,20,30,15,14,22,13,82,80,22,6,247,20;00-20;11,13,13,13,12,8,14,15,12,9,8,11,12,11,11,9,17-22 anni,26,117,20,100,27,121,19,97,23,109,20,100,46,110,104,113
1478,20.5833333333333,28,13,9,19,16,18,22,13,16,27,8,75,78,21,5,247,20;00-20;11,11,5,6,12,11,12,9,10,12,10,6,10,10,10,8,17-22 anni,16,88,23,109,19,97,16,88,20,100,18,94,39,98,88,98
1479,20.6666666666667,23,16,14,21,9,16,24,11,16,19,8,71,93,19,7,248,20;00-20;11,7,8,10,13,3,10,10,8,12,5,6,9,16,9,12,17-22 anni,15,85,16,88,18,94,11,73,25,115,21,103,31,84,72,84
1480,20.6666666666667,30,14,14,18,18,10,23,15,11,32,8,86,62,24,5,248,20;00-20;11,12,6,10,10,14,4,9,12,6,14,6,13,6,12,8,17-22 anni,18,94,24,112,21,103,20,100,19,97,20,100,42,103,102,111
1481,20.6666666666667,34,22,10,21,17,17,27,15,17,27,15,85,85,21,8,248,20;00-20;11,15,14,7,13,12,10,13,12,13,10,15,13,13,10,15,17-22 anni,29,126,25,115,25,115,25,116,26,117,25,116,54,125,112,120
1482,20.6666666666667,33,24,15,15,14,15,29,16,17,32,12,83,88,22,6,248,20;00-20;11,15,17,11,6,8,9,14,13,13,14,10,12,13,11,9,17-22 anni,32,135,14,81,27,121,24,112,25,115,20,100,46,110,110,118
1483,20.6666666666667,22,15,12,13,17,18,16,13,13,25,13,46,68,21,8,248,20;00-20;11,6,8,8,4,12,12,4,10,8,9,11,3,7,10,15,17-22 anni,14,82,16,88,14,82,20,100,10,71,25,116,30,82,66,78
1484,20.75,30,19,16,19,19,14,25,17,14,29,14,78,85,23,6,249,20;00-20;11,12,11,13,12,15,8,11,14,9,12,12,10,13,12,9,17-22 anni,23,109,27,121,25,115,24,112,23,109,21,103,50,118,109,117
1485,20.75,22,13,7,13,15,14,23,10,11,21,9,38,81,5,5,249,20;00-20;11,6,5,3,4,10,8,9,7,6,7,6,2,11,1,8,17-22 anni,11,74,14,81,16,88,13,79,13,80,9,65,25,73,51,65
1486,20.75,26,17,11,20,13,18,22,12,17,20,8,76,76,23,6,249,20;00-20;11,10,9,7,12,8,12,9,9,13,7,6,10,10,12,9,17-22 anni,19,97,20,100,18,94,13,79,20,100,21,103,39,98,86,96
1487,20.75,20,21,13,17,16,19,28,12,16,28,14,74,83,16,7,249,20;00-20;11,5,13,9,9,11,13,14,9,12,12,12,9,11,6,12,17-22 anni,18,94,20,100,23,109,24,112,20,100,18,94,38,96,88,98
1488,20.8333333333333,32,21,15,19,19,20,29,16,17,27,10,94,81,21,6,250,20;00-20;11,13,13,11,12,15,14,14,13,13,10,7,15,11,10,9,17-22 anni,26,117,27,121,27,121,17,91,26,117,19,97,53,123,115,123
1489,20.8333333333333,30,20,18,18,17,19,27,13,15,33,13,85,84,26,8,250,20;00-20;11,12,13,14,10,12,13,13,10,10,14,11,13,11,14,15,17-22 anni,25,114,22,106,23,109,25,116,24,112,29,129,47,112,111,119
1490,20.8333333333333,23,11,6,15,9,12,25,11,9,27,12,79,74,11,7,250,20;00-20;11,7,4,2,6,3,6,11,8,4,10,10,10,9,4,12,17-22 anni,11,74,9,66,19,97,20,100,19,97,16,87,20,64,63,76
1491,20.8333333333333,30,21,18,14,14,12,21,9,11,28,12,62,82,17,7,250,20;00-20;11,12,13,14,6,8,6,8,6,6,12,10,7,11,7,12,17-22 anni,25,114,14,81,14,82,22,106,18,94,19,97,39,98,79,90
1492,20.8333333333333,32,22,19,21,18,12,27,13,16,30,13,78,90,27,8,250,20;00-20;11,13,14,15,13,14,6,13,10,12,13,11,10,14,15,15,17-22 anni,27,120,27,121,23,109,24,112,24,112,30,132,54,125,115,123
1493,20.8333333333333,26,17,18,20,16,17,23,16,17,27,12,83,68,17,6,250,20;00-20;11,10,9,14,12,11,10,9,13,13,10,10,12,7,7,9,17-22 anni,19,97,23,109,22,106,20,100,19,97,16,87,42,103,93,103
1494,20.8333333333333,26,15,9,18,13,11,25,14,15,25,10,82,93,25,6,250,20;00-20;11,10,8,6,10,8,5,11,12,10,9,7,12,16,13,9,17-22 anni,18,94,18,94,23,109,16,88,28,123,22,106,36,93,93,103
1495,20.9166666666667,27,18,14,22,12,20,25,14,17,17,15,58,73,18,5,251,20;00-20;11,10,10,10,14,7,14,11,12,13,4,15,6,9,7,8,17-22 anni,20,100,21,103,23,109,19,97,15,85,15,84,41,102,81,92
1496,20.9166666666667,29,18,18,19,15,14,29,14,12,30,10,85,68,26,8,251,20;00-20;11,11,10,14,12,10,8,14,12,7,13,7,13,7,14,15,17-22 anni,21,103,22,106,26,118,20,100,20,100,29,129,43,105,109,117
1497,20.9166666666667,34,19,16,20,15,20,29,18,18,26,15,85,87,28,6,251,20;00-20;11,15,11,13,12,10,14,14,15,14,9,15,13,13,15,9,17-22 anni,26,117,22,106,29,127,24,112,26,117,24,113,48,114,114,122
1498,20.9166666666667,30,14,11,20,15,23,25,12,17,27,13,79,72,28,6,251,20;00-20;11,12,6,7,12,10,17,11,9,13,10,11,10,9,15,9,17-22 anni,18,94,22,106,20,100,21,103,19,97,24,113,40,100,95,104
1499,20.9166666666667,27,15,17,18,13,19,21,9,13,30,9,68,65,16,5,251,20;00-20;11,10,8,13,10,8,13,8,6,8,13,6,8,6,6,8,17-22 anni,18,94,18,94,14,82,19,97,14,83,14,81,36,93,77,88
1500,21,26,13,13,16,13,9,23,16,10,14,7,72,57,16,7,252,21;00-21;11,10,4,9,8,9,4,9,13,5,2,5,10,5,6,11,17-22 anni,14,82,17,91,22,106,7,61,15,85,17,90,31,84,71,83
1501,21,32,23,14,20,17,13,23,11,17,34,15,84,88,27,8,252,21;00-21;11,13,16,10,11,12,7,9,8,12,15,15,13,13,15,13,17-22 anni,29,126,23,109,17,91,30,131,26,117,28,126,52,121,112,120
1502,21,27,15,15,22,9,16,19,12,15,27,8,76,83,19,6,252,21;00-21;11,10,7,12,14,4,11,7,9,10,10,6,11,11,8,9,17-22 anni,17,91,18,94,16,88,16,88,22,106,17,90,35,91,80,91
1503,21,31,15,13,22,16,19,29,16,16,26,10,83,75,22,7,252,21;00-21;11,13,7,9,14,11,13,14,13,11,9,7,12,9,10,11,17-22 anni,20,100,25,115,27,121,16,88,21,103,21,103,45,109,103,112
1504,21,30,20,16,21,17,22,29,17,18,30,13,74,77,21,7,252,21;00-21;11,12,13,13,12,12,15,14,14,13,13,11,10,10,9,11,17-22 anni,25,114,24,112,28,124,24,112,20,100,20,100,49,116,109,117
1505,21,22,17,12,15,14,13,15,6,11,28,14,61,60,15,0,252,21;00-21;11,6,9,7,7,9,7,4,3,6,11,13,7,6,6,1,17-22 anni,15,85,16,88,7,61,24,112,13,80,7,58,31,84,62,75
1506,21,31,16,10,20,16,14,24,11,8,32,10,66,75,19,6,252,21;00-21;11,13,7,6,11,11,8,10,8,3,14,7,8,9,8,9,17-22 anni,20,100,22,106,18,94,21,103,17,91,17,90,42,103,90,100
1507,21,25,22,14,18,18,17,26,13,15,24,8,76,86,26,7,252,21;00-21;11,8,14,10,10,14,11,11,10,10,7,6,11,13,14,11,17-22 anni,22,106,24,112,21,103,13,79,24,112,25,116,46,110,99,108
1508,21,32,16,15,21,18,21,24,15,20,32,15,68,83,20,7,252,21;00-21;11,13,7,12,12,14,14,10,11,16,14,15,8,11,9,11,17-22 anni,20,100,26,118,21,103,29,128,19,97,20,100,46,110,98,107
1509,21,22,17,9,19,11,17,19,4,10,29,11,55,67,25,8,252,21;00-21;11,6,9,5,11,6,11,7,1,5,11,9,6,8,13,13,17-22 anni,15,85,17,91,8,64,20,100,14,83,26,119,32,86,70,82
1510,21,18,13,15,16,10,8,19,11,15,31,12,44,38,20,6,252,21;00-21;11,4,4,12,8,5,4,7,8,10,13,10,3,1,9,9,17-22 anni,8,65,13,78,15,85,23,109,4,54,18,94,21,66,61,74
1511,21.0833333333333,27,20,14,17,16,17,27,16,18,27,12,66,93,22,8,253,21;00-21;11,10,13,10,9,11,11,13,13,13,10,10,8,15,10,13,17-22 anni,23,109,20,100,26,118,20,100,23,109,23,110,43,105,97,106
1512,21.0833333333333,31,21,14,17,16,12,22,13,12,27,10,81,73,24,7,253,21;00-21;11,13,13,10,9,11,7,9,10,7,10,7,12,9,12,11,17-22 anni,26,117,20,100,19,97,17,91,21,103,23,110,46,110,99,108
1513,21.0833333333333,30,15,14,21,13,15,20,17,15,28,8,78,72,23,5,253,21;00-21;11,12,7,10,12,9,9,8,14,10,11,6,11,9,12,7,17-22 anni,19,97,21,103,22,106,17,91,20,100,19,97,40,100,96,105
1514,21.0833333333333,25,20,15,17,16,18,25,15,13,28,11,74,68,21,8,253,21;00-21;11,8,13,12,9,11,12,11,11,8,11,9,10,8,9,13,17-22 anni,21,103,20,100,22,106,20,100,18,94,22,106,41,102,93,103
1515,21.0833333333333,22,15,17,20,12,16,20,14,14,26,13,76,57,24,8,253,21;00-21;11,6,7,13,11,7,11,8,11,9,9,11,11,5,12,13,17-22 anni,13,79,18,94,19,97,20,100,16,88,25,116,31,84,82,93
1516,21.0833333333333,31,21,13,13,12,14,22,14,15,24,9,72,82,19,8,253,21;00-21;11,13,13,9,5,7,8,9,11,10,7,6,10,11,8,13,17-22 anni,26,117,12,75,20,100,13,79,21,103,21,103,38,96,83,94
1517,21.0833333333333,33,20,18,24,17,12,30,15,17,32,14,94,90,26,6,253,21;00-21;11,14,13,14,16,12,7,15,11,12,14,13,16,14,14,9,17-22 anni,27,120,28,124,26,118,27,122,30,129,23,110,55,126,125,132
1518,21.0833333333333,25,18,18,13,15,11,27,11,15,33,15,90,77,22,5,253,21;00-21;11,8,10,14,5,10,6,13,8,10,14,15,15,10,10,7,17-22 anni,18,94,15,84,21,103,29,128,25,115,17,90,33,87,93,103
1519,21.0833333333333,33,18,14,12,11,13,28,16,14,30,11,82,89,25,7,253,21;00-21;11,14,10,10,4,6,7,14,13,9,13,9,12,14,13,11,17-22 anni,24,112,10,69,27,121,22,106,26,117,24,113,34,89,99,108
1520,21.0833333333333,21,18,14,13,15,16,20,10,15,25,12,58,74,14,3,253,21;00-21;11,6,10,10,5,10,11,8,7,10,9,10,6,9,4,4,17-22 anni,16,88,15,84,15,85,19,97,15,85,8,62,31,84,65,77
1521,21.1666666666667,22,17,13,17,10,18,21,9,11,22,10,73,76,21,5,254,21;00-21;11,6,9,9,9,5,12,8,6,6,7,7,10,10,9,7,17-22 anni,15,85,14,81,14,82,14,82,20,100,16,87,29,80,69,81
1522,21.1666666666667,24,14,12,8,11,14,18,8,15,21,9,76,80,16,7,254,21;00-21;11,8,6,7,1,6,8,7,5,10,6,6,11,11,6,11,17-22 anni,14,82,7,60,12,76,12,76,22,106,17,90,21,66,56,69
1523,21.1666666666667,32,19,13,21,15,18,28,16,17,31,12,80,71,19,8,254,21;00-21;11,13,11,9,12,10,12,14,13,12,13,10,12,9,8,13,17-22 anni,24,112,22,106,27,121,23,109,21,103,21,103,46,110,106,114
1524,21.1666666666667,30,17,14,22,16,15,26,7,13,29,14,91,92,22,5,254,21;00-21;11,12,9,10,14,11,9,11,4,8,11,13,15,14,10,7,17-22 anni,21,103,25,115,15,85,24,112,29,126,17,90,46,110,97,106
1525,21.1666666666667,26,16,12,10,11,12,12,8,15,23,13,74,61,20,4,254,21;00-21;11,10,7,7,3,6,7,2,5,10,7,11,10,6,9,5,17-22 anni,17,91,9,66,7,61,18,94,16,88,14,81,26,75,59,72
1526,21.1666666666667,23,22,15,17,14,12,26,17,18,25,12,80,65,20,5,254,21;00-21;11,7,14,12,9,9,7,11,14,13,9,10,12,6,9,7,17-22 anni,21,103,18,94,25,115,19,97,18,94,16,87,39,98,94,104
1527,21.1666666666667,31,22,17,17,17,18,29,16,18,29,13,64,79,22,7,254,21;00-21;11,13,14,13,9,12,12,14,13,13,11,11,7,10,10,11,17-22 anni,27,120,21,103,27,121,22,106,17,91,21,103,48,114,103,112
1528,21.25,20,16,10,15,13,6,18,8,9,25,9,50,80,23,4,255,21;00-21;11,5,7,6,7,9,2,7,5,4,9,6,4,11,12,5,17-22 anni,12,76,16,88,12,76,15,85,15,85,17,90,28,78,65,77
1529,21.25,32,19,13,17,19,19,27,17,20,19,14,81,70,26,6,255,21;00-21;11,13,11,9,9,15,13,13,14,16,5,13,12,8,14,9,17-22 anni,24,112,24,112,27,121,18,94,20,100,23,110,48,114,106,114
1530,21.25,19,15,7,16,12,19,22,15,19,26,9,63,73,20,6,255,21;00-21;11,5,7,2,8,7,13,9,11,15,9,6,7,9,9,9,17-22 anni,12,76,15,84,20,100,15,85,16,88,18,94,27,77,72,84
1531,21.25,20,12,10,14,16,18,28,12,16,26,12,69,54,28,8,255,21;00-21;11,5,4,6,7,11,12,14,9,11,9,10,8,4,15,13,17-22 anni,9,68,18,94,23,109,19,97,12,77,28,126,27,77,82,93
1532,21.25,24,16,16,16,17,18,20,13,14,19,13,67,71,17,6,255,21;00-21;11,8,7,13,8,12,12,8,10,9,5,11,8,9,7,9,17-22 anni,15,85,20,100,18,94,16,88,17,91,16,87,35,91,73,85
1533,21.25,24,13,14,20,16,9,24,15,17,24,10,96,73,11,6,255,21;00-21;11,8,4,10,11,11,4,10,11,12,7,7,17,9,3,9,17-22 anni,12,76,22,106,21,103,14,82,26,117,12,74,34,89,82,93
1534,21.3333333333333,24,19,15,16,14,12,26,14,14,19,10,57,71,21,7,256,21;00-21;11,8,11,12,8,9,7,11,11,9,5,7,6,9,9,11,17-22 anni,19,97,17,91,22,106,12,76,15,85,20,100,36,93,78,89
1535,21.3333333333333,31,13,13,20,7,15,17,9,9,23,15,83,85,15,8,256,21;00-21;11,13,4,9,11,3,9,5,6,4,7,15,12,13,6,13,17-22 anni,17,91,14,81,11,73,22,106,25,115,19,97,31,84,67,79
1536,21.3333333333333,23,17,5,21,10,16,15,11,12,25,13,71,73,23,7,256,21;00-21;11,7,9,1,12,5,11,4,8,7,9,11,10,9,12,11,17-22 anni,16,88,17,91,12,76,20,100,19,97,23,110,33,87,76,87
1537,21.3333333333333,31,18,16,21,18,12,30,12,12,26,12,72,88,24,8,256,21;00-21;11,13,10,13,12,14,7,15,9,7,9,10,10,13,12,13,17-22 anni,23,109,26,118,24,112,19,97,23,109,25,116,49,116,104,113
1538,21.3333333333333,25,16,10,13,15,15,23,12,12,28,9,70,86,22,6,256,21;00-21;11,8,7,6,5,10,9,9,9,7,11,6,10,13,10,9,17-22 anni,15,85,15,84,18,94,17,91,23,109,19,97,30,82,79,90
1539,21.3333333333333,26,21,7,20,16,18,18,13,15,34,13,69,70,25,7,256,21;00-21;11,10,13,2,11,11,12,7,10,10,15,11,8,8,13,11,17-22 anni,23,109,22,106,17,91,26,119,16,88,24,113,45,109,98,107
1540,21.3333333333333,28,21,15,18,13,16,20,13,14,23,13,82,76,25,7,256,21;00-21;11,11,13,12,10,9,11,8,10,9,7,11,12,10,13,11,17-22 anni,24,112,19,97,18,94,18,94,22,106,24,113,43,105,93,103
1541,21.3333333333333,32,23,15,22,20,20,26,14,15,32,13,82,89,23,7,256,21;00-21;11,13,16,12,14,16,14,11,11,10,14,11,12,14,12,11,17-22 anni,29,126,30,130,22,106,25,116,26,117,23,110,59,134,119,126
1542,21.3333333333333,28,18,13,15,14,19,27,15,16,26,12,81,85,21,8,256,21;00-21;11,11,10,9,7,9,13,13,11,11,9,10,12,13,9,13,17-22 anni,21,103,16,88,24,112,19,97,25,115,22,106,37,94,91,101
1543,21.3333333333333,25,15,17,21,17,20,17,15,16,31,12,77,72,25,7,256,21;00-21;11,8,7,13,12,12,14,5,11,11,13,10,11,9,13,11,17-22 anni,15,85,24,112,16,88,23,109,20,100,24,113,39,98,92,102
1544,21.3333333333333,31,18,10,19,19,18,21,11,15,29,16,62,85,24,5,256,21;00-21;11,13,10,6,11,15,12,8,8,10,11,17,7,13,12,7,17-22 anni,23,109,26,118,16,88,28,125,20,100,19,97,49,116,95,104
1545,21.4166666666667,20,16,12,16,12,19,25,15,15,19,11,73,67,16,5,257,21;00-21;11,5,7,7,8,7,13,11,11,10,5,9,10,8,6,7,17-22 anni,12,76,15,84,22,106,14,82,18,94,13,78,27,77,70,82
1546,21.4166666666667,30,20,13,22,17,19,22,8,15,30,10,69,75,23,8,257,21;00-21;11,12,13,9,14,12,13,9,5,10,13,7,8,9,12,13,17-22 anni,25,114,26,118,14,82,20,100,17,91,25,116,51,119,98,107
1547,21.4166666666667,34,21,14,18,16,18,21,12,17,31,14,85,90,24,7,257,21;00-21;11,14,13,10,10,11,12,8,9,12,13,13,13,14,12,11,17-22 anni,27,120,21,103,17,91,26,119,27,120,23,110,48,114,103,112
1548,21.4166666666667,28,17,16,18,14,17,21,14,18,24,14,72,87,26,6,257,21;00-21;11,11,9,13,10,9,11,8,11,13,7,13,10,13,14,9,17-22 anni,20,100,19,97,19,97,20,100,23,109,23,110,39,98,89,99
1549,21.4166666666667,33,20,17,17,16,13,25,13,19,32,9,80,81,25,8,257,21;00-21;11,14,13,13,9,11,7,11,10,15,14,6,12,11,13,13,17-22 anni,27,120,20,100,21,103,20,100,23,109,26,119,47,112,107,115
1550,21.4166666666667,22,20,13,22,17,10,25,14,15,29,2,73,65,25,7,257,21;00-21;11,6,13,9,14,12,5,11,11,10,11,1,10,6,13,11,17-22 anni,19,97,26,118,22,106,12,76,16,88,24,113,45,109,101,110
1551,21.4166666666667,30,15,16,15,11,11,17,8,10,26,8,71,74,27,6,257,21;00-21;11,12,7,13,7,6,6,5,5,5,9,6,10,9,15,9,17-22 anni,19,97,13,78,10,70,15,85,19,97,24,113,32,86,76,87
1552,21.5,33,15,16,20,13,14,27,11,16,32,13,77,77,23,6,258,21;00-21;11,14,7,13,11,9,8,13,8,11,14,11,11,10,12,9,17-22 anni,21,103,20,100,21,103,25,116,21,103,21,103,41,102,99,108
1553,21.5,28,19,12,12,9,21,23,10,10,29,13,85,81,16,7,258,21;00-21;11,11,11,7,4,4,14,9,7,5,11,11,13,11,6,11,17-22 anni,22,106,8,63,16,88,22,106,24,112,17,90,30,82,76,87
1554,21.5,28,18,15,17,18,14,29,12,15,28,14,66,83,23,7,258,21;00-21;11,11,10,12,9,14,8,14,9,10,11,13,8,11,12,11,17-22 anni,21,103,23,109,23,109,24,112,19,97,23,110,44,107,98,107
1555,21.5,31,20,17,21,19,20,25,16,13,33,15,85,77,23,8,258,21;00-21;11,13,13,13,12,15,14,11,13,8,14,15,13,10,12,13,17-22 anni,26,117,27,121,24,112,29,128,23,109,25,116,53,123,116,123
1556,21.5,26,21,13,20,14,17,25,12,17,26,12,64,75,16,5,258,21;00-21;11,10,13,9,11,9,11,11,9,12,9,10,7,9,6,7,17-22 anni,23,109,20,100,20,100,19,97,16,88,13,78,43,105,85,95
1557,21.5,23,13,15,18,16,15,27,17,19,22,13,86,80,25,6,258,21;00-21;11,7,4,12,10,11,9,13,14,15,7,11,13,11,13,9,17-22 anni,11,74,21,103,27,121,18,94,24,112,22,106,32,86,92,102
1558,21.5,29,21,16,20,15,23,29,19,18,25,15,80,90,26,8,258,21;00-21;11,11,13,13,11,10,16,14,16,13,9,15,12,14,14,13,17-22 anni,24,112,21,103,30,130,24,112,26,117,27,122,45,109,110,118
1559,21.5,25,16,14,13,10,13,22,12,12,26,13,64,77,25,7,258,21;00-21;11,8,7,10,5,5,7,9,9,7,9,11,7,10,13,11,17-22 anni,15,85,10,69,18,94,20,100,17,91,24,113,25,73,72,84
1560,21.5,31,21,16,20,18,18,27,11,17,30,16,78,89,26,6,258,21;00-21;11,13,13,13,11,14,12,13,8,12,13,17,11,14,14,9,17-22 anni,26,117,25,115,21,103,30,131,25,115,23,110,51,119,110,118
1561,21.5,33,19,16,19,15,15,28,15,14,27,11,77,82,23,7,258,21;00-21;11,14,11,13,11,10,9,14,11,9,10,9,11,11,12,11,17-22 anni,25,114,21,103,25,115,19,97,22,106,23,110,46,110,104,113
1562,21.5833333333333,31,21,16,19,15,14,26,16,14,32,11,85,87,20,7,259,21;00-21;11,13,13,13,11,10,8,11,13,9,14,9,13,13,9,11,17-22 anni,26,117,21,103,24,112,23,109,26,117,20,100,47,112,107,115
1563,21.5833333333333,23,18,10,21,16,13,22,6,15,21,10,83,86,19,7,259,21;00-21;11,7,10,6,12,11,7,9,3,10,6,7,12,13,8,11,17-22 anni,17,91,23,109,12,76,13,79,25,115,19,97,40,100,78,89
1564,21.5833333333333,26,15,11,18,17,20,24,12,14,25,14,80,85,27,7,259,21;00-21;11,10,7,6,10,12,14,10,9,9,9,13,12,13,15,11,17-22 anni,17,91,22,106,19,97,22,106,25,115,26,119,39,98,94,104
1565,21.5833333333333,30,22,17,21,16,16,24,14,16,28,12,75,86,26,7,259,21;00-21;11,12,14,13,12,11,11,10,11,11,11,10,11,13,14,11,17-22 anni,26,117,23,109,21,103,21,103,24,112,25,116,49,116,106,114
1566,21.5833333333333,25,20,13,19,16,18,25,7,15,34,12,77,74,20,8,259,21;00-21;11,8,13,9,11,11,12,11,4,10,15,10,11,9,9,13,17-22 anni,21,103,22,106,15,85,25,116,20,100,22,106,43,105,93,103
1567,21.5833333333333,34,16,11,19,18,14,30,11,15,28,15,70,87,26,5,259,21;00-21;11,14,7,6,11,14,8,15,8,10,11,15,10,13,14,7,17-22 anni,21,103,25,115,23,109,26,119,23,109,21,103,46,110,104,113
1568,21.5833333333333,27,19,11,22,18,22,22,14,12,30,11,90,82,19,8,259,21;00-21;11,10,11,6,14,14,15,9,11,7,13,9,15,11,8,13,17-22 anni,21,103,28,124,20,100,22,106,26,117,21,103,49,116,105,113
1569,21.6666666666667,23,17,12,14,11,14,25,5,14,17,12,57,70,18,4,260,21;00-21;11,7,9,7,7,6,8,11,2,9,3,10,6,8,7,5,17-22 anni,16,88,13,78,13,79,13,79,14,83,12,74,29,80,58,71
1570,21.6666666666667,27,19,14,15,17,15,21,13,16,20,12,88,83,10,7,260,21;00-21;11,10,11,10,7,12,9,8,10,11,6,10,15,11,2,11,17-22 anni,21,103,19,97,18,94,16,88,26,117,13,78,40,100,81,92
1571,21.6666666666667,28,21,14,21,15,14,20,16,15,32,13,71,82,18,7,260,21;00-21;11,11,13,10,12,10,8,8,13,10,14,11,10,11,7,11,17-22 anni,24,112,22,106,21,103,25,116,21,103,18,94,46,110,98,107
1572,21.6666666666667,27,16,17,22,17,15,26,14,12,27,13,63,81,19,8,260,21;00-21;11,10,7,13,14,12,9,11,11,7,10,11,7,11,8,13,17-22 anni,17,91,26,118,22,106,21,103,18,94,21,103,43,105,90,100
1573,21.6666666666667,26,19,16,16,15,18,26,18,16,20,13,74,68,15,4,260,21;00-21;11,10,11,13,8,10,12,11,15,11,6,11,10,8,6,5,17-22 anni,21,103,18,94,26,118,17,91,18,94,11,71,39,98,87,97
1574,21.6666666666667,33,16,16,20,17,18,20,14,17,32,15,78,94,19,8,260,21;00-21;11,14,7,13,11,12,12,8,11,12,14,15,11,15,8,13,17-22 anni,21,103,23,109,19,97,29,128,26,117,21,103,44,107,96,105
1575,21.75,31,17,15,21,15,20,27,19,17,30,11,71,78,26,4,261,21;00-21;11,13,9,12,12,10,14,13,16,12,13,9,10,10,14,5,17-22 anni,22,106,22,106,29,127,22,106,20,100,19,97,44,107,110,118
1576,21.75,26,20,15,24,17,20,26,16,17,33,10,67,88,28,5,261,21;00-21;11,10,13,12,16,12,14,11,13,12,14,7,8,13,15,7,17-22 anni,23,109,28,124,24,112,21,103,21,103,22,106,51,119,112,120
1577,21.75,19,17,13,17,14,15,25,9,11,28,10,62,76,22,7,261,21;00-21;11,5,9,9,9,9,9,11,6,6,11,7,7,10,10,11,17-22 anni,14,82,18,94,17,91,18,94,17,91,21,103,32,86,77,88
1578,21.75,14,16,12,20,16,17,20,15,16,24,11,39,68,15,8,261,21;00-21;11,2,7,7,11,11,11,8,11,11,7,9,2,8,6,13,17-22 anni,9,68,22,106,19,97,16,88,10,71,19,97,31,84,65,77
1579,21.75,26,17,14,16,14,14,27,16,16,19,10,77,80,15,7,261,21;00-21;11,10,9,10,8,9,8,13,13,11,5,7,11,11,6,11,17-22 anni,19,97,17,91,26,118,12,76,22,106,17,90,36,93,84,95
1580,21.75,17,20,8,20,13,18,25,14,16,31,10,54,65,18,8,261,21;00-21;11,4,13,3,11,9,12,11,11,11,13,7,6,6,7,13,17-22 anni,17,91,20,100,22,106,20,100,12,77,20,100,37,94,85,95
1581,21.75,28,20,16,21,12,22,25,15,11,30,12,68,84,22,7,261,21;00-21;11,11,13,13,12,7,15,11,11,6,13,10,8,11,10,11,17-22 anni,24,112,19,97,22,106,23,109,19,97,21,103,43,105,96,105
1582,21.75,30,18,16,21,19,19,30,18,19,26,13,87,92,26,6,261,21;00-21;11,12,10,13,12,15,13,15,15,15,9,11,13,14,14,9,17-22 anni,22,106,27,121,30,130,20,100,27,120,23,110,49,116,115,123
1583,21.8333333333333,24,21,15,18,11,17,21,9,13,24,13,73,91,15,6,262,21;00-21;11,8,13,12,10,6,11,8,6,8,7,11,10,14,6,9,17-22 anni,21,103,16,88,14,82,18,94,24,112,15,84,37,94,74,86
1584,21.8333333333333,25,18,15,18,8,14,16,16,10,25,10,59,34,19,6,262,21;00-21;11,8,10,12,10,4,8,4,13,5,9,7,6,1,8,9,17-22 anni,18,94,14,81,17,91,16,88,7,62,17,90,32,86,72,84
1585,21.8333333333333,24,15,16,17,12,17,22,12,19,27,10,70,77,14,2,262,21;00-21;11,8,7,13,9,7,11,9,9,15,10,7,10,10,4,1,17-22 anni,15,85,16,88,18,94,17,91,20,100,5,52,31,84,73,85
1586,21.8333333333333,24,20,14,20,19,20,17,13,13,28,12,91,86,25,4,262,21;00-21;11,8,13,10,11,15,14,5,10,8,11,10,15,13,13,5,17-22 anni,21,103,26,118,15,85,21,103,28,123,18,94,47,112,101,110
1587,21.8333333333333,25,17,14,20,11,9,22,16,19,27,13,48,49,22,7,262,21;00-21;11,8,9,10,11,6,4,9,13,15,10,11,3,4,10,11,17-22 anni,17,91,17,91,22,106,21,103,7,62,21,103,34,89,79,90
1588,21.8333333333333,28,19,15,19,14,16,27,15,17,30,13,77,79,21,5,262,21;00-21;11,11,11,12,11,9,11,13,11,12,13,11,11,10,9,7,17-22 anni,22,106,20,100,24,112,24,112,21,103,16,87,42,103,99,108
1589,21.8333333333333,15,17,16,16,15,13,15,10,8,28,11,47,57,23,5,262,21;00-21;11,3,9,13,8,10,7,4,7,3,11,9,3,5,12,7,17-22 anni,12,76,18,94,11,73,20,100,8,65,19,97,30,82,67,79
1590,21.9166666666667,29,23,18,22,18,19,26,16,9,20,10,74,70,20,8,263,21;00-21;11,11,16,14,14,14,13,11,13,4,6,7,10,8,9,13,17-22 anni,27,120,28,124,24,112,13,79,18,94,22,106,55,126,104,113
1591,21.9166666666667,34,20,18,21,20,20,30,19,17,30,15,88,89,21,8,263,21;00-21;11,14,13,14,12,16,14,15,16,12,13,15,15,14,9,13,17-22 anni,27,120,28,124,31,133,28,125,29,126,22,106,55,126,123,130
1592,21.9166666666667,22,15,13,20,12,19,25,14,16,29,11,83,76,15,5,263,21;00-21;11,6,7,9,11,7,13,11,11,11,11,9,12,10,6,7,17-22 anni,13,79,18,94,22,106,20,100,22,106,13,78,31,84,82,93
1593,21.9166666666667,28,20,12,19,15,15,25,10,16,27,12,63,74,24,8,263,21;00-21;11,11,13,7,11,10,9,11,7,11,10,10,7,9,12,13,17-22 anni,24,112,21,103,18,94,20,100,16,88,25,116,45,109,92,102
1594,21.9166666666667,27,15,16,23,12,15,26,13,18,23,12,82,79,22,8,263,21;00-21;11,10,7,13,15,7,9,11,10,13,7,10,12,10,10,13,17-22 anni,17,91,22,106,21,103,17,91,22,106,23,110,39,98,89,99
1595,21.9166666666667,28,20,11,21,18,11,19,14,13,29,14,53,49,23,7,263,21;00-21;11,11,13,6,12,14,6,7,11,8,11,13,4,4,12,11,17-22 anni,24,112,26,118,18,94,24,112,8,65,23,110,50,118,95,104
1596,21.9166666666667,28,18,13,19,20,21,24,11,17,26,12,80,81,24,7,263,21;00-21;11,11,10,9,11,16,14,10,8,12,9,10,12,11,12,11,17-22 anni,21,103,27,121,18,94,19,97,23,109,23,110,48,114,99,108
1597,21.9166666666667,29,22,14,23,16,13,16,11,13,29,7,70,78,24,7,263,21;00-21;11,11,14,10,15,11,7,4,8,8,11,5,10,10,12,11,17-22 anni,25,114,26,118,12,76,16,88,20,100,23,110,51,119,96,105
1598,21.9166666666667,24,12,11,8,11,8,19,7,13,16,8,63,63,21,5,263,21;00-21;11,8,4,6,1,6,4,7,4,8,3,6,7,6,9,7,17-22 anni,12,76,7,60,11,73,9,67,13,80,16,87,19,63,49,63
1599,21.9166666666667,29,14,16,18,14,12,29,13,9,28,13,72,82,20,6,263,21;00-21;11,11,6,13,10,9,7,14,10,4,11,11,10,11,9,9,17-22 anni,17,91,19,97,24,112,22,106,21,103,18,94,36,93,90,100
1600,21.9166666666667,33,22,14,17,14,18,26,13,17,28,13,82,89,23,7,263,21;00-21;11,14,14,10,9,9,12,11,10,12,11,11,12,14,12,11,17-22 anni,28,123,18,94,21,103,22,106,26,117,23,110,46,110,102,111
