ID,age_y,SP_grezzo,RS_grezzo,CS_grezzo,MR_grezzo,RR_grezzo,QS_grezzo,MO_grezzo,RP_grezzo,MP_grezzo,SM_grezzo,PG_grezzo,CR_grezzo,CL_grezzo,SS_grezzo,DM_grezzo,age_m,age_band,SP_PP,RS_PP,MR_PP,RR_PP,MO_PP,RP_PP,SM_PP,CL_PP,CR_PP,PG_PP,SS_PP,DM_PP,CS_PP,QS_PP,MP_PP
1,6,2,5,4,4,2,1,7,0,2,4,0,0,9,16,1,72,6;00-6;03,7,12,10,8,11,6,10,8,7,7,11,9,11,7,7
2,6,6,2,4,1,2,4,1,3,2,2,2,6,13,12,6,72,6;00-6;03,9,9,8,8,7,10,9,10,12,9,11,17,11,10,7
3,6,15,3,5,7,7,0,8,5,4,3,9,11,20,34,7,72,6;00-6;03,15,9,13,16,12,12,9,12,17,15,19,19,12,7,10
4,6,10,7,1,3,4,2,7,0,4,6,2,6,11,23,3,72,6;00-6;03,11,14,9,10,11,6,12,10,12,9,13,13,8,9,10
5,6.08333333333333,3,0,3,5,3,2,2,4,2,1,0,2,5,0,0,73,6;00-6;03,7,7,10,10,7,11,7,8,8,7,5,8,10,9,7
6,6.08333333333333,6,3,5,7,4,3,8,6,7,7,2,4,9,11,1,73,6;00-6;03,9,9,13,10,12,14,13,8,11,9,11,9,12,10,13
7,6.08333333333333,4,1,3,1,2,0,5,1,1,0,1,0,5,5,1,73,6;00-6;03,7,7,8,8,9,8,7,8,7,8,8,9,10,7,7
8,6.08333333333333,4,1,2,3,4,1,2,2,6,1,1,2,15,14,2,73,6;00-6;03,7,7,9,10,7,9,7,10,8,8,11,11,8,7,12
9,6.08333333333333,5,9,3,8,5,3,10,4,6,4,2,6,28,15,1,73,6;00-6;03,9,15,13,12,14,11,10,14,12,9,11,9,10,10,12
10,6.08333333333333,11,4,1,5,3,3,5,4,0,8,3,1,11,3,1,73,6;00-6;03,13,10,10,10,9,11,15,10,8,10,8,9,8,10,6
11,6.08333333333333,8,0,1,0,2,5,4,4,4,2,3,5,14,3,1,73,6;00-6;03,10,7,6,8,9,11,9,10,12,10,8,9,8,12,10
12,6.08333333333333,14,11,8,6,5,7,9,6,9,2,5,4,23,15,2,73,6;00-6;03,14,19,12,12,12,14,9,12,11,12,11,11,17,15,15
13,6.08333333333333,3,2,1,1,2,1,2,3,1,1,1,0,0,7,1,73,6;00-6;03,7,9,8,8,7,10,7,6,7,8,8,9,8,7,7
14,6.16666666666667,3,3,1,1,4,3,6,1,4,5,5,1,8,9,2,74,6;00-6;03,7,9,8,10,11,8,12,8,8,12,8,11,8,10,10
15,6.16666666666667,9,3,3,4,3,5,9,4,5,2,1,3,2,5,0,74,6;00-6;03,11,9,10,10,12,11,9,8,9,8,8,8,10,12,11
16,6.16666666666667,11,5,1,1,2,2,1,1,3,1,2,1,9,5,1,74,6;00-6;03,13,12,8,8,7,8,7,8,8,9,8,9,8,9,9
17,6.16666666666667,11,3,2,2,4,3,4,1,5,3,6,10,12,5,3,74,6;00-6;03,13,9,9,10,9,8,9,10,16,13,8,13,8,10,11
18,6.16666666666667,20,5,11,15,9,9,17,10,12,12,13,6,35,29,4,74,6;00-6;03,18,12,19,18,19,18,19,17,12,19,16,14,19,16,18
19,6.16666666666667,5,5,2,3,6,4,6,3,3,8,4,4,10,22,3,74,6;00-6;03,9,12,9,14,11,10,15,10,11,11,13,13,8,10,9
20,6.16666666666667,3,2,0,4,3,2,2,1,4,2,0,0,11,11,0,74,6;00-6;03,7,9,10,10,7,8,9,10,7,7,11,8,7,9,10
21,6.16666666666667,3,1,2,0,2,0,4,1,2,1,0,4,0,3,0,74,6;00-6;03,7,7,6,8,9,8,7,6,11,7,8,8,8,7,7
22,6.25,3,4,2,1,1,1,0,1,2,0,0,2,2,8,0,75,6;00-6;03,7,10,8,6,6,8,7,8,8,7,8,8,8,7,7
23,6.25,11,1,3,7,1,2,7,2,4,3,2,4,23,21,1,75,6;00-6;03,13,7,13,6,11,9,9,12,11,9,13,9,10,9,10
24,6.25,5,0,1,1,2,4,2,3,2,3,1,1,0,4,1,75,6;00-6;03,9,7,8,8,7,10,9,6,8,8,8,9,8,10,7
25,6.25,7,2,5,5,5,5,2,1,7,1,3,2,7,17,2,75,6;00-6;03,10,9,10,12,7,8,7,8,8,10,11,11,12,12,13
26,6.25,4,2,4,5,1,3,10,2,3,3,3,2,0,7,0,75,6;00-6;03,7,9,10,6,14,9,9,6,8,10,8,8,11,10,9
27,6.25,11,8,5,7,7,11,9,9,10,7,8,10,41,24,0,75,6;00-6;03,13,15,13,16,12,17,13,19,16,15,13,8,12,19,16
28,6.33333333333333,1,1,4,3,0,2,1,2,0,0,1,0,0,3,0,76,6;04-6;07,6,7,8,5,6,7,7,6,6,7,7,7,10,7,6
29,6.33333333333333,10,3,3,4,8,4,6,1,4,4,4,2,26,21,0,76,6;04-6;07,11,8,9,14,9,6,9,11,7,10,10,7,9,8,9
30,6.33333333333333,4,0,2,0,2,1,5,1,2,0,3,4,0,0,0,76,6;04-6;07,7,7,5,7,8,6,7,6,10,9,6,7,7,6,7
31,6.41666666666667,20,17,5,12,10,7,12,9,12,16,7,11,26,37,1,77,6;04-6;07,17,19,16,15,13,14,16,11,16,14,12,8,12,13,17
32,6.41666666666667,15,7,3,6,3,11,11,8,4,11,4,3,12,8,1,77,6;04-6;07,14,12,10,8,13,13,13,9,9,10,7,8,9,17,9
33,6.41666666666667,5,4,2,1,3,2,3,5,0,2,2,4,16,21,0,77,6;04-6;07,8,9,6,8,6,10,8,9,10,8,10,7,7,7,6
34,6.41666666666667,6,4,4,5,5,6,8,3,5,5,2,1,37,11,0,77,6;04-6;07,8,9,9,10,10,8,10,13,7,8,8,7,10,11,10
35,6.41666666666667,8,0,1,3,2,3,3,4,1,4,0,2,24,32,0,77,6;04-6;07,9,7,8,7,6,9,9,10,7,5,12,7,7,8,7
36,6.41666666666667,12,4,9,10,5,0,9,10,3,4,8,10,35,27,5,77,6;04-6;07,12,9,15,10,10,15,9,13,15,16,11,17,17,6,8
37,6.41666666666667,8,3,4,1,2,6,12,3,5,3,7,3,9,11,1,77,6;04-6;07,9,8,6,7,13,8,8,7,9,14,8,8,10,11,10
38,6.41666666666667,15,11,8,3,9,5,14,5,8,14,2,16,20,55,4,77,6;04-6;07,14,15,8,14,14,10,15,10,19,8,17,14,16,10,12
39,6.41666666666667,5,1,1,7,3,10,6,2,4,3,3,2,20,16,2,77,6;04-6;07,8,7,12,8,9,7,8,10,7,9,8,11,7,15,9
40,6.41666666666667,6,6,2,5,4,3,10,5,6,4,1,5,14,8,3,77,6;04-6;07,8,10,9,8,12,10,9,9,11,7,7,13,7,8,11
41,6.5,2,0,5,3,2,2,10,5,5,3,1,0,0,7,0,78,6;04-6;07,7,7,8,7,12,10,8,6,6,7,7,7,12,7,10
42,6.5,17,5,4,13,3,8,12,4,12,9,7,6,11,17,1,78,6;04-6;07,16,10,17,8,13,9,13,9,11,14,8,8,10,14,17
43,6.5,5,2,3,4,5,2,5,5,4,4,2,3,10,22,1,78,6;04-6;07,8,8,9,10,8,10,9,9,9,8,10,8,9,7,9
44,6.5,4,3,1,5,1,7,4,1,1,3,4,3,14,16,2,78,6;04-6;07,7,8,9,6,8,6,8,9,9,10,8,11,7,13,7
45,6.5,6,1,1,4,4,1,5,3,3,2,4,2,2,11,1,78,6;04-6;07,8,7,9,8,8,8,8,7,7,10,8,8,7,6,8
46,6.5,3,1,1,6,3,6,1,0,2,3,3,5,10,20,3,78,6;04-6;07,7,7,10,8,6,5,8,9,11,9,10,13,7,11,7
47,6.5,4,0,3,2,3,6,3,5,2,0,2,1,11,4,0,78,6;04-6;07,7,7,8,8,6,10,7,9,7,8,7,7,9,11,7
48,6.5,10,9,4,6,3,6,8,5,3,4,6,4,24,7,1,78,6;04-6;07,11,13,10,8,10,10,9,10,10,13,7,8,10,11,8
49,6.5,9,5,2,9,5,5,8,3,5,8,2,4,31,25,2,78,6;04-6;07,11,10,13,10,10,8,12,11,10,8,11,11,7,10,10
50,6.5,3,2,4,2,6,4,4,3,9,5,3,6,6,7,3,78,6;04-6;07,7,8,8,11,8,8,10,7,11,9,7,13,10,8,13
51,6.58333333333333,5,4,1,3,2,3,4,6,3,7,2,4,13,24,0,79,6;04-6;07,8,9,8,7,8,11,11,9,10,8,10,7,7,8,8
52,6.58333333333333,8,11,6,12,8,8,14,10,10,20,10,10,16,50,2,79,6;04-6;07,9,15,16,14,14,15,19,9,15,17,16,11,13,14,15
53,6.58333333333333,16,8,4,7,8,5,12,9,6,12,4,2,40,26,2,79,6;04-6;07,14,13,12,14,13,14,14,14,7,10,11,11,10,10,11
54,6.58333333333333,8,12,6,7,6,6,16,12,11,13,5,6,31,34,5,79,6;04-6;07,9,16,12,11,16,17,14,11,11,12,12,17,13,11,16
55,6.58333333333333,10,6,9,4,10,3,12,11,5,5,9,7,43,56,2,79,6;04-6;07,11,10,9,15,13,16,10,16,12,16,17,11,17,8,10
56,6.58333333333333,2,1,1,0,7,2,5,5,8,5,5,4,5,19,2,79,6;04-6;07,7,7,5,12,8,10,10,7,10,12,10,11,7,7,12
57,6.58333333333333,9,1,7,5,10,6,4,5,4,8,1,7,46,47,2,79,6;04-6;07,11,7,9,15,8,10,12,16,12,7,15,11,14,11,9
58,6.58333333333333,6,7,4,5,2,3,3,2,1,4,5,3,29,31,1,79,6;04-6;07,8,12,9,7,6,7,9,11,9,12,12,8,10,8,7
59,6.58333333333333,2,9,1,5,4,3,9,2,2,8,1,4,24,16,1,79,6;04-6;07,7,13,9,8,10,7,12,10,10,7,8,8,7,8,7
60,6.58333333333333,9,5,3,7,3,4,7,8,7,8,6,3,17,18,3,79,6;04-6;07,11,10,12,8,9,13,12,9,9,13,10,13,9,8,12
61,6.58333333333333,11,4,4,10,8,3,7,2,6,2,2,4,10,9,0,79,6;04-6;07,12,9,15,14,9,7,8,9,10,8,7,7,10,8,11
62,6.58333333333333,14,7,3,2,11,8,11,7,5,6,3,3,19,11,6,79,6;04-6;07,13,12,8,16,13,12,10,10,9,9,8,18,9,14,10
63,6.58333333333333,15,6,6,7,3,8,7,8,9,5,3,2,5,35,2,79,6;04-6;07,14,10,12,8,9,13,10,7,7,9,12,11,13,14,13
64,6.58333333333333,15,7,8,9,10,11,18,7,9,8,6,7,66,58,3,79,6;04-6;07,14,12,13,15,18,12,12,19,12,13,17,13,16,17,13
65,6.58333333333333,12,4,3,6,4,2,8,4,4,2,2,3,21,19,2,79,6;04-6;07,12,9,10,8,10,9,8,10,9,8,10,11,9,7,9
66,6.66666666666667,7,2,4,7,5,1,3,0,5,4,2,0,24,11,3,80,6;08-6;11,9,7,11,9,6,5,8,9,6,8,8,12,9,5,9
67,6.66666666666667,5,6,3,4,6,6,5,3,8,5,4,5,6,12,2,80,6;08-6;11,8,10,8,10,7,8,10,5,10,11,8,10,8,11,11
68,6.66666666666667,14,14,9,7,6,7,6,9,6,8,9,10,18,49,3,80,6;08-6;11,14,19,11,10,9,16,12,9,14,16,14,12,15,12,10
69,6.66666666666667,16,7,9,12,14,6,8,5,11,10,5,10,48,63,3,80,6;08-6;11,16,12,16,16,11,11,13,15,14,12,17,12,15,11,14
70,6.66666666666667,7,4,3,3,11,2,11,1,11,4,2,2,26,19,4,80,6;08-6;11,9,9,7,14,14,6,8,10,7,8,9,13,8,7,14
71,6.66666666666667,9,3,8,6,13,2,2,4,4,2,1,2,35,55,0,80,6;08-6;11,11,7,10,16,6,10,7,12,7,7,15,6,14,7,8
72,6.66666666666667,8,3,6,4,3,6,3,7,2,4,4,14,36,25,5,80,6;08-6;11,9,7,8,8,6,14,8,12,17,11,10,15,12,11,6
73,6.66666666666667,6,3,5,9,8,9,11,5,8,5,9,8,37,22,1,80,6;08-6;11,8,7,13,12,14,11,10,12,12,16,9,7,10,13,11
74,6.75,8,7,4,8,3,7,3,3,8,6,2,9,28,14,3,81,6;08-6;11,9,12,11,8,6,8,10,10,14,8,8,12,9,12,11
75,6.75,2,1,0,2,2,0,3,1,1,0,1,1,0,8,2,81,6;08-6;11,6,5,7,7,6,6,6,4,7,7,7,10,6,5,6
76,6.75,9,2,5,7,4,10,9,7,5,8,2,12,57,66,3,81,6;08-6;11,11,7,11,8,11,14,12,18,16,8,18,12,10,15,9
77,6.75,6,5,4,4,0,4,6,2,9,3,2,8,10,24,5,81,6;08-6;11,8,10,8,5,9,7,7,7,12,8,9,15,9,8,12
78,6.75,11,9,2,3,1,6,12,5,10,9,2,6,59,46,4,81,6;08-6;11,12,13,7,6,14,11,13,18,10,8,13,13,7,11,13
79,6.75,10,4,10,7,8,6,11,2,5,6,2,4,13,11,1,81,6;08-6;11,11,9,11,12,14,7,10,7,9,8,8,7,16,11,9
80,6.75,8,8,4,2,5,7,5,4,7,4,1,10,39,25,1,81,6;08-6;11,9,13,7,9,7,10,8,13,14,7,10,7,9,12,11
81,6.75,5,7,3,0,1,1,2,4,4,1,1,2,19,18,1,81,6;08-6;11,8,12,4,6,6,10,6,9,7,7,9,7,8,5,8
82,6.75,14,10,6,9,9,10,9,8,10,11,9,7,25,41,1,81,6;08-6;11,14,15,13,12,11,15,15,9,11,16,12,7,12,15,13
83,6.75,11,5,10,5,13,8,8,5,6,7,2,4,21,16,4,81,6;08-6;11,12,10,8,16,11,11,11,9,9,8,8,13,16,13,10
84,6.75,12,2,7,8,10,9,9,9,7,8,6,3,33,22,6,81,6;08-6;11,12,7,11,13,11,16,12,12,8,13,9,16,13,13,11
85,6.75,1,2,1,4,4,2,7,2,3,4,4,7,21,16,0,81,6;08-6;11,4,7,8,8,9,7,8,9,11,11,8,6,7,7,7
86,6.83333333333333,2,6,2,4,6,8,9,2,7,2,0,2,34,4,2,82,6;08-6;11,6,10,8,10,11,7,7,12,7,5,7,10,7,13,11
87,6.83333333333333,10,6,3,10,8,3,5,4,3,9,7,8,27,27,3,82,6;08-6;11,11,10,14,12,7,10,13,10,12,15,10,12,8,8,7
88,6.83333333333333,6,6,3,3,3,2,6,3,7,2,0,1,17,8,1,82,6;08-6;11,8,10,7,8,9,8,7,7,7,5,7,7,8,7,11
89,6.83333333333333,7,5,4,4,9,7,9,4,3,9,5,4,24,17,2,82,6;08-6;11,9,10,8,12,11,10,13,9,9,12,8,10,9,12,7
90,6.83333333333333,10,8,10,7,3,5,9,6,9,4,5,2,19,15,3,82,6;08-6;11,11,13,11,8,11,12,8,9,7,12,8,12,16,9,12
91,6.83333333333333,11,7,7,4,2,7,12,5,9,1,1,4,33,33,5,82,6;08-6;11,12,12,8,7,14,11,6,12,9,7,11,15,13,12,12
92,6.83333333333333,5,0,1,2,3,0,3,2,1,2,5,2,23,6,3,82,6;08-6;11,8,5,7,8,6,7,7,9,7,12,7,12,7,5,6
93,6.83333333333333,7,6,1,4,5,5,6,2,2,4,2,7,33,17,0,82,6;08-6;11,9,10,8,9,9,7,8,12,11,8,8,6,7,9,6
94,6.91666666666667,7,7,6,5,8,0,12,5,6,11,3,5,32,42,1,83,6;08-6;11,9,12,8,12,14,11,15,12,10,9,12,7,12,5,10
95,6.91666666666667,8,3,2,7,5,5,8,5,7,8,4,4,7,22,0,83,6;08-6;11,9,7,11,9,11,11,12,5,9,11,9,6,7,9,11
96,6.91666666666667,10,9,1,5,2,7,8,1,0,1,4,8,20,26,1,83,6;08-6;11,11,13,8,7,11,6,6,9,12,11,10,7,7,12,4
97,6.91666666666667,9,6,4,7,5,9,10,5,11,4,4,3,33,48,2,83,6;08-6;11,11,10,11,9,12,11,8,12,8,11,13,10,9,13,14
98,6.91666666666667,19,6,2,12,12,6,14,8,12,12,6,6,27,33,1,83,6;08-6;11,19,10,16,15,16,15,16,10,10,13,11,7,7,11,16
99,6.91666666666667,6,6,4,14,4,8,11,4,7,12,4,3,34,49,1,83,6;08-6;11,8,10,18,8,14,10,16,12,8,11,14,7,9,13,11
100,7,12,3,4,4,2,7,17,3,8,7,4,3,27,22,3,84,7;00-7;03,10,7,8,7,14,7,9,9,8,9,8,10,10,12,12
101,7,9,5,3,6,3,11,6,4,2,5,1,9,37,35,3,84,7;00-7;03,8,9,9,8,8,8,8,10,16,5,11,10,8,16,6
102,7,17,5,11,8,10,7,13,12,7,10,8,3,45,23,6,84,7;00-7;03,15,9,10,13,12,17,11,13,8,13,8,15,18,12,12
103,7,7,8,4,4,11,7,19,4,3,9,7,4,32,24,4,84,7;00-7;03,7,11,8,14,15,8,11,10,9,12,8,11,10,12,7
104,7,7,3,2,6,4,3,6,5,3,4,5,2,13,16,3,84,7;00-7;03,7,7,9,8,8,9,6,6,6,10,7,10,7,7,7
105,7,8,4,4,3,1,2,14,3,3,8,8,4,33,35,3,84,7;00-7;03,7,8,7,6,12,7,10,10,9,13,11,10,10,6,7
106,7.08333333333333,7,8,5,5,4,4,3,2,5,6,2,6,23,13,3,85,7;00-7;03,7,11,8,8,6,6,8,8,11,6,7,10,11,7,10
107,7.08333333333333,10,7,1,8,4,3,5,4,2,6,1,0,5,11,0,85,7;00-7;03,8,10,10,8,7,8,8,5,4,5,7,4,7,7,6
108,7.08333333333333,11,13,4,12,9,9,9,7,4,11,10,6,49,54,5,85,7;00-7;03,10,15,14,12,9,12,12,14,11,14,15,14,10,13,8
109,7.16666666666667,12,10,4,10,3,4,7,9,8,2,5,5,21,29,2,86,7;00-7;03,10,13,13,8,8,14,5,8,11,10,9,8,10,7,12
110,7.16666666666667,19,7,6,12,15,4,9,7,13,7,4,6,62,59,5,86,7;00-7;03,16,10,14,17,9,12,9,16,11,9,16,14,12,7,18
111,7.16666666666667,15,5,7,9,8,7,12,2,8,8,4,7,27,18,3,86,7;00-7;03,13,9,12,12,11,6,10,9,12,9,8,10,14,12,12
112,7.16666666666667,12,4,0,2,3,4,6,5,7,7,2,4,43,35,4,86,7;00-7;03,10,8,7,8,8,9,9,13,9,6,11,11,6,7,12
113,7.16666666666667,15,13,6,8,5,5,20,6,5,13,5,9,33,60,3,86,7;00-7;03,13,15,10,9,16,11,13,10,16,10,17,10,12,9,10
114,7.25,7,3,5,0,2,4,1,3,4,9,5,5,38,33,1,87,7;00-7;03,7,7,4,7,6,7,11,11,11,10,11,5,11,7,8
115,7.25,14,9,4,9,8,3,5,4,4,4,7,4,38,10,3,87,7;00-7;03,12,11,12,12,7,8,6,11,9,12,7,10,10,7,8
116,7.25,15,11,7,5,7,5,5,10,4,15,6,3,24,31,2,87,7;00-7;03,13,14,8,11,7,15,16,8,8,11,11,8,14,9,8
117,7.25,7,2,0,9,9,8,10,7,8,11,5,3,20,18,1,87,7;00-7;03,7,7,12,12,10,12,12,8,8,10,8,5,6,13,12
118,7.25,14,13,2,8,7,8,6,5,5,9,5,4,57,33,3,87,7;00-7;03,12,15,10,11,8,9,11,15,9,10,11,10,7,13,10
119,7.25,11,3,6,14,8,10,13,7,7,17,12,10,20,27,6,87,7;00-7;03,10,7,17,12,12,12,17,8,16,17,9,15,12,15,12
120,7.33333333333333,9,5,0,8,6,3,7,6,5,2,0,9,6,25,1,88,7;04-7;07,10,9,10,10,8,11,8,7,13,5,9,8,5,9,8
121,7.33333333333333,8,8,8,9,7,10,14,4,7,7,6,4,17,32,4,88,7;04-7;07,8,10,11,12,12,9,11,8,9,12,10,14,13,16,10
122,7.33333333333333,15,9,8,4,3,7,9,3,3,3,3,4,26,25,1,88,7;04-7;07,14,10,8,7,9,8,8,10,9,9,9,8,13,13,6
123,7.33333333333333,11,20,11,10,8,3,18,4,10,18,8,13,78,71,2,88,7;04-7;07,11,18,12,13,16,9,19,18,16,15,18,10,15,9,13
124,7.33333333333333,5,5,3,4,7,5,6,5,10,5,3,5,37,58,0,88,7;04-7;07,7,9,8,12,8,10,10,11,10,9,15,6,8,10,13
125,7.33333333333333,12,5,5,2,3,2,4,3,6,1,1,2,7,10,2,88,7;04-7;07,11,9,7,7,7,8,7,7,7,6,7,10,10,8,9
126,7.33333333333333,4,4,1,5,7,5,12,6,11,5,3,5,21,36,3,88,7;04-7;07,6,8,8,12,11,11,10,9,10,9,10,13,7,10,14
127,7.33333333333333,17,15,5,12,11,13,23,8,11,5,8,5,17,27,3,88,7;04-7;07,15,14,13,16,18,14,10,8,10,15,9,13,10,18,14
128,7.33333333333333,10,6,6,10,3,5,7,8,12,4,3,9,20,24,5,88,7;04-7;07,10,9,12,7,8,14,9,9,13,9,8,17,11,10,15
129,7.41666666666667,15,7,7,8,5,5,10,3,5,4,4,9,23,41,3,89,7;04-7;07,14,10,10,9,10,8,9,9,13,10,12,13,12,10,8
130,7.41666666666667,17,16,8,18,9,5,12,9,12,6,3,13,58,37,1,89,7;04-7;07,15,14,19,13,11,15,10,15,16,9,10,8,13,10,15
131,7.41666666666667,8,4,1,2,6,1,12,2,2,6,7,7,20,9,0,89,7;04-7;07,8,8,7,10,11,7,10,9,11,13,6,6,7,6,5
132,7.41666666666667,11,8,6,2,7,5,9,3,8,13,4,4,36,19,2,89,7;04-7;07,11,10,7,12,9,8,15,11,9,10,8,10,11,10,10
133,7.5,13,13,10,7,7,1,9,6,7,6,3,4,41,48,1,90,7;04-7;07,11,13,10,12,9,11,10,12,9,9,13,8,15,6,10
134,7.5,5,8,4,3,8,5,3,2,4,5,6,6,45,34,1,90,7;04-7;07,7,10,7,13,6,7,10,13,10,12,10,8,9,10,7
135,7.5,8,3,3,7,4,5,6,5,3,1,7,1,19,17,2,90,7;04-7;07,8,7,10,7,8,10,7,9,7,13,7,10,8,10,6
136,7.58333333333333,8,6,6,4,3,1,13,11,5,10,7,2,38,42,3,91,7;04-7;07,8,9,8,7,12,17,13,12,7,13,12,13,11,6,8
137,7.58333333333333,7,1,3,10,2,3,7,4,7,1,2,2,9,30,2,91,7;04-7;07,8,6,12,5,8,9,7,7,7,7,9,10,8,9,10
138,7.58333333333333,4,1,2,2,3,2,6,1,4,1,1,0,0,4,0,91,7;04-7;07,6,6,7,7,8,6,7,6,6,6,6,6,7,8,7
139,7.66666666666667,13,10,6,10,9,11,11,6,7,16,11,6,40,42,2,92,7;08-7;11,10,11,11,10,10,10,16,10,8,15,10,8,10,13,10
140,7.66666666666667,14,8,5,10,7,6,5,5,10,6,2,9,24,29,4,92,7;08-7;11,11,10,11,9,5,9,8,8,11,6,8,11,9,9,11
141,7.66666666666667,10,13,9,12,16,9,10,4,8,10,7,16,68,72,6,92,7;08-7;11,8,13,12,17,9,8,11,15,16,12,16,14,12,11,10
142,7.66666666666667,16,9,9,7,11,6,15,4,6,12,12,12,60,53,4,92,7;08-7;11,12,10,9,13,12,8,14,14,13,16,12,11,12,9,9
143,7.66666666666667,8,5,9,16,9,13,9,5,10,13,7,9,53,62,2,92,7;08-7;11,7,8,15,10,7,9,14,12,11,12,14,8,12,14,11
144,7.66666666666667,14,10,8,9,12,6,13,3,12,13,5,11,48,39,3,92,7;08-7;11,11,11,10,14,11,7,14,11,12,9,10,10,11,9,13
145,7.66666666666667,12,5,4,10,4,4,10,7,9,12,7,4,21,21,3,92,7;08-7;11,10,8,11,6,9,11,14,8,7,12,7,10,8,7,10
146,7.66666666666667,5,5,3,3,4,12,11,1,6,8,4,2,52,48,2,92,7;08-7;11,5,8,6,6,10,5,10,12,6,8,11,8,7,14,9
147,7.66666666666667,13,4,5,6,7,8,15,4,16,6,3,9,42,17,0,92,7;08-7;11,10,7,8,9,12,8,8,10,11,7,6,5,9,11,16
148,7.66666666666667,20,7,9,11,8,4,13,4,14,9,7,6,36,32,2,92,7;08-7;11,15,9,11,10,11,8,11,9,8,12,9,8,12,7,15
149,7.66666666666667,6,8,2,3,8,3,10,6,2,3,4,8,14,9,3,92,7;08-7;11,5,10,6,10,9,10,5,7,10,8,5,10,6,7,5
150,7.75,9,7,4,7,5,5,8,6,10,8,7,9,25,15,1,93,7;08-7;11,8,9,9,7,7,10,10,8,11,12,6,6,8,8,11
151,7.75,16,3,7,6,4,9,8,2,4,5,5,6,19,9,3,93,7;08-7;11,12,5,8,6,7,6,8,8,8,9,5,10,11,11,7
152,7.75,18,8,8,15,10,16,15,6,8,18,9,10,55,39,6,93,7;08-7;11,14,10,14,12,12,10,18,13,11,13,10,14,11,17,10
153,7.75,11,12,6,6,9,8,8,3,5,9,6,1,17,25,0,93,7;08-7;11,10,13,8,10,7,7,11,7,6,10,8,5,10,11,8
154,7.75,5,11,4,4,1,3,8,3,5,7,1,5,25,45,4,93,7;08-7;11,5,12,7,4,7,7,9,8,8,5,11,11,8,7,8
155,7.75,9,11,8,3,7,5,12,3,1,6,5,3,29,21,2,93,7;08-7;11,8,12,6,9,10,7,8,8,6,9,7,8,11,8,5
156,7.75,8,1,4,2,3,2,5,2,6,2,1,3,6,26,3,93,7;08-7;11,7,4,6,6,5,6,5,6,6,5,8,10,8,5,9
157,7.75,8,9,12,7,7,7,14,11,6,10,6,13,27,48,6,93,7;08-7;11,7,10,9,9,11,16,11,8,14,10,11,14,14,10,9
158,7.75,19,0,9,7,4,4,16,5,9,6,2,7,32,44,2,93,7;08-7;11,15,4,9,6,12,9,8,9,9,6,11,8,12,7,10
159,7.75,20,16,12,17,9,12,13,4,11,11,11,12,42,34,5,93,7;08-7;11,15,15,16,10,11,8,12,10,13,15,9,13,14,14,12
160,7.75,8,6,0,10,3,6,7,3,6,7,6,2,6,15,1,93,7;08-7;11,7,8,11,6,6,7,9,6,6,10,6,6,5,9,9
161,7.83333333333333,10,7,5,6,8,4,11,5,4,9,5,4,38,41,5,94,7;08-7;11,8,9,8,10,10,9,11,10,7,9,10,13,9,7,7
162,7.83333333333333,5,5,4,3,6,7,6,7,2,3,5,1,21,20,4,94,7;08-7;11,5,8,6,8,6,11,5,8,6,9,7,11,8,10,5
163,7.83333333333333,8,2,3,2,5,6,3,4,5,7,2,0,5,12,2,94,7;08-7;11,7,5,6,7,4,8,9,6,5,6,6,8,7,9,8
164,7.83333333333333,13,12,10,16,11,10,17,9,15,11,5,9,78,52,2,94,7;08-7;11,10,13,15,13,14,14,12,17,11,9,12,8,13,12,16
165,7.83333333333333,17,17,10,11,8,9,10,8,8,8,4,8,28,66,4,94,7;08-7;11,14,16,11,10,9,13,10,8,10,8,15,11,13,11,10
166,7.83333333333333,9,11,6,8,7,9,11,7,11,8,7,5,46,41,1,94,7;08-7;11,8,12,9,9,10,11,10,11,8,12,10,6,10,11,12
167,7.83333333333333,10,5,3,5,9,7,10,6,7,5,2,9,39,45,4,94,7;08-7;11,8,8,7,10,9,10,8,10,11,6,11,11,7,10,10
168,7.83333333333333,9,6,3,6,11,2,10,4,2,10,7,9,23,29,2,94,7;08-7;11,8,8,8,13,9,8,11,8,11,12,8,8,7,5,5
169,7.83333333333333,13,16,2,14,10,13,9,7,7,8,5,10,39,55,4,94,7;08-7;11,10,15,14,12,7,11,10,10,11,9,13,11,6,14,10
170,7.83333333333333,16,14,12,20,12,13,15,9,13,10,10,14,79,80,2,94,7;08-7;11,12,14,17,14,12,14,11,17,14,14,18,8,14,14,14
171,7.83333333333333,19,11,5,4,7,5,18,11,6,6,6,9,17,23,2,94,7;08-7;11,15,12,7,9,15,16,8,7,11,10,7,8,9,8,9
172,7.83333333333333,12,13,4,6,5,9,14,9,7,6,1,12,19,40,3,94,7;08-7;11,10,13,8,7,11,14,8,8,13,5,10,10,8,11,10
173,7.91666666666667,13,7,13,9,12,4,21,11,11,1,5,11,48,27,2,95,7;08-7;11,10,9,10,14,16,16,4,11,12,9,8,8,15,7,12
174,7.91666666666667,15,7,4,17,16,13,18,10,18,4,7,3,70,65,7,95,7;08-7;11,12,9,16,17,15,15,6,16,6,12,14,16,8,14,18
175,7.91666666666667,14,14,15,17,4,6,19,7,5,11,7,2,51,68,3,95,7;08-7;11,11,14,16,6,15,11,12,12,6,12,15,10,17,9,8
176,7.91666666666667,16,6,5,7,7,10,17,7,5,12,6,10,33,7,7,95,7;08-7;11,12,8,9,9,14,11,14,9,11,10,5,16,9,12,8
177,7.91666666666667,16,10,1,8,7,4,6,4,10,7,11,16,46,22,2,95,7;08-7;11,12,11,9,9,6,8,9,11,16,15,7,8,6,7,11
178,7.91666666666667,13,8,8,9,11,9,14,10,10,10,7,14,72,42,7,95,7;08-7;11,10,10,10,13,11,15,11,16,14,12,10,16,11,11,11
179,7.91666666666667,9,5,5,9,8,5,12,5,6,6,4,5,36,50,1,95,7;08-7;11,8,8,10,10,10,9,8,9,8,8,12,6,9,8,9
180,7.91666666666667,17,8,5,9,10,12,10,3,3,11,8,11,18,35,1,95,7;08-7;11,14,10,10,12,9,7,12,8,12,13,9,6,9,14,6
181,7.91666666666667,19,14,15,14,12,11,19,5,13,10,10,13,59,49,4,95,7;08-7;11,15,14,14,14,15,9,11,13,14,14,12,11,17,13,14
182,8,27,15,11,9,8,12,12,11,9,12,10,11,36,39,3,96,8;00-8;03,16,17,10,10,10,13,13,9,13,13,10,10,13,13,11
183,8,16,8,4,13,4,4,3,1,7,8,3,5,33,48,2,96,8;00-8;03,10,10,14,6,5,4,10,9,9,7,11,8,7,6,10
184,8,17,10,11,12,17,15,17,11,10,11,10,5,56,45,3,96,8;00-8;03,11,12,12,18,13,13,12,12,9,13,11,10,13,15,12
185,8,19,6,9,7,4,4,11,7,6,7,3,5,55,20,1,96,8;00-8;03,12,8,9,6,10,10,9,12,9,7,7,6,12,6,9
186,8,4,6,2,8,9,2,5,8,6,3,1,6,11,22,2,96,8;00-8;03,5,8,9,10,6,11,5,6,9,5,7,8,5,5,9
187,8,21,7,8,11,7,10,11,5,3,10,8,7,36,30,3,96,8;00-8;03,13,9,11,9,10,8,11,9,10,12,8,10,11,11,5
188,8.08333333333333,13,4,4,2,10,7,11,10,6,3,8,7,20,16,4,97,8;00-8;03,9,6,6,11,10,13,5,7,10,12,6,11,7,9,9
189,8.08333333333333,25,17,7,13,11,9,20,8,4,16,8,11,64,62,4,97,8;00-8;03,15,18,14,12,15,11,15,13,13,12,14,11,10,10,6
190,8.08333333333333,12,9,7,15,10,10,13,5,6,15,9,6,19,33,1,97,8;00-8;03,9,10,15,11,11,8,15,7,9,12,9,6,10,11,9
191,8.08333333333333,24,12,9,11,3,11,16,9,15,16,9,15,79,67,4,97,8;00-8;03,15,14,11,6,12,12,15,16,16,12,15,11,12,12,18
192,8.08333333333333,18,6,9,14,4,7,19,8,11,10,12,7,63,38,4,97,8;00-8;03,11,8,15,6,14,11,11,13,10,15,10,11,12,9,13
193,8.08333333333333,4,6,4,11,8,8,6,5,8,10,2,3,43,48,0,97,8;00-8;03,5,8,11,10,7,8,11,11,7,6,11,5,7,10,10
194,8.16666666666667,13,10,7,6,9,6,12,7,9,11,8,11,26,44,7,98,8;00-8;03,9,12,8,10,10,10,12,8,13,12,11,16,10,8,11
195,8.16666666666667,29,9,13,12,8,11,13,7,14,11,10,4,61,48,4,98,8;00-8;03,16,10,12,10,11,10,12,13,8,13,11,11,15,12,16
196,8.16666666666667,15,10,6,17,13,15,9,10,4,14,5,14,53,70,6,98,8;00-8;03,10,12,17,15,8,13,14,11,15,9,15,14,9,15,6
197,8.16666666666667,9,4,3,9,1,4,3,2,6,8,3,4,42,19,0,98,8;00-8;03,8,6,10,4,5,5,10,10,8,7,7,5,6,6,9
198,8.16666666666667,11,8,4,3,8,2,5,8,5,4,2,7,15,21,4,98,8;00-8;03,9,10,6,10,6,11,6,6,10,6,7,11,7,5,8
199,8.16666666666667,14,11,7,9,12,14,15,9,9,12,7,16,35,51,5,98,8;00-8;03,9,13,10,14,12,12,13,9,17,11,12,13,10,14,11
200,8.16666666666667,14,7,9,8,11,10,18,10,6,10,11,10,62,62,6,98,8;00-8;03,9,9,9,12,14,13,11,13,12,14,14,14,12,11,9
201,8.16666666666667,11,10,7,7,9,6,10,11,6,4,4,9,50,40,3,98,8;00-8;03,9,12,9,10,9,13,6,11,12,8,10,10,10,8,9
202,8.16666666666667,7,8,4,8,8,7,12,0,6,4,1,6,12,11,2,98,8;00-8;03,7,10,9,10,10,3,6,6,9,5,6,8,7,9,9
203,8.16666666666667,13,2,5,11,5,7,4,4,9,2,4,1,46,43,3,98,8;00-8;03,9,5,11,7,6,7,5,11,6,8,10,10,8,9,11
204,8.25,15,8,9,4,3,15,12,8,8,8,6,9,70,60,5,99,8;00-8;03,10,10,7,6,10,11,10,15,12,10,14,13,12,15,10
205,8.25,8,7,12,9,6,4,11,7,5,7,5,6,36,23,1,99,8;00-8;03,7,9,10,8,10,10,9,9,9,9,7,6,14,6,8
206,8.25,9,7,1,10,8,5,13,5,7,5,6,3,22,14,1,99,8;00-8;03,8,9,11,10,11,8,7,7,7,10,6,6,5,7,10
207,8.25,26,9,10,6,13,10,22,12,15,15,10,6,66,73,0,99,8;00-8;03,16,10,8,15,16,14,15,14,9,13,16,5,13,11,18
208,8.25,16,4,3,1,4,6,9,4,7,7,6,2,39,24,5,99,8;00-8;03,10,6,5,6,8,7,9,10,6,10,7,13,6,8,10
209,8.25,9,7,10,4,8,9,10,10,4,6,1,4,24,16,4,99,8;00-8;03,8,9,7,10,9,13,7,7,8,5,6,11,13,10,6
210,8.25,9,4,2,4,8,9,7,7,10,8,8,4,43,28,0,99,8;00-8;03,8,6,7,10,7,10,10,11,8,12,8,5,5,10,12
211,8.25,13,11,8,5,8,13,10,12,7,7,3,13,21,39,5,99,8;00-8;03,9,13,7,10,9,14,9,7,15,7,10,13,11,13,10
212,8.33333333333333,7,0,3,3,6,6,14,12,9,6,4,7,26,36,2,100,8;04-8;07,7,6,6,9,11,15,7,7,9,8,9,7,7,9,11
213,8.33333333333333,14,4,3,9,9,4,12,4,7,11,1,9,49,71,4,100,8;04-8;07,10,7,10,11,10,7,11,11,11,5,16,11,7,7,9
214,8.33333333333333,13,3,5,9,7,4,16,6,8,13,1,4,35,34,2,100,8;04-8;07,9,6,10,10,12,9,12,8,7,5,9,7,9,7,9
215,8.33333333333333,12,5,5,6,9,5,14,5,6,8,10,5,29,27,3,100,8;04-8;07,9,8,8,11,11,8,9,7,8,13,7,9,9,8,8
216,8.33333333333333,11,9,4,6,2,5,9,13,9,12,10,14,38,50,4,100,8;04-8;07,9,10,8,6,8,16,12,9,14,13,12,11,8,8,11
217,8.33333333333333,23,12,4,10,7,7,8,6,6,20,9,12,48,48,2,100,8;04-8;07,15,13,11,10,8,9,16,10,13,12,11,7,8,10,8
218,8.33333333333333,10,2,4,2,0,0,7,2,5,2,0,7,17,6,2,100,8;04-8;07,8,6,6,5,7,5,5,5,9,4,4,7,8,5,7
219,8.33333333333333,7,10,4,7,11,5,19,7,15,8,6,10,18,26,3,100,8;04-8;07,7,11,9,12,14,10,9,6,11,10,7,9,8,8,18
220,8.33333333333333,8,14,8,8,7,9,13,9,10,3,7,9,22,55,5,100,8;04-8;07,7,14,9,10,11,12,5,6,11,11,13,13,12,11,12
221,8.33333333333333,14,7,3,10,13,10,19,9,12,16,7,12,49,59,6,100,8;04-8;07,10,9,11,14,14,12,13,11,13,11,13,14,7,12,14
222,8.33333333333333,11,7,7,10,8,7,8,7,7,8,8,13,58,63,4,100,8;04-8;07,9,9,11,11,8,10,9,12,14,12,14,11,11,10,9
223,8.41666666666667,18,9,12,14,8,14,12,9,9,10,10,15,50,32,7,101,8;04-8;07,12,10,14,11,10,12,10,11,15,13,9,16,14,15,11
224,8.41666666666667,7,6,2,7,5,6,6,7,8,6,7,5,46,27,3,101,8;04-8;07,7,8,9,8,7,10,7,10,8,11,7,9,6,9,9
225,8.41666666666667,16,12,4,14,4,12,17,8,8,11,8,8,45,54,3,101,8;04-8;07,11,13,14,7,13,11,11,10,10,12,12,9,8,14,9
226,8.41666666666667,30,7,9,16,16,16,20,5,11,11,9,12,56,43,6,101,8;04-8;07,19,9,16,16,16,8,11,12,13,12,10,14,12,17,13
227,8.41666666666667,18,14,5,10,11,3,12,7,10,13,4,12,70,54,0,101,8;04-8;07,12,14,11,12,10,10,12,15,13,8,12,4,9,7,12
228,8.41666666666667,23,16,11,7,10,8,11,9,4,14,9,6,61,39,4,101,8;04-8;07,15,15,9,12,10,12,12,13,8,12,10,11,13,11,6
229,8.41666666666667,13,12,12,8,7,14,8,9,9,17,13,6,36,42,1,101,8;04-8;07,9,13,9,10,8,12,14,8,8,15,10,5,14,15,11
230,8.41666666666667,8,4,6,8,11,7,11,8,5,19,6,13,48,38,5,101,8;04-8;07,7,7,9,12,10,11,16,10,14,10,10,13,10,10,7
231,8.41666666666667,18,15,6,12,7,14,8,7,12,15,9,8,46,26,3,101,8;04-8;07,12,15,12,10,8,10,13,10,10,12,7,9,10,15,14
232,8.5,10,9,9,6,6,5,8,6,9,11,5,5,44,30,3,102,8;04-8;07,8,10,8,9,8,9,11,10,8,9,7,9,12,8,11
233,8.5,9,4,6,2,11,1,9,4,9,8,3,1,39,18,3,102,8;04-8;07,8,7,6,12,8,7,9,9,5,7,6,9,10,5,11
234,8.5,12,2,7,7,8,6,7,8,9,7,3,10,50,52,4,102,8;04-8;07,9,6,9,11,7,11,8,11,11,7,12,11,11,9,11
235,8.5,3,4,3,2,2,3,3,4,5,9,0,8,13,6,3,102,8;04-8;07,5,7,6,6,5,7,10,5,10,4,4,9,7,7,7
236,8.5,13,11,10,12,5,7,19,13,7,12,7,7,51,63,5,102,8;04-8;07,9,12,12,8,14,16,12,11,9,11,14,13,13,10,9
237,8.5,8,0,1,7,1,4,5,2,5,6,6,3,45,30,5,102,8;04-8;07,7,6,9,5,6,5,7,10,6,10,7,13,6,7,7
238,8.58333333333333,24,11,14,11,10,9,16,10,8,13,8,9,75,57,4,103,8;04-8;07,16,12,11,12,12,13,12,16,11,12,13,11,16,11,9
239,8.58333333333333,15,2,2,4,2,10,6,3,2,5,2,8,13,15,1,103,8;04-8;07,11,6,7,6,7,6,7,5,10,6,5,5,6,12,4
240,8.58333333333333,12,11,7,17,5,8,9,7,8,6,7,6,30,50,1,103,8;04-8;07,9,12,17,8,8,10,7,7,8,11,12,5,11,11,9
241,8.58333333333333,10,3,4,2,6,9,7,3,0,3,3,2,9,18,0,103,8;04-8;07,8,6,6,9,7,6,5,4,5,7,6,4,8,11,3
242,8.58333333333333,8,4,4,2,6,7,7,6,11,4,8,6,42,44,3,103,8;04-8;07,7,7,6,9,7,9,6,9,8,12,11,9,8,10,13
243,8.58333333333333,13,6,5,10,4,7,8,5,14,3,5,3,30,38,4,103,8;04-8;07,9,8,11,7,8,8,5,7,6,9,10,11,9,10,16
244,8.58333333333333,15,13,16,14,11,14,14,13,10,14,8,14,54,45,5,103,8;04-8;07,11,13,14,12,11,16,12,12,14,12,11,13,18,15,12
245,8.58333333333333,18,15,11,15,18,13,18,7,9,15,15,14,80,65,5,103,8;04-8;07,12,15,14,18,14,10,13,17,14,18,14,13,13,14,11
246,8.58333333333333,21,8,10,10,14,10,23,11,8,17,7,13,46,62,8,103,8;04-8;07,14,10,11,14,17,14,14,10,14,11,14,18,13,12,9
247,8.58333333333333,15,10,4,5,1,10,11,11,8,8,6,2,47,47,4,103,8;04-8;07,11,11,7,5,10,14,9,10,5,10,11,11,8,12,9
248,8.66666666666667,10,9,4,7,9,6,14,1,5,9,1,8,47,34,3,104,8;08-8;11,8,9,8,9,10,3,9,10,10,4,8,9,6,8,7
249,8.66666666666667,10,4,7,9,8,6,14,6,10,9,7,7,33,24,5,104,8;08-8;11,8,6,9,9,10,8,9,8,9,10,7,12,9,8,11
250,8.66666666666667,15,11,12,16,7,14,17,10,10,8,7,12,45,41,6,104,8;08-8;11,10,11,13,8,11,12,9,10,12,10,9,13,14,13,11
251,8.66666666666667,4,5,4,8,10,7,17,6,6,1,2,8,31,20,0,104,8;08-8;11,5,7,8,10,11,8,4,7,10,5,7,4,6,9,8
252,8.66666666666667,11,4,3,11,11,10,12,7,9,9,3,5,43,80,5,104,8;08-8;11,8,6,10,11,9,9,9,10,8,6,16,12,4,11,10
253,8.66666666666667,27,11,10,17,15,12,23,7,13,8,14,17,49,53,7,104,8;08-8;11,15,11,14,14,14,9,9,11,16,16,11,15,13,12,14
254,8.66666666666667,10,12,7,10,9,7,10,6,12,9,8,13,71,58,1,104,8;08-8;11,8,12,10,9,8,8,9,16,13,11,12,5,9,9,13
255,8.66666666666667,10,3,5,8,4,3,6,7,5,8,5,2,12,34,5,104,8;08-8;11,8,5,8,5,6,9,9,5,5,8,8,12,7,6,7
256,8.66666666666667,6,10,3,5,6,4,7,5,2,11,5,1,44,23,2,104,8;08-8;11,6,10,6,7,6,7,10,10,5,8,7,7,4,6,4
257,8.66666666666667,24,15,8,10,16,13,20,9,13,12,2,15,48,40,3,104,8;08-8;11,15,14,10,15,13,11,11,10,14,5,9,9,10,12,14
258,8.66666666666667,11,9,4,8,5,3,7,8,9,12,7,6,20,6,3,104,8;08-8;11,8,9,8,6,6,10,11,6,8,10,5,9,6,6,10
259,8.66666666666667,11,5,11,5,4,5,14,4,7,6,7,7,29,30,5,104,8;08-8;11,8,7,6,5,10,6,7,7,9,10,8,12,13,7,9
260,8.75,25,19,12,18,16,13,18,11,9,15,14,15,59,87,6,105,8;08-8;11,15,17,15,15,12,13,13,13,14,16,17,13,14,12,10
261,8.75,11,5,6,13,10,6,5,5,2,7,4,11,40,15,4,105,8;08-8;11,8,7,12,10,5,7,8,9,11,7,6,10,8,8,4
262,8.75,25,14,8,15,11,17,24,14,11,15,10,11,60,70,5,105,8;08-8;11,15,13,13,11,15,16,13,14,11,12,14,12,10,15,12
263,8.75,16,13,11,12,7,7,14,14,13,4,7,3,53,54,1,105,8;08-8;11,10,12,11,8,10,16,6,11,6,10,11,5,13,9,14
264,8.75,12,9,6,12,10,11,4,5,8,9,4,1,26,14,3,105,8;08-8;11,8,9,11,10,5,7,9,7,5,7,6,9,8,11,9
265,8.75,17,4,12,11,11,7,15,5,6,15,11,8,47,53,2,105,8;08-8;11,11,6,10,11,10,7,13,10,10,13,11,7,14,9,8
266,8.75,28,17,13,21,15,20,29,15,16,19,6,16,49,63,6,105,8;08-8;11,16,15,17,14,18,16,16,11,15,9,13,13,15,17,17
267,8.75,18,12,11,9,10,9,19,9,13,22,12,16,34,42,4,105,8;08-8;11,11,12,9,10,12,11,18,8,15,14,9,10,13,10,14
268,8.75,22,9,8,13,6,15,17,6,10,8,11,8,69,54,6,105,8;08-8;11,13,9,12,7,11,8,9,15,10,13,11,13,10,14,11
269,8.75,15,9,7,16,14,8,15,12,12,6,5,3,31,54,4,105,8;08-8;11,10,9,13,13,10,14,7,7,6,8,11,10,9,10,13
270,8.83333333333333,23,12,11,14,17,19,9,7,11,14,11,12,38,72,5,106,8;08-8;11,14,12,13,16,7,9,12,9,12,13,15,12,13,16,12
271,8.83333333333333,16,11,7,5,8,6,13,7,10,9,4,7,46,58,4,106,8;08-8;11,10,11,6,9,10,9,9,10,9,7,12,10,9,8,11
272,8.83333333333333,10,8,8,9,9,6,14,6,7,7,9,6,43,19,3,106,8;08-8;11,8,9,9,9,10,8,8,10,8,11,7,9,10,8,9
273,8.83333333333333,11,14,11,6,8,5,14,7,5,12,9,9,48,29,3,106,8;08-8;11,8,13,7,9,10,9,11,10,11,11,8,9,13,7,7
274,8.83333333333333,13,9,7,6,3,4,11,4,8,5,3,2,31,49,3,106,8;08-8;11,8,9,7,5,9,6,7,7,5,6,11,9,9,6,9
275,8.83333333333333,26,17,10,15,10,14,20,14,15,19,14,14,74,50,8,106,8;08-8;11,15,15,13,10,13,16,16,16,13,16,11,17,13,13,16
276,8.91666666666667,8,10,8,11,13,15,18,9,6,12,14,13,55,66,3,107,8;08-8;11,7,10,10,13,12,11,11,13,13,16,14,9,10,14,8
277,8.91666666666667,17,4,4,7,5,4,9,9,3,4,9,11,29,26,1,107,8;08-8;11,11,6,8,6,7,11,6,7,11,11,8,5,6,6,5
278,8.91666666666667,17,12,9,3,4,8,11,7,5,13,6,4,30,43,1,107,8;08-8;11,11,12,5,5,9,9,11,7,7,9,9,5,12,10,7
279,8.91666666666667,14,3,7,6,8,4,12,7,5,8,7,7,14,37,4,107,8;08-8;11,9,5,7,9,9,9,9,5,9,10,8,10,9,6,7
280,8.91666666666667,14,9,5,12,10,11,14,4,6,15,11,8,46,38,3,107,8;08-8;11,9,9,11,10,10,6,13,10,10,13,9,9,7,11,8
281,8.91666666666667,17,7,9,12,8,10,14,10,10,10,7,11,48,38,4,107,8;08-8;11,11,8,11,9,10,12,9,10,11,10,9,10,12,11,11
282,8.91666666666667,4,10,5,7,2,3,14,7,9,9,5,3,32,22,1,107,8;08-8;11,5,10,8,4,10,9,9,8,6,8,7,5,7,6,10
283,8.91666666666667,10,12,9,13,12,13,18,10,10,10,3,10,46,60,5,107,8;08-8;11,8,12,12,12,12,12,9,10,11,6,13,12,12,12,11
284,8.91666666666667,14,16,10,18,10,7,12,11,11,5,9,7,54,48,3,107,8;08-8;11,9,14,15,10,9,13,7,13,9,11,10,9,13,9,12
285,8.91666666666667,21,14,8,15,14,13,26,10,9,15,7,13,78,74,2,107,8;08-8;11,13,13,13,13,16,12,13,17,13,10,15,7,10,12,10
286,9,14,3,9,4,6,8,13,5,6,7,5,6,32,45,1,108,9;00-9;03,8,4,6,7,10,7,8,8,7,9,10,5,11,10,7
287,9,20,9,6,5,14,9,17,8,9,7,4,5,41,32,4,108,9;00-9;03,11,9,6,13,12,11,8,9,7,8,8,10,8,10,9
288,9,10,8,5,15,9,10,14,12,11,12,4,9,76,57,3,108,9;00-9;03,6,9,14,9,10,15,12,16,11,8,12,9,7,11,12
289,9,23,16,10,11,10,8,22,6,15,18,9,9,76,81,5,108,9;00-9;03,13,14,11,10,15,8,16,16,11,12,17,12,13,10,16
290,9,11,7,4,8,7,9,10,7,3,5,3,5,25,25,2,108,9;00-9;03,7,7,8,8,8,9,7,6,7,7,7,7,6,10,4
291,9,11,10,3,9,9,16,15,6,13,7,6,7,50,37,1,108,9;00-9;03,7,10,9,9,11,8,8,11,8,10,8,5,5,17,14
292,9,21,15,13,11,10,6,14,6,9,11,12,4,21,27,4,108,9;00-9;03,12,14,11,10,10,8,11,6,6,14,7,10,15,7,9
293,9,10,6,6,8,8,2,12,6,9,5,2,6,43,47,5,108,9;00-9;03,6,6,8,9,9,8,7,10,7,6,10,12,8,4,9
294,9,17,8,10,6,8,8,9,5,6,4,4,4,33,31,1,108,9;00-9;03,10,9,7,9,6,7,6,8,6,8,8,5,13,10,7
295,9,23,14,10,11,9,8,13,9,12,5,8,13,31,47,6,108,9;00-9;03,13,13,11,9,10,12,7,7,14,12,10,12,13,10,13
296,9.08333333333333,14,9,4,6,8,7,9,5,8,16,10,7,39,53,8,109,9;00-9;03,8,9,7,9,6,7,14,9,8,12,11,16,6,9,8
297,9.08333333333333,10,7,3,11,11,5,12,8,8,6,9,9,52,36,3,109,9;00-9;03,6,7,11,11,9,11,7,11,11,12,8,9,5,6,8
298,9.08333333333333,15,12,10,10,10,10,15,7,11,10,4,10,49,43,2,109,9;00-9;03,9,12,11,10,11,9,10,11,11,8,9,7,13,11,12
299,9.08333333333333,19,9,6,13,7,10,11,4,7,13,14,17,58,25,6,109,9;00-9;03,11,9,13,8,9,6,12,12,18,16,7,12,8,11,8
300,9.08333333333333,6,7,7,9,11,9,9,5,5,6,3,7,28,24,5,109,9;00-9;03,4,7,9,11,6,7,7,7,8,7,5,12,9,10,6
301,9.08333333333333,22,11,8,6,6,6,11,8,12,9,4,10,25,64,2,109,9;00-9;03,12,11,7,7,9,11,10,6,11,8,13,7,10,7,13
302,9.08333333333333,19,10,10,11,13,6,11,7,9,8,7,9,62,59,5,109,9;00-9;03,11,10,11,13,9,9,9,13,11,11,12,12,13,7,9
303,9.08333333333333,29,14,10,19,17,11,21,9,12,15,11,7,64,58,5,109,9;00-9;03,16,13,18,16,14,12,14,13,8,13,12,12,13,12,13
304,9.08333333333333,21,15,9,10,14,9,27,9,14,13,10,16,50,64,6,109,9;00-9;03,12,14,11,13,18,12,12,11,17,12,13,12,11,10,15
305,9.08333333333333,21,15,7,8,8,8,13,13,6,5,0,8,47,45,1,109,9;00-9;03,12,14,8,9,10,17,7,10,10,4,10,5,9,10,7
306,9.16666666666667,24,13,9,12,13,9,26,10,15,15,8,9,68,61,2,110,9;00-9;03,14,12,12,13,17,13,14,14,11,12,13,7,11,10,16
307,9.16666666666667,5,4,6,5,5,4,10,9,11,5,6,4,5,33,1,110,9;00-9;03,4,5,6,6,8,12,7,4,6,10,8,5,8,5,12
308,9.16666666666667,15,9,7,12,6,13,12,8,10,7,5,12,61,28,4,110,9;00-9;03,9,9,12,7,9,11,8,13,13,9,7,10,9,13,10
309,9.16666666666667,19,7,7,5,1,4,7,5,4,2,1,11,36,23,4,110,9;00-9;03,11,7,6,3,5,7,5,8,12,5,5,10,9,5,5
310,9.16666666666667,23,8,6,8,11,9,18,5,9,11,5,8,46,47,6,110,9;00-9;03,13,9,8,11,13,7,11,10,10,9,10,12,8,10,9
311,9.25,24,13,5,9,6,11,20,5,6,12,8,7,37,44,5,111,9;00-9;03,14,12,9,7,14,7,12,8,8,12,10,12,7,12,7
312,9.25,11,6,5,2,7,7,19,3,9,9,1,11,28,56,7,111,9;00-9;03,7,6,5,8,13,5,10,7,12,5,12,14,7,9,9
313,9.25,16,13,9,10,11,12,11,10,9,18,7,4,75,75,7,111,9;00-9;03,9,12,11,11,9,13,16,16,6,11,15,14,11,13,9
314,9.25,27,16,14,17,17,16,15,11,10,11,10,10,57,54,5,111,9;00-9;03,15,14,16,16,11,14,11,12,11,12,11,12,16,17,10
315,9.25,18,9,6,11,10,13,10,9,9,9,11,7,50,44,5,111,9;00-9;03,10,9,11,10,8,12,10,11,8,13,10,12,8,13,9
316,9.25,24,12,12,16,17,15,13,12,9,9,12,11,63,74,5,111,9;00-9;03,14,12,15,16,10,15,10,13,12,14,15,12,14,15,9
317,9.25,19,16,13,13,13,8,11,8,13,11,10,12,46,53,5,111,9;00-9;03,11,14,13,13,9,11,11,10,13,12,11,12,15,10,14
318,9.33333333333333,20,4,6,6,7,6,14,7,15,12,6,7,34,41,6,112,9;04-9;07,12,5,6,9,9,9,11,8,8,10,9,13,9,8,15
319,9.33333333333333,14,13,10,12,6,5,16,4,5,6,4,6,36,42,6,112,9;04-9;07,9,11,10,8,10,6,7,8,7,7,9,13,12,7,7
320,9.33333333333333,14,8,9,8,13,13,14,3,9,14,6,10,51,59,6,112,9;04-9;07,9,8,7,13,9,5,12,11,10,10,11,13,11,12,10
321,9.33333333333333,26,13,8,20,11,14,23,11,15,14,11,8,65,82,5,112,9;04-9;07,16,11,16,12,14,13,12,13,9,14,16,11,10,13,15
322,9.33333333333333,16,18,8,14,9,11,16,11,12,6,0,9,63,67,7,112,9;04-9;07,10,15,12,10,10,13,7,13,10,3,13,15,10,11,12
323,9.33333333333333,7,9,2,5,4,2,8,3,5,10,3,3,20,4,2,112,9;04-9;07,6,8,5,6,6,5,10,6,5,6,4,6,5,5,7
324,9.33333333333333,9,11,8,8,5,6,12,5,10,5,6,13,37,20,6,112,9;04-9;07,7,10,7,7,8,7,7,8,12,10,6,13,10,8,10
325,9.33333333333333,11,6,2,12,10,9,8,7,5,9,6,14,26,36,3,112,9;04-9;07,8,6,10,11,6,9,10,7,12,10,8,8,5,10,7
326,9.33333333333333,18,15,6,4,4,5,21,6,7,5,4,15,68,67,1,112,9;04-9;07,11,13,5,6,13,8,7,14,13,7,13,4,9,7,9
327,9.33333333333333,13,6,7,13,5,14,6,5,6,5,6,4,32,39,4,112,9;04-9;07,8,6,11,7,5,7,7,8,6,10,9,9,10,13,8
328,9.33333333333333,9,11,8,9,14,7,21,9,6,18,5,12,47,45,1,112,9;04-9;07,7,10,8,13,13,11,15,10,11,9,9,4,10,9,8
329,9.41666666666667,20,15,4,14,18,11,14,6,10,15,9,15,74,75,5,113,9;04-9;07,12,13,12,17,9,8,13,15,13,12,14,11,7,11,10
330,9.41666666666667,20,10,7,17,11,12,20,7,5,16,8,18,37,41,5,113,9;04-9;07,12,9,14,12,13,9,13,8,16,12,9,11,10,12,7
331,9.41666666666667,20,8,6,10,7,4,22,12,15,9,7,11,54,32,6,113,9;04-9;07,12,8,9,9,14,14,10,12,11,11,8,13,9,6,15
332,9.41666666666667,12,10,8,11,9,4,19,7,9,11,7,5,38,31,4,113,9;04-9;07,8,9,9,10,12,9,11,9,7,11,8,9,10,6,10
333,9.41666666666667,27,19,12,17,10,17,20,14,12,8,9,15,78,58,4,113,9;04-9;07,16,16,14,11,13,16,9,16,13,12,11,9,13,15,12
334,9.41666666666667,19,16,8,16,13,5,21,10,16,14,11,17,74,72,5,113,9;04-9;07,12,13,13,13,13,12,12,15,15,14,14,11,10,7,16
335,9.5,23,8,10,17,16,7,17,10,9,6,6,5,65,77,6,114,9;04-9;07,14,8,14,15,11,12,7,13,7,10,15,13,12,9,10
336,9.5,14,15,6,11,6,7,13,9,5,11,9,11,34,42,3,114,9;04-9;07,9,13,9,8,9,11,11,8,11,12,9,8,9,9,7
337,9.5,13,5,6,5,3,2,10,8,8,9,2,3,41,65,2,114,9;04-9;07,8,6,5,6,7,10,10,9,5,5,12,6,9,5,9
338,9.5,11,8,3,4,3,4,1,3,4,7,4,2,23,20,3,114,9;04-9;07,8,8,5,6,3,5,8,6,5,7,6,8,6,6,6
339,9.5,21,13,13,10,12,9,25,8,13,11,12,6,70,55,2,114,9;04-9;07,13,11,9,13,16,10,11,15,7,15,11,6,14,10,13
340,9.5,13,14,4,16,14,16,14,5,12,7,2,10,41,48,5,114,9;04-9;07,8,12,13,13,9,7,8,9,10,5,9,11,7,15,12
341,9.5,15,7,6,5,12,5,19,7,8,5,4,13,38,38,5,114,9;04-9;07,10,7,5,13,12,9,7,9,12,7,9,11,9,7,9
342,9.5,15,10,4,10,6,10,8,8,5,9,7,13,23,25,5,114,9;04-9;07,10,9,9,8,6,10,10,6,12,11,7,11,7,11,7
343,9.5,23,11,15,10,9,7,19,11,13,3,6,11,48,43,4,114,9;04-9;07,14,10,9,10,12,13,5,10,11,10,9,9,16,9,13
344,9.5,15,8,6,13,7,14,17,7,9,12,7,10,47,47,5,114,9;04-9;07,10,8,11,9,11,9,11,10,10,11,9,11,9,13,10
345,9.5,21,15,10,15,11,16,25,10,12,17,12,12,66,73,5,114,9;04-9;07,13,13,12,12,16,12,14,14,11,15,14,11,12,15,12
346,9.5,7,5,6,11,12,19,21,7,8,16,8,9,66,67,6,114,9;04-9;07,6,6,9,13,13,9,13,14,10,12,13,13,9,17,9
347,9.58333333333333,7,8,4,11,3,10,7,5,2,6,4,8,19,35,1,115,9;04-9;07,6,8,9,6,5,7,7,6,9,7,8,4,7,11,4
348,9.58333333333333,28,21,19,20,9,12,14,8,14,12,12,15,55,49,7,115,9;04-9;07,17,17,16,10,9,10,11,12,13,15,10,15,19,12,14
349,9.58333333333333,10,7,4,9,9,6,16,7,11,10,4,5,53,46,6,115,9;04-9;07,7,7,8,10,10,9,10,11,7,7,9,13,7,8,11
350,9.58333333333333,24,14,10,13,9,13,14,11,7,22,8,17,41,27,4,115,9;04-9;07,15,12,11,10,9,13,18,9,15,12,7,9,12,12,9
351,9.58333333333333,15,13,13,11,12,6,13,14,9,12,6,14,65,82,2,115,9;04-9;07,10,11,9,13,9,16,11,13,12,10,16,6,14,8,10
352,9.58333333333333,14,15,11,9,4,8,17,5,9,5,5,3,37,43,4,115,9;04-9;07,9,13,8,6,11,7,7,8,5,9,9,9,12,10,10
353,9.66666666666667,17,8,14,10,15,8,18,10,16,13,10,15,50,55,5,116,9;08-9;11,10,8,9,14,12,13,11,10,13,12,12,12,15,9,16
354,9.66666666666667,22,8,5,8,7,13,18,2,10,12,5,14,54,58,5,116,9;08-9;11,12,8,7,8,12,4,11,11,12,7,12,12,7,12,9
355,9.66666666666667,25,16,11,14,5,6,15,6,11,5,10,10,52,45,4,116,9;08-9;11,14,13,12,6,10,8,6,10,10,12,9,10,12,7,10
356,9.66666666666667,16,12,10,10,10,7,7,2,9,9,6,5,35,58,1,116,9;08-9;11,9,11,9,10,5,4,9,6,7,8,12,3,12,8,8
357,9.66666666666667,33,12,6,14,5,3,24,6,17,12,13,10,65,52,3,116,9;08-9;11,19,11,12,6,15,8,11,13,10,15,10,8,8,5,17
358,9.66666666666667,21,15,8,13,11,16,24,8,13,14,8,8,65,61,7,116,9;08-9;11,12,13,11,11,15,10,13,13,9,10,13,16,10,15,12
359,9.75,15,10,7,13,6,7,10,3,9,8,8,8,50,60,5,117,9;08-9;11,9,9,11,7,7,5,8,10,9,10,13,12,9,8,8
360,9.75,15,8,11,13,6,9,20,5,10,10,8,5,59,50,5,117,9;08-9;11,9,8,11,7,13,7,9,11,7,10,10,12,12,9,9
361,9.75,13,10,9,14,6,12,15,3,12,9,13,9,26,29,3,117,9;08-9;11,7,9,12,7,10,5,9,5,10,15,6,8,11,12,11
362,9.75,22,16,7,8,7,3,13,12,10,13,9,11,38,33,4,117,9;08-9;11,12,13,7,8,9,15,11,7,10,10,7,10,9,5,9
363,9.75,18,11,8,10,9,9,13,7,16,15,8,7,71,58,4,117,9;08-9;11,10,10,9,9,9,9,14,15,8,10,12,10,10,9,16
364,9.75,21,10,13,15,3,8,20,10,15,15,10,14,63,56,5,117,9;08-9;11,12,9,12,5,13,13,14,13,12,12,12,12,14,9,15
365,9.75,15,12,5,10,7,6,14,8,14,16,8,11,61,27,5,117,9;08-9;11,9,11,9,8,9,10,14,13,10,10,6,12,7,7,14
366,9.83333333333333,14,13,9,13,13,9,23,9,10,17,15,20,75,56,5,118,9;08-9;11,8,11,11,13,14,11,15,16,17,18,12,12,11,9,9
367,9.83333333333333,20,16,18,10,9,9,22,9,14,13,9,14,45,63,5,118,9;08-9;11,11,13,9,9,14,11,11,9,12,10,13,12,18,9,14
368,9.83333333333333,18,19,13,11,7,14,20,10,11,15,12,6,49,31,4,118,9;08-9;11,10,16,9,8,13,13,14,10,7,14,7,10,14,13,10
369,9.83333333333333,21,20,9,14,8,14,9,10,13,13,4,16,58,67,4,118,9;08-9;11,12,17,12,9,6,13,11,11,14,6,14,10,11,13,12
370,9.83333333333333,21,6,11,16,11,12,14,9,8,7,5,15,55,27,1,118,9;08-9;11,12,6,13,11,9,11,7,11,13,7,6,3,12,12,7
371,9.83333333333333,14,6,6,16,16,15,15,4,6,15,12,10,35,21,4,118,9;08-9;11,8,6,13,15,10,6,14,6,10,14,5,10,8,14,6
372,9.83333333333333,23,10,6,14,12,12,13,12,8,5,6,6,29,41,4,118,9;08-9;11,13,9,12,12,9,15,6,5,7,8,8,10,8,12,7
373,9.83333333333333,17,9,10,17,12,11,14,7,9,10,7,10,82,78,4,118,9;08-9;11,10,8,15,12,9,9,9,18,10,9,16,10,12,11,8
374,9.83333333333333,6,3,2,3,3,3,5,5,7,4,4,1,44,46,2,118,9;08-9;11,4,4,3,5,4,7,5,9,4,6,9,6,3,5,7
375,9.83333333333333,13,9,5,7,4,8,16,8,7,9,3,12,38,32,6,118,9;08-9;11,7,8,7,5,10,10,9,7,11,5,7,13,7,9,7
376,9.83333333333333,9,11,7,12,9,18,9,6,10,12,7,17,43,54,4,118,9;08-9;11,6,10,10,9,6,8,11,9,15,9,10,10,9,16,9
377,9.83333333333333,18,11,6,13,16,11,12,2,10,5,8,9,63,59,4,118,9;08-9;11,10,10,11,15,8,4,6,13,10,10,12,10,8,11,9
378,9.91666666666667,27,20,12,18,17,15,21,9,8,13,12,12,53,60,5,119,9;08-9;11,15,17,16,16,13,11,11,10,11,14,13,12,13,14,7
379,9.91666666666667,20,15,9,14,11,7,17,8,9,10,7,11,33,26,5,119,9;08-9;11,11,13,12,11,11,10,9,6,10,9,6,12,11,8,8
380,9.91666666666667,24,14,12,16,15,16,18,9,13,17,10,19,39,30,2,119,9;08-9;11,14,12,13,14,12,11,15,7,16,12,6,6,13,15,12
381,9.91666666666667,26,14,10,17,9,9,18,12,12,14,13,17,54,70,5,119,9;08-9;11,15,12,15,9,12,15,13,11,15,15,14,12,12,9,11
382,9.91666666666667,15,11,7,11,11,13,13,9,9,8,4,4,49,40,4,119,9;08-9;11,9,10,9,11,9,11,8,10,6,6,8,10,9,12,8
383,9.91666666666667,10,10,5,11,6,5,23,12,11,6,4,8,42,41,5,119,9;08-9;11,6,9,9,7,14,15,6,7,9,6,8,12,7,6,10
384,9.91666666666667,17,10,9,8,9,8,19,6,12,13,4,9,52,63,3,119,9;08-9;11,10,9,7,9,12,8,11,10,10,6,13,8,11,9,11
385,9.91666666666667,12,10,11,9,7,6,8,6,8,2,8,6,55,37,5,119,9;08-9;11,7,9,8,8,6,8,4,11,7,10,7,12,12,7,7
386,9.91666666666667,15,7,6,3,13,7,10,6,5,9,5,7,43,30,1,119,9;08-9;11,9,7,3,13,7,8,9,9,8,7,6,3,8,8,5
387,9.91666666666667,20,8,9,10,10,9,13,8,11,6,4,8,56,67,7,119,9;08-9;11,11,8,9,10,9,10,6,11,9,6,14,16,11,9,10
388,9.91666666666667,20,10,7,9,9,9,16,9,12,12,4,10,60,58,4,119,9;08-9;11,11,9,8,9,10,11,11,13,10,6,12,10,9,9,11
389,9.91666666666667,9,13,10,5,14,9,16,11,12,9,8,9,53,63,5,119,9;08-9;11,6,11,5,13,10,14,9,10,10,10,13,12,12,9,11
390,9.91666666666667,10,4,3,9,8,9,3,10,5,8,8,1,28,50,2,119,9;08-9;11,6,5,8,9,3,13,8,5,4,10,10,6,4,9,5
391,10,9,14,7,4,7,4,11,8,11,13,2,9,34,44,6,120,10;00-10;05,6,12,4,7,7,9,11,6,10,5,8,12,9,5,10
392,10,20,16,6,6,14,15,19,10,11,16,6,12,73,49,3,120,10;00-10;05,10,13,5,12,11,11,13,13,12,9,9,8,8,13,10
393,10,18,10,4,14,6,6,13,4,6,8,11,13,28,32,2,120,10;00-10;05,9,8,12,6,8,6,8,5,13,12,6,6,6,6,6
394,10,15,14,10,14,12,8,13,12,10,8,8,10,50,39,5,120,10;00-10;05,8,12,12,11,8,13,8,9,10,10,7,11,12,8,9
395,10,30,17,10,20,14,16,21,11,13,14,6,16,71,77,7,120,10;00-10;05,16,14,16,12,12,12,12,13,16,9,14,14,12,14,12
396,10,27,12,10,11,10,11,11,6,5,10,10,9,66,49,5,120,10;00-10;05,14,11,9,9,7,7,9,12,10,11,9,11,12,10,5
397,10,13,16,11,16,7,11,11,7,14,10,7,10,64,64,5,120,10;00-10;05,6,13,13,7,7,8,9,11,10,9,11,11,12,10,13
398,10,23,16,6,16,13,9,19,11,13,8,10,12,70,49,3,120,10;00-10;05,12,13,13,12,11,12,8,13,12,11,9,8,8,8,12
399,10,23,14,10,10,8,11,22,8,9,13,5,13,38,46,6,120,10;00-10;05,12,12,9,8,13,9,11,7,13,8,8,12,12,10,8
400,10.0833333333333,12,5,5,12,12,10,14,8,6,6,12,6,43,49,7,121,10;00-10;05,6,4,10,11,8,9,6,8,6,13,9,14,7,9,6
401,10.0833333333333,20,5,4,7,3,2,6,4,11,7,8,7,42,57,4,121,10;00-10;05,10,4,7,4,5,6,7,7,7,10,10,9,6,4,10
402,10.0833333333333,19,5,7,8,11,15,12,8,9,6,3,10,78,65,2,121,10;00-10;05,10,4,7,10,7,9,6,14,10,6,11,6,9,13,8
403,10.0833333333333,27,9,11,15,9,12,15,11,16,15,12,7,54,80,7,121,10;00-10;05,14,7,12,8,9,12,13,10,7,13,15,14,12,11,15
404,10.0833333333333,25,19,14,21,12,17,18,9,15,16,13,11,71,57,5,121,10;00-10;05,13,17,17,11,11,10,13,13,11,14,10,11,15,14,14
405,10.0833333333333,28,15,8,12,18,8,28,11,16,19,14,16,79,72,8,121,10;00-10;05,15,13,10,16,16,12,16,14,16,15,13,16,10,8,15
406,10.0833333333333,21,13,8,10,11,4,22,12,15,12,15,11,69,45,7,121,10;00-10;05,11,11,9,10,13,13,11,12,11,17,8,14,10,5,14
407,10.0833333333333,18,10,11,14,12,17,7,6,14,11,9,10,29,42,5,121,10;00-10;05,9,8,12,11,5,7,10,5,10,10,7,11,12,14,13
408,10.0833333333333,13,10,4,11,4,4,12,11,8,10,6,3,69,49,2,121,10;00-10;05,6,8,9,4,7,12,9,12,4,9,9,6,6,5,7
409,10.0833333333333,15,10,13,13,9,9,7,2,8,11,12,11,47,54,5,121,10;00-10;05,8,8,11,8,5,4,10,8,11,13,9,11,14,8,7
410,10.0833333333333,7,8,2,9,4,8,5,4,7,1,5,5,13,24,3,121,10;00-10;05,5,7,8,4,4,6,3,4,6,8,4,8,4,8,7
411,10.0833333333333,8,12,10,14,9,10,18,9,9,10,5,6,44,27,4,121,10;00-10;05,5,11,12,8,11,10,9,8,6,8,5,9,12,9,8
412,10.0833333333333,16,8,14,10,11,7,19,8,13,12,4,9,71,51,4,121,10;00-10;05,8,7,9,10,11,9,11,13,10,7,9,9,15,7,12
413,10.0833333333333,12,11,8,12,7,10,21,6,10,10,9,10,39,40,1,121,10;00-10;05,6,9,10,7,12,7,9,7,10,10,7,4,10,9,9
414,10.1666666666667,26,16,10,13,9,12,9,6,15,11,10,11,68,60,5,122,10;00-10;05,14,13,11,8,6,7,10,12,11,11,11,11,12,11,14
415,10.1666666666667,19,8,5,11,4,6,15,9,10,5,6,12,43,58,2,122,10;00-10;05,10,7,9,4,9,10,6,8,12,9,10,6,7,6,9
416,10.1666666666667,20,15,13,12,12,14,21,11,8,5,10,17,65,46,6,122,10;00-10;05,10,13,10,11,12,12,6,11,17,11,8,12,14,12,7
417,10.1666666666667,18,14,13,14,15,12,23,13,16,10,6,14,57,63,3,122,10;00-10;05,9,12,12,13,13,14,9,10,13,9,11,8,14,11,15
418,10.1666666666667,23,15,11,18,13,12,10,2,7,11,7,15,35,75,7,122,10;00-10;05,12,13,15,12,6,4,10,6,14,9,13,14,12,11,7
419,10.1666666666667,18,10,9,17,15,11,23,10,12,14,12,12,80,81,6,122,10;00-10;05,9,8,14,13,13,11,12,15,12,13,15,12,11,10,11
420,10.1666666666667,24,11,7,16,13,14,20,9,10,17,11,10,64,59,7,122,10;00-10;05,13,9,13,12,12,10,14,11,10,12,10,14,9,12,9
421,10.1666666666667,6,5,3,5,6,6,8,5,8,5,1,8,11,15,1,122,10;00-10;05,4,4,4,6,6,6,6,4,8,4,3,4,5,6,7
422,10.1666666666667,19,14,8,6,8,11,21,6,14,16,9,7,66,57,7,122,10;00-10;05,10,12,5,8,12,7,13,12,7,10,10,14,10,10,13
423,10.25,22,17,13,15,17,19,23,15,13,17,7,15,67,65,6,123,10;00-10;05,11,14,12,15,13,15,14,12,14,9,11,12,14,16,12
424,10.25,23,15,8,17,11,13,17,8,12,15,8,9,77,71,6,123,10;00-10;05,12,13,14,10,10,9,13,14,10,10,13,12,10,11,11
425,10.25,24,17,11,16,13,19,25,14,12,14,11,10,79,79,5,123,10;00-10;05,13,14,13,12,15,15,12,14,10,12,14,11,12,16,11
426,10.25,15,16,3,15,13,15,22,9,16,15,6,7,55,49,4,123,10;00-10;05,8,13,12,12,13,10,13,10,7,9,9,9,5,13,15
427,10.25,13,9,8,10,10,10,7,8,8,6,1,10,60,43,2,123,10;00-10;05,6,7,9,9,5,9,6,11,10,4,7,6,10,9,7
428,10.25,32,13,6,20,11,17,28,14,15,16,14,9,79,72,6,123,10;00-10;05,17,11,16,10,16,15,13,14,10,15,13,12,8,14,14
429,10.25,12,15,14,9,17,18,24,16,14,15,7,11,70,60,4,123,10;00-10;05,6,13,8,15,14,16,13,13,11,9,11,9,15,15,13
430,10.3333333333333,18,9,4,14,10,14,15,4,12,6,2,12,31,46,3,124,10;00-10;05,9,7,12,9,9,6,6,5,12,5,8,8,6,12,11
431,10.3333333333333,23,16,3,11,13,14,19,12,10,14,9,15,71,86,2,124,10;00-10;05,12,13,9,12,11,13,12,13,14,10,16,6,5,12,9
432,10.3333333333333,17,14,10,11,14,9,22,7,8,15,11,10,30,36,8,124,10;00-10;05,9,12,9,12,13,8,13,5,10,12,6,16,12,8,7
433,10.3333333333333,30,13,11,13,15,13,21,13,14,6,8,10,58,76,4,124,10;00-10;05,16,11,11,13,12,14,6,10,10,10,14,9,12,11,13
434,10.3333333333333,20,13,14,4,12,8,14,8,10,8,8,2,56,46,6,124,10;00-10;05,10,11,4,11,8,9,8,10,2,10,8,12,15,8,9
435,10.3333333333333,14,8,11,10,8,6,18,8,5,6,6,6,32,36,4,124,10;00-10;05,7,7,9,8,11,9,6,6,6,9,6,9,12,6,5
436,10.3333333333333,18,12,11,11,11,13,20,13,11,8,6,4,60,82,7,124,10;00-10;05,9,11,9,10,12,14,8,11,5,9,15,14,12,11,10
437,10.3333333333333,12,11,8,8,12,7,21,10,5,11,6,12,42,45,1,124,10;00-10;05,6,9,7,11,12,11,10,7,12,9,8,4,10,7,5
438,10.3333333333333,19,7,7,11,5,9,13,5,7,9,5,8,32,45,3,124,10;00-10;05,10,6,9,5,8,6,9,6,8,8,8,8,9,8,7
439,10.4166666666667,24,12,12,11,3,9,16,12,11,16,3,10,71,89,6,125,10;00-10;05,13,11,9,4,9,13,13,13,10,6,17,12,13,8,10
440,10.4166666666667,22,7,8,14,9,12,18,13,15,13,7,10,74,71,3,125,10;00-10;05,11,6,12,8,11,14,11,13,10,9,13,8,10,11,14
441,10.4166666666667,17,10,8,12,12,14,19,7,12,14,11,11,59,74,6,125,10;00-10;05,9,8,10,11,11,8,12,10,11,12,13,12,10,12,11
442,10.4166666666667,21,13,7,7,10,5,21,13,15,10,12,12,71,73,7,125,10;00-10;05,11,11,7,9,12,14,9,13,12,13,13,14,9,6,14
443,10.5,25,15,12,16,12,12,15,10,11,15,12,13,45,68,4,126,10;06-10;11,14,12,13,12,10,11,13,9,13,14,13,10,12,11,10
444,10.5,8,9,9,9,11,10,11,4,9,10,8,11,45,59,5,126,10;06-10;11,5,8,8,11,8,6,8,9,11,10,11,11,10,9,8
445,10.5,12,5,7,15,7,9,10,4,8,10,7,13,35,41,3,126,10;06-10;11,7,6,12,7,6,6,8,6,13,9,8,9,9,8,7
446,10.5,23,13,14,9,7,7,13,9,11,9,7,11,61,55,6,126,10;06-10;11,13,11,8,7,9,10,8,12,11,9,11,12,14,7,10
447,10.5,17,13,8,12,12,17,12,9,6,7,9,4,76,60,5,126,10;06-10;11,10,11,10,12,8,10,6,15,6,10,12,11,10,13,6
448,10.5,19,10,5,14,11,7,17,10,9,6,2,9,36,51,6,126,10;06-10;11,11,9,12,11,11,11,5,6,10,4,10,12,7,7,8
449,10.5,16,11,2,4,9,12,14,6,8,15,11,11,49,59,4,126,10;06-10;11,9,10,5,8,9,8,13,10,11,12,11,10,5,11,7
450,10.5,18,8,10,6,9,7,12,7,4,14,11,6,34,42,1,126,10;06-10;11,10,8,6,8,8,8,12,6,7,12,8,5,11,7,4
451,10.5,18,11,6,12,12,13,16,6,13,12,5,11,60,83,6,126,10;06-10;11,10,10,10,12,10,8,10,12,11,7,17,12,8,11,12
452,10.5,30,21,17,15,7,14,17,15,11,10,11,18,68,55,7,126,10;06-10;11,18,16,12,7,11,15,8,13,17,12,11,14,15,12,10
453,10.5,19,13,10,9,13,7,13,11,17,17,13,9,54,50,3,126,10;06-10;11,11,11,8,13,9,12,14,11,10,15,10,9,11,7,16
454,10.5,16,11,4,6,3,9,5,5,9,6,0,3,30,39,2,126,10;06-10;11,9,10,6,4,3,7,5,5,5,2,8,7,6,8,8
455,10.5,5,5,2,10,5,3,8,4,8,9,3,10,17,20,1,126,10;06-10;11,3,6,9,5,5,6,8,3,10,5,5,5,5,5,7
456,10.5833333333333,16,5,8,5,7,14,16,7,6,13,9,8,57,33,3,127,10;06-10;11,9,6,5,7,10,8,10,11,9,10,7,9,10,12,6
457,10.5833333333333,13,8,12,17,12,20,18,9,13,14,10,7,58,71,3,127,10;06-10;11,7,8,14,12,12,10,12,11,8,11,14,9,12,16,12
458,10.5833333333333,24,14,11,14,12,14,17,9,18,11,11,16,59,80,5,127,10;06-10;11,14,12,12,12,11,10,9,11,15,12,17,11,11,12,17
459,10.5833333333333,13,5,7,8,6,3,9,5,7,7,6,10,48,70,3,127,10;06-10;11,7,6,7,6,5,7,6,9,10,8,13,9,9,5,7
460,10.5833333333333,11,13,10,11,11,5,16,6,5,9,8,7,58,45,5,127,10;06-10;11,7,11,9,11,10,8,8,11,8,10,9,11,11,6,5
461,10.6666666666667,21,18,16,15,17,15,20,16,14,21,10,10,74,82,5,128,10;06-10;11,12,14,12,16,13,16,17,14,10,11,17,11,15,13,13
462,10.6666666666667,20,7,9,10,13,16,20,12,12,11,10,8,49,35,5,128,10;06-10;11,11,7,9,13,13,13,9,10,9,11,7,11,10,13,11
463,10.6666666666667,16,10,5,12,11,6,13,11,7,10,6,9,32,51,1,128,10;06-10;11,9,9,10,11,9,12,8,6,10,8,10,5,7,6,7
464,10.6666666666667,4,9,6,8,10,9,13,5,9,12,4,7,32,25,3,128,10;06-10;11,2,8,7,9,9,7,10,6,8,6,6,9,8,8,8
465,10.6666666666667,21,16,13,13,11,16,17,9,15,16,15,19,53,64,7,128,10;06-10;11,12,12,11,11,11,10,13,10,18,18,12,14,13,13,14
466,10.6666666666667,20,10,5,15,13,16,17,9,11,16,8,9,74,50,5,128,10;06-10;11,11,9,12,13,11,10,13,14,10,10,10,11,7,13,10
467,10.6666666666667,12,15,9,11,14,12,17,15,15,16,4,14,54,46,6,128,10;06-10;11,7,12,9,13,11,15,13,11,13,6,9,12,10,11,14
468,10.6666666666667,23,12,9,13,14,18,21,7,11,15,10,15,56,57,5,128,10;06-10;11,13,11,11,13,13,8,13,11,14,11,11,11,10,14,10
469,10.6666666666667,19,3,6,11,14,9,19,2,8,9,10,9,54,43,2,128,10;06-10;11,11,5,9,13,12,4,8,11,10,11,8,7,8,8,7
470,10.6666666666667,17,15,10,16,14,12,18,9,12,13,9,11,54,43,7,128,10;06-10;11,10,12,13,13,12,10,10,11,11,10,8,14,11,11,11
471,10.75,18,15,6,16,13,6,20,11,13,11,11,15,70,71,8,129,10;06-10;11,10,12,13,13,13,12,9,14,14,12,14,16,8,6,12
472,10.75,18,18,13,19,10,13,17,13,14,13,12,8,55,58,6,129,10;06-10;11,10,14,16,9,11,14,10,11,9,14,11,12,13,11,13
473,10.75,22,8,13,15,8,6,13,7,8,12,10,15,41,45,2,129,10;06-10;11,12,8,12,8,9,8,10,7,14,11,9,7,13,6,7
474,10.75,18,15,13,16,12,2,8,9,9,8,10,11,45,57,5,129,10;06-10;11,10,12,13,12,5,10,7,9,11,11,11,11,13,4,8
475,10.75,17,9,5,13,5,7,11,7,14,5,7,9,28,27,5,129,10;06-10;11,10,8,11,5,8,8,5,5,10,9,6,11,7,7,13
476,10.75,16,16,10,20,16,19,19,10,10,19,9,7,57,74,5,129,10;06-10;11,9,12,16,15,12,11,16,11,8,10,14,11,11,15,9
477,10.75,12,10,9,10,8,12,22,8,11,18,5,16,59,50,3,129,10;06-10;11,7,9,9,8,14,9,15,11,15,7,10,9,10,11,10
478,10.75,22,18,12,18,14,16,25,17,13,21,12,14,50,55,8,129,10;06-10;11,12,14,15,13,17,17,17,10,13,14,11,16,12,13,12
479,10.75,15,5,4,3,2,8,8,5,5,6,10,9,37,32,3,129,10;06-10;11,9,6,3,2,5,7,5,6,10,11,7,9,6,8,5
480,10.75,23,9,8,10,10,9,17,9,8,11,6,3,59,59,3,129,10;06-10;11,13,8,9,9,11,10,9,11,5,8,11,9,10,8,7
481,10.8333333333333,14,13,8,12,11,10,10,5,11,11,9,7,51,38,4,130,10;06-10;11,8,11,10,11,6,7,9,10,8,10,8,10,10,9,10
482,10.8333333333333,10,15,4,11,13,15,17,12,11,11,8,6,61,46,2,130,10;06-10;11,6,12,9,13,11,13,9,12,7,10,9,7,6,13,10
483,10.8333333333333,16,6,9,11,10,12,16,6,13,15,8,10,49,75,4,130,10;06-10;11,9,6,9,9,10,8,13,10,10,10,14,10,10,11,12
484,10.8333333333333,22,15,8,11,8,15,12,12,7,14,12,11,76,35,6,130,10;06-10;11,12,12,9,8,8,13,12,15,11,14,7,12,10,13,7
485,10.8333333333333,23,18,9,17,12,8,17,11,8,11,10,12,43,25,5,130,10;06-10;11,13,14,14,12,11,12,9,9,12,11,6,11,10,8,7
486,10.8333333333333,13,10,8,13,11,8,22,11,12,7,6,6,60,29,5,130,10;06-10;11,7,9,11,11,14,12,6,12,7,8,6,11,10,8,11
487,10.8333333333333,21,19,16,14,14,15,14,9,15,13,13,7,52,56,5,130,10;06-10;11,12,15,12,13,9,10,10,10,8,15,11,11,15,13,14
488,10.9166666666667,12,3,4,11,12,11,18,3,9,14,2,10,64,49,4,131,10;06-10;11,7,5,9,12,12,5,12,12,10,4,10,10,6,10,8
489,10.9166666666667,29,18,20,15,14,18,22,9,11,18,11,13,82,67,7,131,10;06-10;11,17,14,12,13,14,10,15,16,13,12,13,14,18,14,10
490,10.9166666666667,17,5,3,8,12,16,13,9,9,9,7,5,43,47,3,131,10;06-10;11,10,6,7,12,9,10,8,9,7,9,9,9,5,13,8
491,10.9166666666667,18,7,4,6,7,6,13,9,10,6,7,6,50,45,5,131,10;06-10;11,10,7,6,7,9,10,5,10,7,9,9,11,6,6,9
492,10.9166666666667,17,6,4,9,8,10,15,13,7,13,5,7,53,53,2,131,10;06-10;11,10,6,8,8,10,14,10,10,8,7,10,7,6,9,7
493,10.9166666666667,14,9,5,11,10,7,14,6,10,5,3,4,77,58,2,131,10;06-10;11,8,8,9,9,9,8,5,15,6,5,11,7,7,7,9
494,10.9166666666667,17,19,13,18,12,21,17,11,15,16,11,14,61,50,5,131,10;06-10;11,10,15,15,12,11,12,13,12,13,12,10,11,13,16,14
495,10.9166666666667,23,18,16,11,10,9,26,11,16,14,6,15,31,54,4,131,10;06-10;11,13,14,9,9,17,12,12,5,14,8,10,10,15,8,15
496,10.9166666666667,17,6,9,8,7,9,11,7,7,15,3,5,10,18,1,131,10;06-10;11,10,6,7,7,8,8,13,3,7,5,5,5,10,8,7
497,10.9166666666667,16,9,7,15,4,13,24,14,15,9,6,5,58,47,0,131,10;06-10;11,9,8,12,4,16,15,8,11,7,8,9,4,9,11,14
498,10.9166666666667,22,17,12,13,7,13,10,5,8,10,8,11,60,28,2,131,10;06-10;11,12,13,11,7,6,7,8,12,11,10,6,7,12,11,7
499,11,25,13,7,17,13,12,12,6,13,18,11,8,57,62,4,132,11;00-11;05,13,10,13,12,6,7,14,10,7,12,11,8,8,11,12
500,11,14,15,6,15,15,10,14,8,7,16,2,12,47,75,7,132,11;00-11;05,7,12,11,13,7,9,11,8,10,4,13,13,7,9,7
501,11,15,19,16,18,16,15,22,5,13,16,11,12,70,67,5,132,11;00-11;05,8,15,14,14,12,6,11,13,10,12,12,10,15,13,12
502,11,21,11,14,19,13,14,20,12,7,18,13,13,44,39,7,132,11;00-11;05,11,9,15,12,11,12,14,8,11,14,6,13,13,12,7
503,11,10,17,10,15,9,13,27,13,12,9,5,8,62,57,5,132,11;00-11;05,5,13,11,9,15,13,6,11,7,7,10,10,11,11,11
504,11,31,17,16,15,17,18,17,11,9,13,14,10,64,80,5,132,11;00-11;05,17,13,11,15,9,11,9,11,8,15,15,10,15,16,8
505,11,20,16,10,11,8,8,21,11,11,15,11,4,60,68,6,132,11;00-11;05,10,12,7,9,11,11,11,11,4,12,12,11,11,8,10
506,11,23,16,10,16,14,13,26,11,12,9,12,15,59,72,7,132,11;00-11;05,12,12,12,12,14,11,6,10,12,13,13,13,11,11,11
507,11,28,14,13,16,15,11,23,13,13,12,4,18,59,83,6,132,11;00-11;05,15,11,12,13,12,13,9,10,15,6,15,11,13,10,12
508,11.0833333333333,20,18,15,16,10,12,23,16,13,14,12,16,63,47,5,133,11;00-11;05,10,14,12,10,12,15,10,11,13,13,8,10,14,11,12
509,11.0833333333333,19,15,5,10,4,12,19,11,9,13,9,15,22,52,5,133,11;00-11;05,10,12,7,5,10,11,9,4,12,10,9,10,6,11,8
510,11.0833333333333,15,12,8,12,4,13,6,6,13,10,8,4,30,48,2,133,11;00-11;05,8,10,8,5,3,7,6,5,4,10,8,5,9,11,12
511,11.0833333333333,26,17,16,14,10,9,22,15,16,19,13,17,68,67,7,133,11;00-11;05,14,13,11,10,12,14,15,12,14,14,12,13,15,8,14
512,11.0833333333333,19,11,11,14,10,12,18,12,14,18,5,15,60,68,7,133,11;00-11;05,10,9,11,10,10,12,14,11,12,7,12,13,11,11,13
513,11.0833333333333,28,17,12,20,17,15,26,13,15,17,12,15,77,72,7,133,11;00-11;05,15,13,15,15,14,13,13,14,12,13,13,13,12,13,13
514,11.0833333333333,23,15,11,16,13,11,20,9,16,16,7,14,79,76,5,133,11;00-11;05,12,12,12,12,11,9,11,14,11,9,14,10,11,10,14
515,11.0833333333333,25,15,12,13,12,6,26,7,12,16,6,16,59,71,6,133,11;00-11;05,13,12,10,12,14,8,11,10,13,8,13,11,12,6,11
516,11.0833333333333,18,14,8,13,5,7,10,2,2,8,3,7,41,39,3,133,11;00-11;05,9,11,10,6,5,3,5,7,6,5,6,7,9,7,2
517,11.1666666666667,9,10,4,9,4,6,11,4,4,11,3,9,33,42,6,134,11;00-11;05,5,7,6,5,6,5,8,6,8,5,6,11,6,6,4
518,11.1666666666667,14,7,4,2,2,5,11,10,7,9,2,5,52,61,3,134,11;00-11;05,7,5,2,5,6,10,6,9,5,4,11,7,6,5,7
519,11.1666666666667,18,13,2,7,10,7,17,14,10,13,5,14,69,57,4,134,11;00-11;05,9,10,5,10,9,14,9,12,11,7,10,8,4,7,9
520,11.1666666666667,26,13,12,19,12,12,17,18,14,17,11,12,70,76,6,134,11;00-11;05,14,10,15,12,9,17,13,13,10,12,14,11,12,11,13
521,11.1666666666667,18,16,13,12,8,14,22,8,10,13,9,10,32,30,5,134,11;00-11;05,9,12,8,9,12,9,9,6,8,10,4,10,13,12,9
522,11.1666666666667,13,8,12,13,7,8,12,11,10,9,8,15,82,70,8,134,11;00-11;05,6,6,10,8,6,11,6,15,12,10,12,15,12,8,9
523,11.1666666666667,11,3,3,8,2,6,14,9,10,14,5,12,50,46,7,134,11;00-11;05,6,2,5,5,7,9,10,9,10,7,8,13,5,6,9
524,11.1666666666667,16,12,5,16,11,13,19,10,12,14,8,8,55,78,4,134,11;00-11;05,8,10,12,11,10,10,10,10,7,10,14,8,6,11,11
525,11.25,15,14,8,6,5,13,20,9,9,7,3,7,25,50,5,135,11;00-11;05,8,11,4,6,11,9,4,4,6,5,9,10,9,11,8
526,11.25,15,8,12,16,9,13,15,11,12,14,10,17,50,57,6,135,11;00-11;05,8,6,12,9,8,11,10,9,14,11,10,11,12,11,11
527,11.25,19,17,7,11,9,17,14,8,8,12,6,9,45,42,7,135,11;00-11;05,10,13,7,9,7,9,9,8,8,8,6,13,8,14,7
528,11.25,23,11,5,11,10,6,17,10,10,11,6,5,44,25,5,135,11;00-11;05,12,9,7,10,9,10,8,8,5,8,4,10,6,6,9
529,11.25,29,17,15,16,16,13,24,13,16,16,14,13,80,73,2,135,11;00-11;05,15,13,12,14,13,13,11,15,11,15,13,5,14,11,14
530,11.25,16,13,9,16,8,9,17,4,11,18,10,11,40,35,3,135,11;00-11;05,8,10,12,9,9,5,14,7,9,11,5,7,10,8,10
531,11.25,19,6,7,8,4,3,15,12,15,10,3,11,38,38,1,135,11;00-11;05,10,4,5,5,8,12,6,7,9,5,6,3,8,4,13
532,11.25,17,6,3,14,18,20,23,8,13,18,8,13,67,58,5,135,11;00-11;05,9,4,11,16,12,9,14,12,11,10,10,10,5,18,12
533,11.25,18,19,9,13,13,13,24,8,12,12,15,12,68,63,4,135,11;00-11;05,9,15,10,12,13,9,9,12,10,17,11,8,10,11,11
534,11.3333333333333,21,19,10,13,12,15,22,9,13,18,7,9,48,60,4,136,11;00-11;05,11,15,10,12,12,9,14,8,8,9,11,8,11,13,12
535,11.3333333333333,9,11,8,12,5,8,13,3,6,14,13,5,53,51,2,136,11;00-11;05,5,9,8,6,7,4,10,9,5,14,9,5,9,8,6
536,11.3333333333333,26,17,12,16,16,13,15,8,9,18,12,15,71,52,7,136,11;00-11;05,14,13,12,14,8,9,14,13,12,13,9,13,12,11,8
537,11.3333333333333,18,9,7,20,10,5,12,9,5,11,9,7,69,44,5,136,11;00-11;05,9,6,15,10,6,9,8,12,6,10,8,10,8,5,5
538,11.3333333333333,22,8,6,9,6,11,22,10,14,12,8,7,72,48,4,136,11;00-11;05,11,6,6,7,12,10,9,13,6,10,8,8,7,10,13
539,11.4166666666667,16,13,6,9,9,14,17,6,14,11,7,12,41,43,1,137,11;00-11;05,8,10,6,9,9,7,8,7,10,9,6,3,7,12,13
540,11.4166666666667,27,11,16,19,11,13,23,13,15,21,9,15,72,65,7,137,11;00-11;05,14,9,15,11,12,13,16,13,12,10,11,13,15,11,13
541,11.4166666666667,28,17,14,14,10,14,25,9,17,7,9,18,76,68,8,137,11;00-11;05,15,13,11,10,14,9,4,14,15,10,12,15,13,12,15
542,11.4166666666667,22,8,12,17,14,11,14,8,10,18,10,10,60,40,5,137,11;00-11;05,11,6,13,12,7,9,14,11,8,11,6,10,12,10,9
543,11.4166666666667,17,11,11,16,9,13,26,8,15,12,9,9,59,57,2,137,11;00-11;05,9,9,12,9,14,9,9,10,8,10,10,5,11,11,13
544,11.4166666666667,16,9,5,14,6,11,11,9,10,14,12,16,82,68,4,137,11;00-11;05,8,6,11,7,6,9,10,15,13,13,12,8,6,10,9
545,11.4166666666667,17,19,11,16,8,10,26,13,11,14,9,17,78,82,6,137,11;00-11;05,9,15,12,9,14,13,10,14,14,10,15,11,11,9,10
546,11.4166666666667,18,15,9,14,12,6,24,8,13,15,9,15,61,52,5,137,11;00-11;05,9,12,11,12,13,9,11,11,12,10,9,10,10,6,12
547,11.5,14,11,11,12,10,14,16,10,10,9,6,11,62,72,7,138,11;06-11;11,6,8,9,8,8,11,7,11,10,8,12,13,10,12,8
548,11.5,8,13,8,6,11,8,12,9,11,6,4,5,56,42,1,138,11;06-11;11,3,9,5,9,6,10,4,10,6,6,6,3,8,7,9
549,11.5,24,17,15,15,13,10,17,13,10,21,16,16,81,61,4,138,11;06-11;11,12,12,10,12,10,14,15,14,13,17,10,8,14,8,8
550,11.5,23,10,13,6,12,4,20,10,4,7,10,7,63,50,5,138,11;06-11;11,11,7,5,11,12,11,5,11,7,11,8,10,12,3,2
551,11.5,26,6,10,13,8,12,16,9,15,12,6,6,46,41,7,138,11;06-11;11,13,3,9,6,8,10,9,8,6,8,6,13,10,11,13
552,11.5,28,20,18,23,18,21,21,17,17,17,11,16,81,73,7,138,11;06-11;11,14,16,17,17,12,16,12,14,13,12,12,13,16,17,15
553,11.5,25,18,13,22,12,17,20,9,14,16,7,18,83,72,8,138,11;06-11;11,12,14,16,11,12,10,11,14,15,9,12,15,12,14,12
554,11.5,26,15,6,14,16,5,19,12,14,15,8,6,57,63,6,138,11;06-11;11,13,11,10,15,11,13,11,10,6,10,10,11,6,4,12
555,11.5,26,17,15,19,14,14,24,12,15,16,14,15,83,82,6,138,11;06-11;11,13,12,14,12,14,13,11,14,13,14,14,11,14,12,13
556,11.5,19,14,10,19,11,11,12,5,12,15,1,5,56,29,2,138,11;06-11;11,9,10,14,9,6,6,11,10,6,3,5,5,10,9,10
557,11.5,25,13,8,17,8,12,21,11,15,11,5,17,78,75,5,138,11;06-11;11,12,9,12,6,12,12,8,13,14,7,12,10,8,11,13
558,11.5,19,14,12,18,13,13,17,8,15,17,12,8,69,58,6,138,11;06-11;11,9,10,13,12,10,9,12,12,8,12,9,11,11,11,13
559,11.5,23,11,12,10,13,12,21,13,13,10,6,15,65,55,2,138,11;06-11;11,11,8,8,12,12,14,7,11,13,8,9,5,11,11,11
560,11.5,12,7,4,11,8,7,6,6,10,5,5,6,32,21,2,138,11;06-11;11,5,4,8,6,3,7,4,6,6,7,4,5,4,6,8
561,11.5833333333333,21,11,11,7,11,10,19,5,11,11,5,7,33,48,5,139,11;06-11;11,10,8,6,9,11,6,8,6,7,7,7,10,10,8,9
562,11.5833333333333,24,17,7,16,12,19,18,5,11,20,10,10,64,77,7,139,11;06-11;11,12,12,11,11,11,6,14,11,9,11,13,13,7,16,9
563,11.5833333333333,15,8,5,6,9,6,18,4,11,8,9,6,12,45,6,139,11;06-11;11,7,6,5,6,11,5,6,3,6,10,7,11,5,5,9
564,11.5833333333333,25,18,11,20,15,22,24,13,16,19,12,12,62,64,8,139,11;06-11;11,12,14,14,13,14,14,14,11,11,12,10,15,10,18,14
565,11.5833333333333,20,10,8,18,10,15,24,9,15,19,10,14,75,60,7,139,11;06-11;11,9,7,13,8,14,10,14,13,12,11,10,13,8,13,13
566,11.5833333333333,23,17,12,18,12,14,23,13,15,18,12,15,78,88,4,139,11;06-11;11,11,12,13,11,13,14,13,13,13,12,15,8,11,12,13
567,11.5833333333333,10,6,9,8,5,8,12,5,12,10,6,8,38,25,4,139,11;06-11;11,4,3,6,2,6,6,7,7,8,8,5,8,9,7,10
568,11.5833333333333,18,15,11,14,11,7,14,6,10,17,12,7,59,68,5,139,11;06-11;11,8,11,10,9,7,7,12,10,7,12,11,10,10,6,8
569,11.5833333333333,22,15,10,13,9,15,21,4,16,13,13,11,53,77,4,139,11;06-11;11,10,11,9,6,12,5,9,9,10,13,13,8,10,13,14
570,11.5833333333333,27,16,15,14,16,15,18,9,12,13,10,8,45,48,6,139,11;06-11;11,13,11,10,15,11,10,9,8,8,11,7,11,14,13,10
571,11.6666666666667,16,13,12,15,9,10,15,10,9,6,7,13,58,80,5,140,11;06-11;11,7,9,10,6,8,11,4,10,12,9,14,10,11,8,6
572,11.6666666666667,27,14,15,14,13,14,24,17,16,19,13,14,73,93,4,140,11;06-11;11,13,10,10,12,14,16,14,13,12,13,17,8,14,12,14
573,11.6666666666667,23,14,5,7,14,10,16,11,8,20,5,6,52,65,4,140,11;06-11;11,11,10,6,12,8,12,14,9,6,7,10,8,5,8,5
574,11.6666666666667,18,14,10,13,14,11,17,5,14,18,14,7,56,47,7,140,11;06-11;11,8,10,9,12,10,6,13,10,7,14,7,13,10,9,12
575,11.6666666666667,21,16,15,10,10,12,18,9,12,20,8,12,65,60,8,140,11;06-11;11,10,11,8,8,11,10,14,11,11,10,10,15,14,11,10
576,11.6666666666667,14,17,11,16,12,8,24,9,14,19,11,16,50,62,4,140,11;06-11;11,6,12,11,11,14,10,14,9,13,12,10,8,10,7,12
577,11.6666666666667,14,17,10,14,5,13,26,8,18,19,15,15,50,37,8,140,11;06-11;11,6,12,10,2,15,9,14,9,13,16,5,15,10,11,16
578,11.6666666666667,22,7,6,10,12,12,21,8,14,19,3,13,48,51,6,140,11;06-11;11,10,4,8,11,12,9,14,8,12,5,8,11,6,11,12
579,11.75,19,15,12,15,15,14,22,8,13,9,10,16,39,49,8,141,11;06-11;11,9,11,10,13,13,9,7,7,13,11,8,15,11,12,11
580,11.75,20,13,10,12,14,10,11,5,7,10,10,15,62,62,8,141,11;06-11;11,9,9,9,12,6,6,7,11,13,11,10,15,10,8,5
581,11.75,16,12,8,15,7,11,12,11,10,12,6,8,43,74,3,141,11;06-11;11,7,9,10,5,6,12,9,8,8,8,12,7,8,9,8
582,11.75,12,12,9,14,10,11,10,4,7,9,3,10,41,37,3,141,11;06-11;11,5,9,10,8,5,5,7,7,9,5,5,7,9,9,5
583,11.75,23,10,8,7,11,7,22,8,10,13,4,13,24,67,6,141,11;06-11;11,11,7,6,9,13,9,9,4,12,6,11,11,8,6,8
584,11.75,16,17,10,11,12,6,12,5,12,14,6,10,82,68,4,141,11;06-11;11,7,12,8,11,6,6,10,14,9,8,11,8,10,5,10
585,11.75,27,18,12,19,16,13,17,8,15,17,13,17,60,74,8,141,11;06-11;11,13,14,14,15,10,9,12,11,14,13,12,15,11,11,13
586,11.8333333333333,23,8,15,12,11,11,19,14,14,6,8,7,43,55,4,142,11;06-11;11,11,6,9,9,11,15,4,8,7,10,9,8,14,9,12
587,11.8333333333333,30,12,14,17,13,9,16,15,11,18,7,8,72,69,3,142,11;06-11;11,15,9,12,12,8,15,13,13,8,9,11,7,13,7,9
588,11.8333333333333,20,12,6,12,14,7,14,10,9,13,4,10,55,52,4,142,11;06-11;11,9,9,9,12,7,11,9,10,9,6,8,8,6,6,6
589,11.8333333333333,28,17,12,20,14,18,17,12,15,13,14,16,54,40,5,142,11;06-11;11,14,12,14,12,10,13,9,10,13,14,6,10,11,15,13
590,11.8333333333333,12,13,4,6,9,11,14,5,7,5,5,9,25,41,5,142,11;06-11;11,5,9,5,6,7,6,4,4,9,7,6,10,4,9,5
591,11.8333333333333,30,15,10,7,10,14,23,5,15,13,7,5,45,52,6,142,11;06-11;11,15,11,6,8,13,6,9,8,6,9,8,11,10,12,13
592,11.8333333333333,18,20,9,21,13,15,20,9,15,18,13,9,62,67,5,142,11;06-11;11,8,16,15,12,12,10,13,11,9,13,11,10,9,13,13
593,11.9166666666667,23,15,10,16,14,17,25,10,11,19,11,10,72,62,3,143,11;06-11;11,11,11,11,12,15,11,14,13,9,12,10,7,10,14,9
594,11.9166666666667,21,16,11,12,13,9,20,10,10,17,10,13,73,72,7,143,11;06-11;11,10,11,9,12,12,11,12,13,12,11,12,13,10,7,8
595,11.9166666666667,22,15,11,13,10,9,15,9,10,13,13,20,74,61,7,143,11;06-11;11,10,11,9,8,8,10,9,13,17,13,10,13,10,7,8
596,11.9166666666667,19,20,18,18,14,18,14,15,15,17,11,13,82,92,5,143,11;06-11;11,9,16,13,12,7,15,12,14,12,12,16,10,16,15,13
597,11.9166666666667,17,12,7,18,13,13,19,10,15,11,8,17,79,86,8,143,11;06-11;11,8,9,13,12,11,11,8,13,14,10,15,15,7,11,13
598,11.9166666666667,13,10,9,14,14,14,9,10,9,14,10,8,70,70,5,143,11;06-11;11,5,7,10,12,4,11,10,13,8,11,11,10,9,12,6
599,12,28,20,14,19,15,18,30,14,17,20,10,15,62,76,5,144,12;00-12;05,14,15,14,12,16,14,14,10,12,10,13,10,13,15,15
600,12,18,16,9,11,5,11,12,6,11,15,9,3,55,49,4,144,12;00-12;05,8,11,6,4,6,6,11,9,3,9,8,8,9,9,9
601,12,20,11,9,21,14,12,18,13,10,16,11,13,53,58,8,144,12;00-12;05,9,8,15,11,10,13,11,8,11,11,9,15,9,10,8
602,12,10,7,6,3,7,9,9,7,7,2,9,5,58,40,1,144,12;00-12;05,4,5,1,6,4,7,3,9,5,9,6,3,6,7,6
603,12,22,15,13,14,14,16,28,15,11,14,8,14,70,82,4,144,12;00-12;05,10,11,9,11,15,14,10,12,11,9,14,8,12,14,9
604,12,29,19,15,19,18,14,26,14,17,18,11,13,84,83,7,144,12;00-12;05,14,14,14,15,14,14,13,16,11,11,14,13,14,12,15
605,12.0833333333333,30,21,14,18,17,16,20,9,13,19,15,18,87,80,7,145,12;00-12;05,14,15,13,14,11,9,14,16,16,17,14,13,13,14,11
606,12.0833333333333,24,13,10,12,14,9,27,5,11,18,7,12,61,76,3,145,12;00-12;05,12,9,7,11,14,5,13,10,10,8,13,7,10,7,9
607,12.0833333333333,29,16,8,14,10,13,22,12,10,12,10,10,69,65,7,145,12;00-12;05,14,11,9,8,12,12,9,11,8,10,10,13,8,10,8
608,12.0833333333333,21,18,18,12,16,12,24,10,11,17,14,13,66,75,2,145,12;00-12;05,10,13,7,13,13,10,12,11,11,15,12,5,16,10,9
609,12.0833333333333,26,13,15,18,10,19,16,11,14,15,12,11,74,70,8,145,12;00-12;05,13,9,13,8,8,11,11,12,9,13,11,15,14,16,12
610,12.0833333333333,27,13,11,18,13,14,19,9,13,20,9,9,81,51,6,145,12;00-12;05,13,9,13,11,10,9,14,15,8,9,8,11,10,12,11
611,12.0833333333333,21,15,9,21,7,11,18,10,5,14,7,17,66,29,5,145,12;00-12;05,10,11,15,6,10,10,10,11,15,8,4,10,9,9,4
612,12.0833333333333,21,14,14,16,12,11,22,11,18,8,12,16,81,76,8,145,12;00-12;05,10,10,11,10,12,11,7,15,13,13,13,15,13,9,16
613,12.0833333333333,26,13,7,12,12,10,12,6,11,12,8,8,57,34,4,145,12;00-12;05,13,9,7,10,6,6,9,9,7,9,5,8,7,8,9
614,12.1666666666667,17,13,7,14,11,5,15,10,8,15,5,16,67,73,6,146,12;00-12;05,8,9,9,9,8,10,11,11,13,5,12,11,7,4,6
615,12.1666666666667,16,8,10,16,9,11,19,8,11,12,11,16,67,58,7,146,12;00-12;05,7,6,11,7,10,8,9,11,13,11,9,13,10,9,9
616,12.1666666666667,16,14,7,16,11,17,16,8,12,12,9,13,86,64,6,146,12;00-12;05,7,10,11,9,8,8,9,16,11,9,10,11,7,14,10
617,12.1666666666667,24,11,9,12,13,11,17,4,14,9,8,10,40,34,5,146,12;00-12;05,12,8,7,11,9,4,7,5,8,9,5,10,9,9,12
618,12.1666666666667,19,10,10,18,14,11,18,11,10,9,8,11,82,69,5,146,12;00-12;05,9,7,13,11,10,11,7,15,9,9,11,10,10,9,8
619,12.1666666666667,29,21,13,16,8,12,24,10,11,13,10,17,56,45,3,146,12;00-12;05,14,15,11,7,13,10,9,9,15,10,7,7,12,10,9
620,12.1666666666667,17,10,7,14,13,15,20,14,13,15,9,15,49,48,8,146,12;00-12;05,8,7,9,11,11,14,11,8,12,9,7,15,7,13,11
621,12.25,25,15,14,17,12,8,17,13,11,11,14,12,64,69,4,147,12;00-12;05,12,11,12,10,9,13,8,10,10,15,11,8,13,7,9
622,12.25,27,15,9,21,16,14,24,15,14,22,14,16,68,80,8,147,12;00-12;05,13,11,15,13,13,14,15,11,13,15,14,15,9,12,12
623,12.25,19,11,9,12,6,11,14,8,15,12,6,7,48,55,3,147,12;00-12;05,9,8,7,5,7,8,9,6,6,6,9,7,9,9,13
624,12.25,6,8,8,18,8,11,17,5,11,11,7,8,63,72,4,147,12;00-12;05,2,6,13,7,9,5,8,10,7,8,12,8,8,9,9
625,12.25,24,20,14,19,16,13,18,13,8,6,4,14,71,65,5,147,12;00-12;05,12,15,14,13,10,13,5,12,11,4,10,10,13,10,6
626,12.25,18,12,15,17,19,11,18,9,13,15,10,9,48,41,5,147,12;00-12;05,8,9,12,16,10,9,11,6,8,10,6,10,14,9,11
627,12.25,15,14,8,12,13,8,18,12,13,9,8,10,58,50,3,147,12;00-12;05,7,10,7,11,10,12,7,9,8,9,8,7,8,7,11
628,12.25,21,13,5,16,15,12,30,14,15,23,13,16,68,65,5,147,12;00-12;05,10,9,11,12,16,14,16,11,13,14,10,10,5,10,13
629,12.25,12,8,4,16,9,9,8,5,7,9,5,14,25,30,2,147,12;00-12;05,5,6,11,7,4,5,7,2,11,5,4,5,4,7,6
630,12.25,20,13,12,15,12,8,22,12,13,12,11,11,69,43,5,147,12;00-12;05,9,9,9,10,12,12,9,11,9,11,6,10,11,7,11
631,12.25,26,13,14,14,8,7,19,8,10,20,13,14,32,50,5,147,12;00-12;05,13,9,9,7,10,8,14,4,11,14,8,10,13,6,8
632,12.3333333333333,22,12,7,18,11,13,18,9,16,14,9,7,49,66,5,148,12;00-12;05,10,9,13,9,10,9,10,8,6,9,11,10,7,10,14
633,12.3333333333333,23,11,7,18,14,13,25,7,12,17,14,9,74,66,8,148,12;00-12;05,11,8,13,11,14,7,12,12,8,15,11,15,7,10,10
634,12.3333333333333,22,16,10,14,9,13,22,8,11,20,11,7,60,77,5,148,12;00-12;05,10,11,9,7,12,8,14,10,6,11,13,10,10,10,9
635,12.3333333333333,27,14,13,15,16,15,21,13,13,20,12,13,43,53,7,148,12;00-12;05,13,10,9,13,11,13,14,6,11,13,8,13,12,13,11
636,12.3333333333333,21,9,3,12,10,10,12,9,14,7,9,9,63,50,6,148,12;00-12;05,10,6,7,8,6,9,6,10,8,9,8,11,3,8,12
637,12.3333333333333,22,15,12,22,13,16,24,10,14,12,7,14,77,80,2,148,12;00-12;05,10,11,16,11,13,10,9,13,11,8,14,5,11,14,12
638,12.3333333333333,24,18,14,14,10,16,18,6,10,10,10,9,41,59,7,148,12;00-12;05,12,13,9,8,10,6,7,5,8,10,9,13,13,14,8
639,12.3333333333333,24,10,11,12,10,14,19,15,10,9,9,8,65,71,4,148,12;00-12;05,12,7,7,8,10,14,7,10,7,9,12,8,10,12,8
640,12.3333333333333,13,17,16,9,12,7,21,15,12,16,13,8,55,70,5,148,12;00-12;05,5,12,5,10,11,14,11,9,7,14,11,10,15,6,10
641,12.3333333333333,24,16,10,16,12,12,21,9,13,23,13,16,60,69,6,148,12;00-12;05,12,11,11,10,11,9,16,10,13,14,11,11,10,10,11
642,12.3333333333333,23,19,12,20,18,10,26,14,18,18,13,14,73,71,5,148,12;00-12;05,11,14,14,15,14,14,13,12,11,14,12,10,11,8,16
643,12.3333333333333,31,22,12,16,18,20,20,12,17,14,10,18,72,78,8,148,12;00-12;05,15,16,11,15,11,12,10,12,16,10,13,15,11,17,15
644,12.3333333333333,31,20,15,15,16,12,13,9,12,17,11,12,28,69,6,148,12;00-12;05,15,15,9,13,7,9,12,3,10,11,11,11,14,10,10
645,12.3333333333333,17,17,8,14,14,11,23,7,10,11,8,10,65,54,4,148,12;00-12;05,8,12,9,11,12,7,8,10,8,9,8,8,8,9,8
646,12.3333333333333,22,10,12,15,10,11,5,9,5,6,5,12,61,58,5,148,12;00-12;05,10,7,9,8,2,9,5,10,10,5,9,10,11,9,4
647,12.4166666666667,26,14,10,15,5,15,16,9,11,8,11,9,59,50,5,149,12;00-12;05,13,10,9,4,8,9,7,9,8,11,8,10,10,13,9
648,12.4166666666667,12,10,10,10,7,4,11,3,17,6,7,6,60,46,7,149,12;00-12;05,5,7,6,6,6,3,5,10,5,8,7,13,10,2,15
649,12.4166666666667,7,7,3,9,7,4,9,11,6,8,5,7,60,52,4,149,12;00-12;05,3,5,5,6,4,11,7,10,6,5,8,8,3,2,5
650,12.4166666666667,23,14,13,11,14,12,25,15,15,15,12,15,73,83,4,149,12;00-12;05,11,10,6,11,14,14,11,12,12,13,14,8,12,10,13
651,12.4166666666667,25,11,11,13,13,11,14,9,14,11,5,10,65,62,7,149,12;00-12;05,12,8,8,11,7,9,8,10,8,5,10,13,10,9,12
652,12.4166666666667,25,17,10,14,14,11,26,11,10,17,7,16,52,84,6,149,12;00-12;05,12,12,9,11,14,11,12,8,13,8,14,11,10,9,8
653,12.4166666666667,23,10,14,13,15,10,20,6,12,13,6,12,59,50,8,149,12;00-12;05,11,7,8,12,11,6,9,9,10,6,8,15,13,8,10
654,12.4166666666667,16,13,9,11,10,11,15,12,13,6,10,9,65,59,4,149,12;00-12;05,7,9,6,8,8,12,5,10,8,10,9,8,9,9,11
655,12.4166666666667,27,18,14,20,18,14,19,11,14,18,9,17,82,78,3,149,12;00-12;05,13,13,14,15,10,11,13,15,15,9,13,7,13,12,12
656,12.4166666666667,25,18,12,15,15,15,22,13,11,18,13,14,72,43,5,149,12;00-12;05,12,13,9,12,12,13,13,12,11,14,6,10,11,13,9
657,12.5,28,13,12,12,13,9,27,10,15,13,12,10,66,50,6,150,12;06-12;11,14,9,8,11,15,10,9,11,9,13,7,12,11,8,13
658,12.5,27,17,13,20,15,12,23,13,9,15,13,15,56,52,2,150,12;06-12;11,13,12,14,12,12,13,11,9,13,14,7,4,12,10,7
659,12.5,21,11,10,14,10,11,16,7,11,12,11,7,77,65,5,150,12;06-12;11,10,7,10,8,8,7,9,13,7,12,10,11,10,10,9
660,12.5,24,14,13,13,10,11,10,4,10,17,9,16,52,60,3,150,12;06-12;11,12,10,9,8,6,4,12,8,14,9,10,7,12,10,8
661,12.5,19,15,11,17,11,10,18,10,12,13,4,9,60,65,7,150,12;06-12;11,8,11,12,9,10,10,9,10,9,5,10,14,10,9,10
662,12.5,25,10,8,6,8,7,22,12,15,15,3,7,36,47,3,150,12;06-12;11,12,6,4,7,12,12,11,4,7,4,6,7,8,7,13
663,12.5,23,17,10,21,16,14,18,12,18,16,12,11,63,78,3,150,12;06-12;11,11,12,15,13,10,12,11,10,10,13,13,7,10,11,16
664,12.5,24,12,4,13,12,10,16,10,11,9,14,12,66,70,5,150,12;06-12;11,12,9,9,10,8,10,7,11,11,15,11,11,4,9,9
665,12.5833333333333,27,12,11,10,4,4,12,13,12,8,7,10,25,25,3,151,12;06-12;11,13,9,7,3,7,13,5,2,9,8,3,7,10,4,10
666,12.5833333333333,29,14,9,16,16,7,24,12,10,17,11,15,59,71,5,151,12;06-12;11,14,10,11,13,13,12,12,9,13,12,12,11,9,7,8
667,12.5833333333333,25,17,9,15,12,16,24,9,13,14,9,8,69,68,6,151,12;06-12;11,12,12,10,10,13,9,10,11,8,9,11,12,9,13,11
668,12.5833333333333,24,9,10,11,15,8,14,11,9,8,11,12,52,60,5,151,12;06-12;11,12,5,7,12,8,11,5,8,11,12,10,11,10,8,7
669,12.5833333333333,19,17,14,16,11,16,24,14,12,14,9,16,64,79,6,151,12;06-12;11,8,12,11,9,13,14,10,10,14,9,13,12,13,13,10
670,12.5833333333333,23,15,10,19,14,17,15,6,10,13,7,8,71,36,6,151,12;06-12;11,11,11,14,11,8,6,9,12,8,8,4,12,10,13,8
671,12.6666666666667,23,11,8,16,18,16,23,7,10,18,9,12,35,61,5,152,12;06-12;11,11,7,11,15,12,7,14,4,11,9,10,11,8,13,8
672,12.6666666666667,29,15,12,15,14,20,24,12,11,18,14,18,67,66,6,152,12;06-12;11,14,11,10,11,13,12,14,11,16,15,11,12,11,16,9
673,12.6666666666667,18,15,7,15,11,12,15,18,12,12,6,12,62,55,5,152,12;06-12;11,7,11,10,9,8,17,9,10,11,7,9,11,7,10,10
674,12.6666666666667,14,17,12,16,11,13,20,7,12,18,13,5,67,44,5,152,12;06-12;11,5,12,11,9,11,7,14,11,6,14,6,11,11,10,10
675,12.6666666666667,24,19,14,14,17,14,20,13,15,11,10,17,76,82,4,152,12;06-12;11,12,15,10,14,11,13,8,13,15,11,14,8,13,11,13
676,12.6666666666667,14,12,8,13,14,13,10,5,14,7,3,11,39,63,8,152,12;06-12;11,5,9,9,11,6,5,4,5,10,4,10,17,8,10,12
677,12.6666666666667,16,14,9,8,10,8,14,8,15,13,10,4,53,46,5,152,12;06-12;11,6,10,5,8,8,8,9,8,5,11,6,11,9,8,13
678,12.6666666666667,18,9,9,20,13,14,15,11,10,12,9,17,82,67,6,152,12;06-12;11,7,5,14,11,8,11,9,14,15,9,11,12,9,11,8
679,12.6666666666667,16,9,7,8,4,6,13,12,11,13,3,9,69,54,3,152,12;06-12;11,6,5,5,3,8,12,9,11,9,4,7,7,7,6,9
680,12.75,17,11,5,18,10,9,13,5,6,13,4,3,54,67,2,153,12;06-12;11,7,7,13,8,8,5,9,9,4,5,11,4,5,8,4
681,12.75,26,15,15,20,18,11,11,13,8,11,10,10,61,34,2,153,12;06-12;11,13,11,14,15,7,13,8,10,9,11,4,4,14,10,5
682,12.75,24,21,5,20,15,11,26,12,13,12,6,8,77,78,5,153,12;06-12;11,12,16,14,12,14,12,9,13,8,7,13,11,5,10,11
683,12.75,28,18,16,19,18,21,26,18,14,17,11,18,86,77,6,153,12;06-12;11,14,14,14,15,14,17,12,15,16,12,13,12,15,16,12
684,12.75,14,10,5,12,8,11,13,4,11,8,9,9,40,53,4,153,12;06-12;11,5,6,8,7,8,4,5,5,9,9,7,8,5,10,9
685,12.75,22,14,14,12,17,5,17,6,14,10,8,10,84,65,5,153,12;06-12;11,10,10,8,14,9,6,7,15,9,9,10,11,13,5,12
686,12.75,20,16,11,15,15,14,25,9,13,10,10,11,54,62,5,153,12;06-12;11,8,11,10,12,14,9,7,9,10,11,10,11,10,11,11
687,12.75,18,15,16,15,14,7,20,12,17,18,13,6,73,80,4,153,12;06-12;11,7,11,10,11,11,12,14,12,6,14,14,8,15,7,15
688,12.75,28,16,16,19,14,20,25,15,15,13,6,14,60,92,6,153,12;06-12;11,14,11,14,11,14,14,9,10,12,7,16,12,15,16,13
689,12.75,28,16,18,22,19,15,20,11,18,17,9,18,84,82,4,153,12;06-12;11,14,11,16,16,11,11,12,15,16,9,14,8,16,12,16
690,12.75,29,18,13,15,16,17,26,11,12,22,15,17,50,76,7,153,12;06-12;11,14,14,10,13,14,11,17,8,15,17,13,14,12,13,10
691,12.75,31,20,16,21,18,14,27,13,16,21,12,16,82,73,3,153,12;06-12;11,16,16,15,15,15,13,16,14,14,13,12,7,15,11,14
692,12.75,21,15,8,13,10,8,12,7,6,14,9,13,48,45,7,153,12;06-12;11,10,11,9,8,7,7,10,6,12,9,6,14,8,8,4
693,12.8333333333333,25,12,6,10,12,16,17,9,11,13,10,11,61,69,5,154,12;06-12;11,12,9,7,10,9,9,9,10,10,11,11,11,6,13,9
694,12.8333333333333,13,6,4,12,13,13,10,10,13,17,7,7,74,63,4,154,12;06-12;11,4,3,8,11,6,10,12,12,7,8,10,8,4,10,11
695,12.8333333333333,22,17,11,15,15,12,25,10,8,15,10,14,65,80,4,154,12;06-12;11,10,12,10,12,14,10,11,10,12,11,14,8,10,10,5
696,12.8333333333333,15,10,8,5,6,5,9,11,11,9,6,15,45,57,4,154,12;06-12;11,6,6,3,5,5,11,7,6,13,7,9,8,8,5,9
697,12.8333333333333,25,10,11,10,6,8,26,8,11,15,10,12,72,67,3,154,12;06-12;11,12,6,7,5,14,8,11,12,11,11,11,7,10,8,9
698,12.8333333333333,22,14,12,15,18,18,16,15,18,16,16,12,66,57,6,154,12;06-12;11,10,10,10,15,8,14,11,11,11,18,9,12,11,14,16
699,12.9166666666667,17,15,14,12,11,12,17,9,10,19,12,9,53,43,5,155,12;06-12;11,7,11,8,9,9,9,15,8,9,13,5,11,13,10,8
700,12.9166666666667,25,15,10,19,17,14,30,9,19,19,12,6,82,85,3,155,12;06-12;11,12,11,14,14,16,9,15,14,6,13,15,7,10,11,17
701,12.9166666666667,18,14,10,10,10,11,9,8,12,14,11,14,75,60,6,155,12;06-12;11,7,10,7,8,5,8,10,13,12,12,10,12,10,10,10
702,12.9166666666667,18,13,4,15,14,11,11,7,8,11,6,11,58,65,4,155,12;06-12;11,7,9,10,11,7,7,8,9,10,7,10,8,4,10,5
703,12.9166666666667,27,18,11,18,16,15,22,15,18,19,12,16,77,79,7,155,12;06-12;11,13,14,13,13,12,14,15,13,14,13,13,14,10,12,16
704,12.9166666666667,25,16,9,18,12,8,22,8,13,17,10,16,59,74,3,155,12;06-12;11,12,11,13,10,12,8,12,9,14,11,12,7,9,8,11
705,12.9166666666667,24,15,11,16,13,9,21,11,14,11,5,12,68,57,5,155,12;06-12;11,12,11,11,11,11,11,8,11,11,6,9,11,10,8,12
706,12.9166666666667,19,19,14,19,10,12,15,12,15,7,9,8,54,66,7,155,12;06-12;11,8,15,14,8,8,12,4,9,8,9,11,14,13,10,13
707,12.9166666666667,15,6,7,12,8,12,11,7,11,11,8,7,53,58,6,155,12;06-12;11,6,3,8,7,7,7,8,8,7,9,9,12,7,10,9
708,12.9166666666667,19,15,7,17,12,6,13,9,12,14,8,10,62,49,7,155,12;06-12;11,8,11,12,10,8,9,10,10,9,9,7,14,7,6,10
709,12.9166666666667,14,14,6,10,11,11,8,5,10,12,6,11,53,80,1,155,12;06-12;11,5,10,7,9,5,5,9,8,10,7,14,2,6,10,8
710,12.9166666666667,24,13,13,19,14,13,23,10,14,13,4,10,86,58,6,155,12;06-12;11,12,9,14,11,12,10,9,15,9,5,9,12,12,10,12
711,13,18,11,11,15,13,14,18,8,13,11,10,14,53,52,5,156,13;00-13;05,7,8,10,11,9,8,8,7,10,10,8,11,10,11,11
712,13,15,16,6,16,9,15,18,7,10,15,16,14,68,75,3,156,13;00-13;05,6,11,11,7,9,7,11,11,10,17,12,8,6,12,8
713,13,23,11,8,15,13,11,25,10,11,17,13,15,72,71,7,156,13;00-13;05,10,8,10,11,13,10,12,12,11,13,12,14,8,9,9
714,13,27,13,15,16,15,16,30,13,17,16,15,18,79,70,3,156,13;00-13;05,13,9,11,12,17,14,11,13,15,16,11,8,14,13,15
715,13,19,14,10,15,15,14,29,11,16,14,11,16,43,43,4,156,13;00-13;05,8,10,10,12,16,11,10,6,13,11,5,9,10,11,14
716,13,23,12,14,15,16,19,15,12,15,14,11,11,84,66,7,156,13;00-13;05,10,9,10,13,7,13,10,15,8,11,11,14,13,15,13
717,13,30,17,14,11,9,16,24,10,10,15,10,16,64,59,6,156,13;00-13;05,15,12,6,7,12,10,11,9,13,10,9,12,13,13,8
718,13.0833333333333,25,12,10,14,14,6,23,12,11,15,9,13,68,55,4,157,13;00-13;05,12,9,10,11,11,13,11,11,10,9,9,9,10,5,9
719,13.0833333333333,21,8,11,17,15,14,13,8,10,17,11,13,58,70,7,157,13;00-13;05,9,5,12,12,6,8,12,8,10,11,11,14,10,11,8
720,13.0833333333333,25,18,9,11,15,7,21,12,15,11,11,8,61,81,2,157,13;00-13;05,12,13,6,12,10,13,8,9,6,11,14,6,9,6,13
721,13.1666666666667,21,14,5,15,11,14,18,9,12,10,6,13,58,42,1,158,13;00-13;05,9,10,10,9,9,9,6,8,10,7,5,3,5,11,10
722,13.1666666666667,18,14,12,14,9,9,19,9,9,13,13,12,66,75,3,158,13;00-13;05,7,10,10,7,9,9,9,11,9,13,12,8,11,7,7
723,13.1666666666667,26,17,12,16,16,7,20,9,10,17,8,14,70,65,7,158,13;00-13;05,13,12,11,13,10,9,12,12,10,9,10,14,11,6,8
724,13.1666666666667,20,12,12,19,12,17,20,13,8,20,12,13,76,78,5,158,13;00-13;05,8,9,14,10,10,14,14,13,10,12,13,11,11,13,6
725,13.1666666666667,20,14,13,14,10,13,26,10,12,17,11,7,79,58,4,158,13;00-13;05,8,10,10,8,13,10,12,13,5,11,9,9,12,10,10
726,13.1666666666667,21,18,15,14,11,11,22,17,10,15,14,11,60,61,6,158,13;00-13;05,9,13,10,9,11,17,11,9,8,14,10,12,14,9,8
727,13.1666666666667,15,7,7,13,13,12,18,8,11,13,5,14,53,50,6,158,13;00-13;05,6,4,9,11,9,8,9,7,10,5,8,12,7,10,9
728,13.1666666666667,17,11,6,7,11,19,20,10,14,16,6,13,34,38,5,158,13;00-13;05,7,8,4,9,10,10,11,3,10,7,5,11,6,15,12
729,13.1666666666667,27,14,9,12,13,9,22,8,16,13,9,5,65,54,5,158,13;00-13;05,13,10,7,11,11,8,9,9,4,9,8,11,9,7,14
730,13.25,17,7,4,7,4,6,15,6,13,7,7,4,48,28,1,159,13;00-13;05,7,4,4,3,7,6,4,6,2,8,3,3,4,5,11
731,13.25,30,21,16,21,16,8,27,11,7,13,10,13,85,55,3,159,13;00-13;05,15,15,15,13,15,11,9,15,10,10,9,8,15,7,6
732,13.25,19,13,9,13,6,7,21,6,12,15,8,10,57,52,5,159,13;00-13;05,8,9,9,5,10,6,11,8,7,9,8,11,9,6,10
733,13.25,28,17,10,15,16,10,12,8,12,10,9,13,55,69,3,159,13;00-13;05,14,12,10,13,4,8,6,8,10,9,11,8,10,8,10
734,13.25,20,16,5,12,14,8,20,7,11,13,11,15,78,83,5,159,13;00-13;05,8,11,7,11,10,7,9,13,11,11,14,11,5,7,9
735,13.25,31,19,16,21,18,16,25,15,20,22,15,19,84,83,8,159,13;00-13;05,16,14,15,15,13,15,17,15,16,16,14,16,15,13,18
736,13.25,26,10,10,15,14,16,19,7,12,13,4,17,65,63,7,159,13;00-13;05,13,7,10,11,9,7,9,9,14,4,10,14,10,13,10
737,13.25,18,14,8,17,8,13,14,8,8,9,4,10,51,47,1,159,13;00-13;05,7,10,12,7,6,8,6,7,7,4,6,3,8,10,6
738,13.25,27,20,13,14,11,15,18,8,15,19,10,15,62,61,5,159,13;00-13;05,13,15,10,9,9,8,14,9,11,10,10,11,12,12,13
739,13.25,28,17,12,16,6,13,21,14,11,17,11,13,66,66,4,159,13;00-13;05,14,12,11,5,10,15,12,11,10,11,11,9,11,10,9
740,13.3333333333333,9,8,5,16,5,14,22,11,14,14,12,8,40,38,5,160,13;00-13;05,2,5,11,4,11,11,10,5,6,12,5,11,5,11,12
741,13.3333333333333,30,17,11,14,13,17,17,12,13,6,10,13,84,78,5,160,13;00-13;05,15,12,10,11,8,13,3,15,10,10,13,11,10,13,11
742,13.3333333333333,26,19,16,21,20,21,15,9,12,11,9,16,47,76,7,160,13;00-13;05,13,14,15,17,7,9,8,6,13,9,13,14,15,16,10
743,13.3333333333333,19,11,10,21,14,15,17,11,13,18,6,8,64,58,5,160,13;00-13;05,8,8,15,11,8,11,13,9,6,7,9,11,10,12,11
744,13.3333333333333,19,8,12,10,10,10,20,7,15,10,9,14,69,63,6,160,13;00-13;05,8,5,6,8,10,7,6,11,10,9,10,12,11,8,13
745,13.3333333333333,21,7,5,8,9,4,16,11,9,11,8,13,54,60,3,160,13;00-13;05,9,4,4,7,7,11,8,8,10,9,10,8,5,3,7
746,13.3333333333333,19,16,16,16,17,14,17,11,9,17,12,13,67,70,3,160,13;00-13;05,8,11,11,14,8,11,12,11,10,12,11,8,15,11,7
747,13.3333333333333,18,11,5,13,15,9,12,7,5,7,6,12,43,58,3,160,13;00-13;05,7,8,9,12,4,7,4,6,9,7,9,8,5,7,4
748,13.3333333333333,26,23,12,16,10,15,23,7,10,14,13,16,70,80,5,160,13;00-13;05,13,18,11,8,11,7,10,12,13,13,14,11,11,12,8
749,13.3333333333333,19,17,13,18,13,14,29,14,15,16,6,16,70,75,6,160,13;00-13;05,8,12,13,11,16,15,11,12,13,7,12,12,12,11,13
750,13.3333333333333,22,17,13,18,15,16,24,8,17,13,8,15,66,40,8,160,13;00-13;05,9,12,13,12,12,8,9,11,11,9,5,16,12,13,15
751,13.4166666666667,20,14,10,11,5,17,22,9,13,17,5,16,38,46,5,161,13;00-13;05,8,10,6,4,11,9,12,5,13,5,6,11,10,13,11
752,13.4166666666667,19,14,6,10,16,7,14,7,11,12,11,8,55,63,2,161,13;00-13;05,8,10,6,13,6,7,9,8,6,11,10,6,6,6,9
753,13.4166666666667,19,14,12,13,11,12,19,12,15,16,11,9,71,63,6,161,13;00-13;05,8,10,9,9,9,13,11,12,7,11,10,12,11,10,13
754,13.4166666666667,25,13,9,15,15,14,23,5,13,19,12,19,73,74,6,161,13;00-13;05,12,9,10,12,11,4,14,12,16,12,12,12,9,11,11
755,13.4166666666667,22,17,17,20,12,15,21,9,10,17,9,15,74,82,3,161,13;00-13;05,9,12,14,10,10,9,12,12,11,9,14,8,15,12,8
756,13.4166666666667,28,17,16,20,14,15,29,14,13,23,15,18,80,87,4,161,13;00-13;05,14,12,14,11,16,15,18,14,15,16,16,9,15,12,11
757,13.4166666666667,29,14,10,21,15,20,19,12,8,16,11,14,68,76,6,161,13;00-13;05,14,10,15,12,9,13,11,11,10,11,13,12,10,16,6
758,13.5,19,13,12,16,12,12,21,9,10,15,5,18,63,66,5,162,13;06-13;11,8,8,10,9,10,8,10,9,14,5,10,9,10,9,6
759,13.5,31,18,15,20,15,13,22,10,15,14,11,10,75,68,6,162,13;06-13;11,15,12,13,11,11,9,9,13,7,11,10,10,13,9,12
760,13.5,23,9,15,15,12,8,22,10,15,16,13,14,55,83,6,162,13;06-13;11,10,5,9,9,11,9,10,8,10,13,14,10,13,6,12
761,13.5,31,18,19,18,16,14,24,11,20,16,12,20,72,69,6,162,13;06-13;11,15,12,12,13,12,10,10,12,16,12,10,10,16,10,17
762,13.5,19,15,6,16,9,10,8,6,10,13,9,4,54,61,2,162,13;06-13;11,8,10,10,6,2,4,8,8,4,9,9,3,5,7,6
763,13.5,15,15,11,18,10,12,18,12,14,7,9,17,67,57,6,162,13;06-13;11,6,10,12,7,9,11,4,11,13,9,8,10,9,9,11
764,13.5,30,13,17,14,12,18,20,9,10,19,13,14,85,68,7,162,13;06-13;11,14,8,9,9,10,8,13,15,10,13,10,13,14,13,6
765,13.5833333333333,22,19,13,15,14,19,17,11,13,15,11,19,71,73,8,163,13;06-13;11,9,13,9,10,8,10,10,12,15,11,12,15,11,15,10
766,13.5833333333333,16,18,10,11,16,17,21,10,12,9,10,13,68,72,1,163,13;06-13;11,6,12,6,13,10,9,6,11,10,10,12,1,9,12,9
767,13.5833333333333,14,9,3,12,14,11,10,7,10,7,7,9,60,48,7,163,13;06-13;11,5,5,7,10,3,5,4,9,7,7,6,13,2,8,6
768,13.5833333333333,29,16,14,19,16,14,19,10,15,13,8,16,64,64,6,163,13;06-13;11,13,10,13,13,9,9,8,9,12,9,9,10,12,10,12
769,13.5833333333333,24,14,10,19,11,9,15,7,14,6,8,16,59,59,6,163,13;06-13;11,11,9,13,8,7,5,3,8,12,9,8,10,9,6,11
770,13.5833333333333,27,16,11,16,16,14,20,15,14,17,12,17,70,68,4,163,13;06-13;11,12,10,10,13,10,14,11,12,13,12,10,7,9,10,11
771,13.5833333333333,28,23,14,24,19,21,28,12,19,22,16,19,85,90,7,163,13;06-13;11,13,16,18,16,15,11,15,15,15,18,16,13,12,16,16
772,13.6666666666667,29,10,12,14,15,12,21,13,12,17,12,6,63,48,7,164,13;06-13;11,13,6,9,11,10,13,11,9,5,12,6,13,10,9,9
773,13.6666666666667,28,14,12,18,14,21,21,12,12,18,10,16,69,75,5,164,13;06-13;11,13,9,12,10,10,11,12,11,12,10,12,9,10,16,9
774,13.6666666666667,27,21,11,16,11,9,19,7,7,18,14,15,64,65,6,164,13;06-13;11,12,14,10,8,9,5,12,9,11,14,9,10,9,6,4
775,13.6666666666667,20,10,7,9,17,11,20,16,12,16,12,8,59,51,5,164,13;06-13;11,8,6,5,14,10,15,10,8,6,12,7,9,6,8,9
776,13.6666666666667,16,10,11,16,9,10,16,11,14,23,11,14,43,67,7,164,13;06-13;11,6,6,10,6,7,10,16,6,10,11,10,13,9,7,11
777,13.6666666666667,32,20,15,18,16,13,24,14,11,17,11,18,62,55,5,164,13;06-13;11,15,14,12,13,12,14,11,9,14,11,8,9,13,9,8
778,13.6666666666667,24,14,12,8,6,14,21,8,11,8,11,11,45,40,6,164,13;06-13;11,11,9,4,3,10,6,5,6,8,11,5,10,10,10,8
779,13.6666666666667,26,18,14,17,11,18,25,10,15,18,14,17,69,74,8,164,13;06-13;11,12,12,11,8,13,9,12,11,13,14,12,15,12,13,12
780,13.75,22,15,8,15,14,10,27,11,17,14,6,8,74,63,7,165,13;06-13;11,9,10,9,10,14,10,9,12,6,6,9,13,7,7,14
781,13.75,15,12,10,16,11,14,9,11,10,12,12,14,33,49,4,165,13;06-13;11,6,8,10,8,2,10,8,4,10,12,7,7,9,10,6
782,13.75,18,12,12,11,5,11,15,12,16,12,10,11,36,40,3,165,13;06-13;11,7,8,6,2,7,11,8,4,8,10,5,6,10,8,13
783,13.75,27,16,12,14,10,16,24,10,13,14,10,18,66,68,7,165,13;06-13;11,12,10,9,7,12,9,9,11,14,10,10,13,10,12,10
784,13.75,24,20,8,15,16,17,19,13,14,11,12,11,47,68,5,165,13;06-13;11,11,14,9,13,9,13,7,6,8,12,10,9,7,12,11
785,13.75,25,21,17,20,14,19,21,15,18,21,9,17,74,75,8,165,13;06-13;11,11,14,13,10,10,14,14,12,13,9,12,15,14,15,15
786,13.75,27,17,13,17,14,11,21,15,13,19,10,10,72,76,6,165,13;06-13;11,12,11,11,10,10,14,13,12,7,10,13,10,11,8,10
787,13.75,20,13,9,11,10,16,27,8,15,15,5,7,59,51,4,165,13;06-13;11,8,8,6,7,14,6,10,8,5,5,7,7,8,12,12
788,13.75,31,15,12,17,13,18,20,11,16,15,13,9,55,63,5,165,13;06-13;11,15,10,11,10,10,10,10,8,7,13,9,9,10,13,13
789,13.75,19,16,13,14,16,19,12,5,19,12,8,17,80,59,3,165,13;06-13;11,8,10,9,13,5,2,8,14,13,9,8,6,11,15,16
790,13.75,11,16,10,18,14,8,20,13,7,14,10,7,59,50,3,165,13;06-13;11,4,10,12,10,10,13,9,8,5,10,7,6,9,6,4
791,13.8333333333333,18,5,8,18,14,14,20,11,9,12,10,13,62,81,7,166,13;06-13;11,7,3,12,10,10,10,8,9,10,10,14,13,7,10,5
792,13.8333333333333,12,9,5,16,7,14,13,10,12,8,4,16,48,43,5,166,13;06-13;11,4,5,10,5,6,9,5,6,12,4,5,9,4,10,9
793,13.8333333333333,26,17,11,14,8,13,21,8,13,18,14,12,58,66,5,166,13;06-13;11,12,11,9,6,10,6,12,8,9,14,10,9,9,9,10
794,13.8333333333333,24,12,4,6,15,9,24,8,15,13,8,7,83,65,4,166,13;06-13;11,11,8,3,11,12,6,8,14,5,9,9,7,3,6,12
795,13.8333333333333,29,20,8,20,13,17,23,11,14,21,11,18,76,87,6,166,13;06-13;11,13,14,13,10,11,10,14,13,14,11,15,10,7,12,11
796,13.8333333333333,19,14,13,17,15,13,19,11,16,16,9,11,71,69,8,166,13;06-13;11,8,9,11,11,9,10,10,12,8,9,10,15,11,9,13
797,13.8333333333333,21,16,11,13,19,16,21,12,13,17,10,19,70,78,8,166,13;06-13;11,9,10,8,16,10,11,11,12,15,10,13,15,9,12,10
798,13.8333333333333,20,20,10,12,11,11,24,12,13,12,12,17,70,74,5,166,13;06-13;11,8,14,7,8,12,11,8,12,13,12,12,9,9,8,10
799,13.8333333333333,29,18,17,21,15,19,27,13,12,20,12,16,92,83,6,166,13;06-13;11,13,12,14,11,14,13,13,18,12,12,14,10,14,15,9
800,13.8333333333333,19,15,10,13,11,15,25,13,12,20,13,12,58,67,6,166,13;06-13;11,8,10,8,8,13,13,13,8,9,13,10,10,9,11,9
801,13.8333333333333,16,14,12,11,13,11,16,9,11,16,1,10,49,69,7,166,13;06-13;11,6,9,6,10,7,8,10,7,7,1,10,13,10,8,8
802,13.9166666666667,24,18,11,16,15,17,28,16,17,15,10,16,64,71,4,167,13;06-13;11,11,12,10,11,15,15,10,9,12,10,12,7,9,12,14
803,13.9166666666667,21,14,7,9,10,9,22,12,13,13,10,15,35,27,4,167,13;06-13;11,9,9,5,7,11,11,8,4,11,10,2,7,6,6,10
804,13.9166666666667,25,17,13,20,17,19,20,13,13,18,12,13,82,74,7,167,13;06-13;11,11,11,13,14,10,13,12,14,10,12,12,13,11,15,10
805,13.9166666666667,16,17,17,14,17,13,27,10,14,18,4,11,74,66,6,167,13;06-13;11,6,11,9,14,14,9,12,12,8,4,10,10,14,9,11
806,13.9166666666667,27,18,12,18,15,13,20,10,14,19,11,10,61,85,7,167,13;06-13;11,12,12,12,11,10,9,13,9,7,11,15,13,10,9,11
807,13.9166666666667,17,12,14,12,12,10,19,11,7,7,6,9,54,65,5,167,13;06-13;11,7,8,7,9,9,10,4,8,7,6,9,9,12,7,4
808,13.9166666666667,32,20,17,19,17,16,23,14,15,17,8,11,79,81,7,167,13;06-13;11,15,14,13,14,11,14,11,13,8,9,14,13,14,12,12
809,14,24,20,12,17,12,15,24,13,12,16,14,11,69,48,5,168,14;00-14;05,11,15,11,10,13,13,10,10,9,14,6,10,10,11,9
810,14,25,12,14,19,12,12,21,10,16,17,15,15,91,87,3,168,14;00-14;05,11,8,13,10,11,10,11,15,12,16,15,7,12,9,13
811,14,29,20,14,19,15,17,28,12,16,21,16,14,76,69,7,168,14;00-14;05,13,15,13,12,16,12,15,12,11,17,10,14,12,12,13
812,14,27,15,15,14,8,12,27,10,18,21,11,16,69,75,8,168,14;00-14;05,12,10,8,6,15,10,15,10,13,11,12,16,13,9,15
813,14,19,11,4,10,5,11,19,10,9,13,9,8,48,43,2,168,14;00-14;05,7,7,5,3,9,10,8,6,6,9,5,5,2,8,6
814,14,26,14,11,15,9,18,14,6,6,16,6,13,56,38,5,168,14;00-14;05,12,9,8,6,6,5,10,8,11,7,5,10,9,13,4
815,14.0833333333333,22,11,12,12,9,12,23,7,15,17,12,17,49,58,4,169,14;00-14;05,8,7,6,6,12,6,11,7,14,12,8,8,10,9,12
816,14.0833333333333,21,14,7,19,16,16,18,14,7,15,12,16,51,60,6,169,14;00-14;05,8,9,13,13,9,14,10,7,13,12,9,12,5,12,5
817,14.0833333333333,17,11,8,19,18,9,17,13,13,12,7,14,32,58,3,169,14;00-14;05,6,7,13,15,8,13,8,4,11,8,8,7,6,6,10
818,14.0833333333333,29,23,19,22,16,15,27,14,17,10,8,17,82,77,5,169,14;00-14;05,13,17,15,13,15,14,5,13,14,9,13,10,17,11,14
819,14.0833333333333,22,13,14,14,11,10,16,12,11,12,7,13,80,69,5,169,14;00-14;05,8,8,8,8,7,12,8,13,11,8,10,10,12,7,8
820,14.0833333333333,22,10,12,15,12,7,9,8,11,9,4,4,62,60,5,169,14;00-14;05,8,6,8,10,3,7,5,9,3,5,9,10,10,5,8
821,14.0833333333333,22,15,15,17,15,14,25,13,13,16,8,16,83,85,6,169,14;00-14;05,8,10,11,12,14,13,10,13,13,9,15,12,13,10,10
822,14.0833333333333,9,6,8,7,9,7,19,8,8,6,6,11,28,50,4,169,14;00-14;05,2,2,3,6,9,7,2,3,9,7,7,8,6,5,5
823,14.0833333333333,23,14,9,14,7,14,18,15,12,15,13,14,74,67,4,169,14;00-14;05,10,9,8,5,9,14,10,11,11,13,10,8,8,10,9
824,14.0833333333333,26,11,14,19,14,10,14,12,12,11,4,18,61,59,3,169,14;00-14;05,12,7,13,11,6,12,7,9,16,5,8,7,12,7,9
825,14.0833333333333,33,19,16,24,19,19,27,13,15,16,10,16,92,84,4,169,14;00-14;05,16,14,18,16,15,13,10,16,13,10,14,8,14,14,12
826,14.0833333333333,23,15,10,15,12,10,19,9,11,15,12,11,64,65,4,169,14;00-14;05,10,10,8,10,9,8,10,9,9,12,9,8,9,7,8
827,14.0833333333333,26,14,15,16,14,16,18,8,10,17,15,13,68,64,5,169,14;00-14;05,12,9,10,11,9,7,11,10,11,16,9,10,13,12,7
828,14.0833333333333,21,11,10,18,13,17,20,10,12,13,8,15,80,65,6,169,14;00-14;05,8,7,12,11,11,10,8,13,12,9,9,12,9,12,9
829,14.1666666666667,24,15,12,15,15,9,16,9,9,14,8,9,43,48,1,170,14;00-14;05,11,10,8,12,7,8,9,6,7,9,6,2,10,6,6
830,14.1666666666667,26,13,12,14,12,18,20,12,15,13,10,12,70,56,3,170,14;00-14;05,12,8,8,10,11,12,8,11,10,10,8,7,10,13,12
831,14.1666666666667,19,18,14,19,11,18,18,13,15,16,8,13,69,65,6,170,14;00-14;05,7,13,13,8,9,13,10,10,11,9,9,12,12,13,12
832,14.1666666666667,30,14,15,20,13,13,13,9,10,20,12,11,78,72,3,170,14;00-14;05,14,9,13,11,6,8,14,12,9,12,12,7,13,9,7
833,14.1666666666667,30,20,8,13,17,16,21,10,13,10,7,15,78,70,5,170,14;00-14;05,14,15,7,14,11,10,5,12,12,8,10,10,6,12,10
834,14.1666666666667,23,16,18,12,10,17,19,10,11,18,7,15,72,68,6,170,14;00-14;05,10,10,6,7,9,10,13,11,12,8,10,12,16,12,8
835,14.1666666666667,20,13,8,16,18,16,14,11,13,16,12,14,57,70,5,170,14;00-14;05,7,8,10,15,6,11,10,8,11,12,10,10,6,12,10
836,14.1666666666667,33,17,17,17,11,21,26,11,16,20,15,17,68,74,7,170,14;00-14;05,16,12,11,8,14,11,14,10,14,16,12,14,14,15,13
837,14.1666666666667,26,17,16,18,16,17,23,14,18,18,11,16,86,94,5,170,14;00-14;05,12,12,12,13,12,14,13,14,13,11,17,10,14,12,15
838,14.1666666666667,30,15,12,18,9,15,21,9,16,11,13,10,91,89,4,170,14;00-14;05,14,10,12,6,11,8,7,15,7,13,16,8,10,11,13
839,14.1666666666667,30,16,15,18,14,12,27,18,17,20,9,12,81,71,4,170,14;00-14;05,14,10,12,11,15,18,14,13,10,9,12,8,13,9,14
840,14.25,19,8,9,8,13,13,18,9,9,10,8,10,52,64,6,171,14;00-14;05,7,5,3,11,9,8,5,7,7,9,9,12,8,9,6
841,14.25,18,13,15,17,13,5,24,9,7,11,4,14,61,47,5,171,14;00-14;05,6,8,11,11,13,8,7,9,11,5,6,10,13,3,5
842,14.25,24,16,14,16,8,15,20,11,13,18,13,8,61,51,2,171,14;00-14;05,11,10,10,6,11,11,13,9,6,13,7,5,12,11,10
843,14.25,30,19,17,21,17,20,24,13,19,20,4,18,76,74,7,171,14;00-14;05,14,14,14,14,13,13,14,12,16,5,12,14,14,15,16
844,14.25,16,14,9,15,8,5,16,6,12,14,11,8,35,57,6,171,14;00-14;05,5,9,8,6,7,5,9,4,6,11,8,12,8,3,9
845,14.25,21,12,9,13,8,8,14,7,14,12,11,13,61,77,2,171,14;00-14;05,8,8,7,6,6,6,8,9,11,11,13,5,8,6,11
846,14.25,22,19,12,14,9,10,20,7,9,20,13,11,66,32,7,171,14;00-14;05,8,14,8,6,11,6,14,10,9,13,4,14,10,7,6
847,14.25,19,16,10,14,17,19,19,13,13,14,12,15,82,82,5,171,14;00-14;05,7,10,8,14,9,13,9,13,12,12,14,10,9,14,10
848,14.25,30,19,10,20,16,21,23,9,13,15,10,14,89,78,5,171,14;00-14;05,14,14,13,13,12,8,10,15,11,10,13,10,9,15,10
849,14.25,24,11,13,13,17,11,22,8,15,17,14,8,61,83,5,171,14;00-14;05,11,7,7,14,12,7,11,9,6,14,14,10,11,8,12
850,14.3333333333333,24,15,14,15,15,16,17,7,10,17,11,17,44,59,8,172,14;00-14;05,11,10,8,12,8,6,11,6,14,11,8,16,12,12,7
851,14.3333333333333,26,15,9,22,13,18,15,9,11,21,14,12,78,79,4,172,14;00-14;05,12,10,15,11,7,8,15,12,10,14,13,8,8,13,8
852,14.3333333333333,21,14,10,12,11,11,17,5,12,18,10,13,77,80,5,172,14;00-14;05,8,9,6,8,8,4,13,12,11,10,14,10,9,8,9
853,14.3333333333333,19,20,13,14,14,10,19,9,12,12,9,10,67,73,7,172,14;00-14;05,7,15,8,11,9,8,8,10,7,9,12,14,11,7,9
854,14.3333333333333,25,13,6,14,10,13,14,8,6,6,3,4,67,53,6,172,14;00-14;05,11,8,8,7,6,7,2,10,3,4,7,12,4,9,4
855,14.3333333333333,26,19,11,17,15,12,14,10,14,16,8,14,68,83,6,172,14;00-14;05,12,14,11,12,6,10,10,10,11,9,14,12,9,9,11
856,14.3333333333333,31,19,15,20,15,8,20,15,15,18,13,15,79,79,5,172,14;00-14;05,15,14,13,12,11,14,13,12,12,13,13,10,13,6,12
857,14.3333333333333,24,18,13,15,13,16,21,9,15,18,10,12,70,75,1,172,14;00-14;05,11,13,8,11,11,8,13,11,10,10,12,2,11,12,12
858,14.3333333333333,25,15,11,19,15,18,19,13,13,12,11,13,53,82,5,172,14;00-14;05,11,10,13,12,9,13,8,7,11,11,14,10,9,13,10
859,14.4166666666667,25,10,14,16,10,13,16,8,13,17,11,10,39,50,6,173,14;00-14;05,11,6,10,7,7,7,11,5,7,11,7,12,12,9,10
860,14.4166666666667,18,13,10,20,11,17,23,10,13,18,10,7,66,53,7,173,14;00-14;05,6,8,13,8,12,10,13,10,5,10,7,14,9,12,10
861,14.4166666666667,26,15,8,18,16,19,26,9,17,17,13,15,78,65,7,173,14;00-14;05,12,10,12,13,14,8,11,12,12,13,9,14,6,14,14
862,14.4166666666667,23,13,8,16,8,12,22,13,15,16,10,14,50,53,5,173,14;00-14;05,10,8,10,6,12,13,10,7,11,10,7,10,6,9,12
863,14.4166666666667,20,15,9,16,12,14,18,9,17,15,7,7,68,67,4,173,14;00-14;05,7,10,10,10,9,8,10,10,5,8,10,8,8,10,14
864,14.4166666666667,19,13,8,15,8,11,25,13,11,19,10,10,61,55,7,173,14;00-14;05,7,8,8,6,14,13,14,9,7,10,8,14,6,8,8
865,14.4166666666667,26,18,9,17,17,19,23,5,12,15,5,14,71,65,3,173,14;00-14;05,12,13,11,14,12,4,10,11,11,6,9,7,8,14,9
866,14.4166666666667,21,9,13,13,13,11,12,11,11,10,10,10,71,54,5,173,14;00-14;05,8,5,7,11,5,11,5,11,7,10,7,10,11,8,8
867,14.4166666666667,22,14,9,12,11,12,13,11,13,12,6,7,80,74,4,173,14;00-14;05,8,9,6,8,6,11,8,13,5,7,12,8,8,9,10
868,14.4166666666667,14,15,11,15,15,13,25,12,12,15,9,11,59,41,5,173,14;00-14;05,4,10,8,12,14,12,10,8,9,9,5,10,9,9,9
869,14.4166666666667,20,16,14,21,14,9,23,12,15,17,13,14,76,68,4,173,14;00-14;05,7,10,14,11,12,12,11,12,11,13,10,8,12,6,12
870,14.5,26,19,12,18,19,18,24,14,15,17,9,15,71,85,3,174,14;06-14;11,12,13,12,17,12,13,11,11,11,7,14,6,10,13,12
871,14.5,27,9,13,15,14,12,21,13,15,15,11,13,75,84,8,174,14;06-14;11,12,5,9,10,10,12,10,12,10,10,13,14,11,9,12
872,14.5,24,15,10,15,13,15,26,13,15,15,14,19,84,83,3,174,14;06-14;11,11,10,9,10,13,12,10,15,15,14,13,6,9,11,12
873,14.5,22,19,12,10,13,11,22,10,14,11,8,12,69,61,7,174,14;06-14;11,8,13,5,10,11,9,6,10,9,7,9,12,10,8,11
874,14.5,30,14,15,17,12,16,17,13,16,13,12,19,46,69,7,174,14;06-14;11,14,9,11,9,7,12,7,5,15,11,10,12,13,12,13
875,14.5,23,11,8,13,11,10,11,11,11,10,8,10,66,58,6,174,14;06-14;11,9,7,7,8,4,10,5,10,7,7,8,10,7,7,8
876,14.5833333333333,23,10,8,19,18,17,26,8,13,20,11,18,88,68,7,175,14;06-14;11,9,6,14,16,13,7,13,16,14,10,10,12,7,12,10
877,14.5833333333333,18,13,5,13,14,14,21,9,11,14,12,10,67,77,4,175,14;06-14;11,6,8,7,10,10,8,9,10,7,11,12,7,3,10,8
878,14.5833333333333,19,14,10,16,7,12,15,9,3,19,12,16,54,49,4,175,14;06-14;11,7,9,10,4,6,8,13,7,12,11,6,7,9,9,2
879,14.5833333333333,23,17,14,18,13,12,23,10,8,20,9,17,64,72,7,175,14;06-14;11,9,11,12,10,11,9,13,8,13,7,11,12,12,9,6
880,14.5833333333333,26,8,10,14,7,8,16,5,7,5,9,10,68,65,6,175,14;06-14;11,12,5,9,4,6,4,2,10,7,7,9,10,9,6,6
881,14.5833333333333,26,13,15,14,10,11,21,8,13,12,8,13,49,74,3,175,14;06-14;11,12,8,9,6,10,7,7,6,10,7,11,6,13,8,10
882,14.5833333333333,17,13,16,16,17,19,11,7,12,17,10,13,51,46,7,175,14;06-14;11,6,8,10,14,4,6,11,6,10,8,5,12,14,14,9
883,14.5833333333333,26,16,11,15,16,11,23,12,6,16,8,6,73,50,5,175,14;06-14;11,12,10,9,13,11,11,10,11,3,7,6,9,9,8,5
884,14.5833333333333,18,20,12,16,14,12,22,6,9,21,8,13,82,70,7,175,14;06-14;11,6,14,10,10,11,5,14,13,10,7,10,12,10,9,7
885,14.5833333333333,12,7,11,12,8,4,12,9,11,10,9,5,54,74,4,175,14;06-14;11,3,4,6,5,4,8,5,7,3,7,11,7,9,2,8
886,14.5833333333333,26,15,10,15,15,21,19,11,18,12,10,16,62,68,8,175,14;06-14;11,12,10,9,12,9,10,7,8,12,8,10,14,9,15,14
887,14.5833333333333,25,15,16,15,15,17,12,6,9,15,12,12,59,74,8,175,14;06-14;11,11,10,9,12,4,5,10,7,9,11,11,14,14,12,7
888,14.5833333333333,20,20,10,10,13,12,21,11,15,12,8,17,55,43,5,175,14;06-14;11,7,14,5,10,10,10,7,7,13,7,4,9,9,9,12
889,14.6666666666667,27,12,9,19,10,11,23,10,15,13,14,12,68,75,7,176,14;06-14;11,12,8,14,6,11,9,7,10,9,14,11,12,8,8,12
890,14.6666666666667,25,13,10,19,15,17,24,14,19,15,13,19,71,90,6,176,14;06-14;11,11,8,14,12,12,13,10,11,15,12,16,10,9,12,15
891,14.6666666666667,13,12,7,20,15,11,17,5,11,13,6,7,74,59,0,176,14;06-14;11,3,8,14,12,7,4,7,11,4,4,8,1,5,8,8
892,14.6666666666667,30,17,19,21,13,16,23,14,15,18,11,19,78,88,6,176,14;06-14;11,14,11,15,10,11,13,12,12,15,10,14,10,16,12,12
893,14.6666666666667,28,12,10,16,12,13,17,9,7,10,12,17,55,33,6,176,14;06-14;11,13,8,10,9,7,8,5,7,13,11,3,10,9,9,6
894,14.6666666666667,24,17,12,15,16,15,20,9,13,18,11,12,74,72,2,176,14;06-14;11,11,11,9,13,10,8,12,11,9,10,11,4,10,11,10
895,14.6666666666667,20,15,15,15,10,8,23,10,6,17,12,17,64,61,7,176,14;06-14;11,7,10,9,6,11,9,11,8,13,11,9,12,13,6,5
896,14.6666666666667,25,15,11,15,13,17,20,17,12,19,10,18,66,69,8,176,14;06-14;11,11,10,9,10,10,15,13,10,14,8,10,14,9,12,9
897,14.6666666666667,26,13,10,13,8,13,20,7,12,12,16,9,49,61,7,176,14;06-14;11,12,8,7,5,10,6,7,6,7,18,9,12,9,9,9
898,14.6666666666667,27,19,15,18,8,15,21,9,13,20,7,12,70,81,6,176,14;06-14;11,12,13,12,5,10,8,13,11,9,6,13,10,13,11,10
899,14.75,17,16,10,21,13,16,28,15,16,16,12,14,64,69,8,177,14;06-14;11,6,10,15,10,16,13,10,8,10,11,10,14,9,12,13
900,14.75,23,13,12,17,14,8,22,13,12,19,10,14,75,77,6,177,14;06-14;11,9,8,11,10,11,12,13,12,10,8,12,10,10,6,9
901,14.75,28,21,15,20,16,15,28,14,16,20,13,18,84,91,5,177,14;06-14;11,13,14,14,13,16,13,13,15,14,12,16,9,13,11,13
902,14.75,22,15,11,10,12,14,19,9,12,11,9,10,69,58,6,177,14;06-14;11,8,10,5,9,9,8,6,10,7,7,8,10,9,10,9
903,14.75,23,19,16,22,14,10,23,16,15,18,7,16,67,83,6,177,14;06-14;11,9,13,16,10,11,14,12,10,12,6,13,10,14,7,12
904,14.75,24,20,13,15,15,13,22,15,14,21,11,14,84,80,7,177,14;06-14;11,11,14,9,12,11,13,14,15,10,10,13,12,11,9,11
905,14.75,29,16,14,15,15,10,27,14,10,18,13,10,63,78,5,177,14;06-14;11,13,10,9,12,15,13,12,8,7,12,12,9,12,7,8
906,14.75,33,20,17,16,13,22,24,14,15,20,15,18,93,83,7,177,14;06-14;11,16,14,10,10,12,13,13,17,14,16,13,12,14,16,12
907,14.75,17,5,9,13,7,10,17,5,5,12,11,11,85,61,4,177,14;06-14;11,6,3,7,4,7,4,7,15,8,10,9,7,8,7,4
908,14.75,17,14,9,19,15,15,19,12,16,18,9,12,59,60,3,177,14;06-14;11,6,9,14,12,9,11,12,7,9,7,9,6,8,11,13
909,14.75,25,19,17,20,8,18,13,8,9,12,14,17,73,45,6,177,14;06-14;11,11,13,14,5,5,7,7,11,13,14,5,10,14,13,7
910,14.75,16,16,12,15,13,18,25,14,17,15,14,14,58,61,8,177,14;06-14;11,5,10,9,10,13,13,10,7,10,14,9,14,10,13,14
911,14.75,21,21,6,11,15,5,24,16,14,10,12,11,64,53,3,177,14;06-14;11,8,14,5,12,12,14,5,8,8,11,6,6,4,3,11
912,14.75,20,8,3,15,11,11,21,6,17,18,15,11,57,56,4,177,14;06-14;11,7,5,9,8,10,5,12,7,8,16,8,7,1,8,14
913,14.8333333333333,27,17,11,17,13,18,27,16,17,20,8,13,78,80,4,178,14;06-14;11,12,11,11,10,15,14,13,12,10,7,13,7,9,13,14
914,14.8333333333333,32,16,14,18,9,16,20,16,13,19,13,14,79,78,4,178,14;06-14;11,15,10,12,5,10,14,13,12,10,12,12,7,12,12,10
915,14.8333333333333,25,12,16,10,15,14,23,14,12,17,12,12,85,66,5,178,14;06-14;11,11,8,5,12,11,13,11,15,9,11,10,9,14,10,9
916,14.9166666666667,28,10,8,15,13,10,21,16,16,19,13,16,78,62,8,179,14;06-14;11,13,6,9,10,10,14,13,12,12,12,9,14,7,7,13
917,14.9166666666667,33,19,16,19,16,20,24,11,12,16,12,20,74,62,4,179,14;06-14;11,16,13,14,13,12,10,10,11,16,11,9,7,14,15,9
918,14.9166666666667,30,12,13,14,14,15,26,13,9,15,8,14,73,75,5,179,14;06-14;11,14,8,9,10,13,12,10,11,10,7,11,9,11,11,7
919,14.9166666666667,26,19,14,16,14,11,20,14,7,10,11,11,36,28,4,179,14;06-14;11,12,13,10,10,10,13,5,2,8,10,2,7,12,8,6
920,14.9166666666667,17,16,14,16,15,20,21,15,15,14,12,13,74,69,7,179,14;06-14;11,6,10,10,12,10,13,9,11,10,11,10,12,12,15,12
921,14.9166666666667,24,20,13,20,17,18,27,16,18,21,15,14,74,75,5,179,14;06-14;11,11,14,14,14,15,14,14,11,10,16,11,9,11,13,14
922,14.9166666666667,23,17,14,21,14,13,23,14,18,15,12,12,70,74,4,179,14;06-14;11,9,11,15,10,11,13,10,11,9,11,11,7,12,9,14
923,14.9166666666667,27,21,10,13,16,12,16,12,15,19,11,15,78,73,7,179,14;06-14;11,12,14,7,13,6,11,13,12,11,10,11,12,9,9,12
924,15,21,16,16,15,13,19,19,13,16,18,8,13,68,66,7,180,15;00-15;05,8,9,8,10,8,12,12,9,9,8,9,12,13,13,12
925,15,23,16,8,23,19,21,23,12,15,21,12,15,93,80,6,180,15;00-15;05,9,9,16,16,10,11,14,17,11,11,12,10,7,14,11
926,15,24,18,12,14,14,15,27,8,12,19,11,14,59,78,6,180,15;00-15;05,10,11,8,10,13,6,13,7,9,10,11,10,10,10,9
927,15,30,21,14,17,19,17,29,17,17,21,15,16,81,86,6,180,15;00-15;05,14,14,11,16,14,15,14,13,12,16,13,10,11,11,13
928,15,29,21,12,16,14,20,14,9,9,14,9,17,80,72,8,180,15;00-15;05,12,14,9,10,5,7,9,13,13,8,10,15,10,14,6
929,15,30,17,13,11,15,16,28,15,14,16,12,18,82,65,4,180,15;00-15;05,14,10,5,11,14,13,10,13,14,11,8,6,11,11,10
930,15,28,14,10,13,16,19,23,13,14,12,12,13,51,68,6,180,15;00-15;05,12,8,7,12,10,12,8,6,9,11,9,10,9,13,10
931,15.0833333333333,26,22,16,19,13,18,24,12,15,14,12,18,68,89,6,181,15;00-15;05,11,15,13,10,11,11,9,9,14,11,14,10,13,12,11
932,15.0833333333333,22,18,9,11,11,11,13,7,8,10,2,8,42,58,4,181,15;00-15;05,8,11,5,8,5,5,6,3,5,1,7,6,8,6,5
933,15.0833333333333,24,14,8,12,11,16,20,7,14,19,12,14,70,67,3,181,15;00-15;05,10,8,6,8,9,5,13,11,9,11,9,5,7,11,10
934,15.0833333333333,20,13,13,14,10,9,19,16,13,6,10,13,58,58,6,181,15;00-15;05,7,7,8,6,8,14,3,7,9,9,7,10,11,4,9
935,15.0833333333333,18,13,13,18,6,15,17,13,12,14,8,16,60,66,8,181,15;00-15;05,6,7,12,3,7,12,9,8,12,8,9,15,11,10,9
936,15.0833333333333,27,17,13,17,12,15,26,13,20,16,13,18,57,83,7,181,15;00-15;05,11,10,11,9,12,12,10,7,14,13,12,12,11,10,16
937,15.0833333333333,30,19,14,14,17,10,26,17,8,21,11,14,69,60,4,181,15;00-15;05,14,13,8,14,12,15,14,9,9,10,8,6,11,5,5
938,15.0833333333333,23,16,10,18,12,17,12,9,12,19,7,17,75,58,8,181,15;00-15;05,9,9,12,9,5,7,13,12,13,7,7,15,9,11,9
939,15.0833333333333,18,15,13,14,16,14,23,12,13,9,10,15,55,77,6,181,15;00-15;05,6,9,8,12,10,11,6,7,11,9,11,10,11,8,9
940,15.0833333333333,28,12,9,14,9,10,25,10,11,15,11,16,59,72,7,181,15;00-15;05,12,7,8,5,12,8,10,7,12,10,10,12,8,5,8
941,15.0833333333333,24,13,7,16,16,15,16,10,11,16,8,11,60,66,7,181,15;00-15;05,10,7,9,12,6,8,10,8,7,8,9,12,6,10,8
942,15.1666666666667,22,16,14,10,13,13,21,11,14,16,8,13,61,54,6,182,15;00-15;05,8,9,5,10,9,9,10,8,9,8,6,10,11,7,10
943,15.1666666666667,21,18,13,20,12,12,21,11,14,16,10,19,58,54,8,182,15;00-15;05,8,11,13,9,9,9,10,7,15,9,6,15,11,7,10
944,15.1666666666667,14,11,8,15,14,15,26,11,11,13,10,7,72,71,5,182,15;00-15;05,4,5,8,10,12,9,8,11,4,9,10,9,7,10,8
945,15.1666666666667,21,18,15,19,10,14,24,10,14,13,11,14,73,74,4,182,15;00-15;05,8,11,13,6,11,8,8,11,9,10,10,6,12,8,10
946,15.1666666666667,21,17,4,16,14,13,25,13,14,14,8,10,73,83,4,182,15;00-15;05,8,10,9,10,12,12,9,11,6,8,12,6,3,7,10
947,15.1666666666667,31,20,16,17,15,19,27,17,16,13,6,15,50,56,8,182,15;00-15;05,15,14,11,11,13,15,8,6,11,6,7,15,13,13,12
948,15.1666666666667,24,16,13,14,9,11,12,11,10,16,10,17,83,93,5,182,15;00-15;05,10,9,8,5,5,9,10,13,13,9,16,9,11,6,7
949,15.1666666666667,22,10,6,14,15,14,21,13,18,11,9,13,52,19,5,182,15;00-15;05,8,4,8,11,9,12,7,6,9,8,1,9,5,8,14
950,15.1666666666667,30,16,18,15,16,15,26,12,17,16,13,12,72,75,8,182,15;00-15;05,14,9,8,12,12,11,10,11,8,13,10,15,14,10,13
951,15.1666666666667,18,19,13,17,15,18,16,13,10,21,8,15,75,79,2,182,15;00-15;05,6,13,11,11,6,12,14,12,11,8,11,3,11,12,7
952,15.25,28,21,17,19,16,19,22,11,9,23,12,14,63,85,7,183,15;00-15;05,12,14,13,12,10,9,16,8,9,11,13,12,13,13,6
953,15.25,21,13,18,18,13,13,15,8,12,17,12,14,74,66,6,183,15;00-15;05,8,7,12,10,6,6,11,11,9,11,9,10,14,7,9
954,15.25,29,14,16,17,11,13,29,12,17,22,14,17,83,68,5,183,15;00-15;05,12,8,11,8,14,11,15,13,13,14,9,9,13,7,13
955,15.25,28,18,13,12,13,18,20,11,11,14,8,17,50,65,3,183,15;00-15;05,12,11,6,10,9,9,9,6,13,8,8,5,11,12,8
956,15.25,23,20,13,15,14,18,22,10,18,20,13,15,72,78,4,183,15;00-15;05,9,14,8,10,10,8,13,11,11,13,11,6,11,12,14
957,15.25,23,15,14,13,9,17,20,10,12,21,12,12,76,61,6,183,15;00-15;05,9,9,7,5,9,8,14,12,8,11,8,10,11,11,9
958,15.25,20,17,15,21,14,14,27,14,14,18,14,13,81,85,6,183,15;00-15;05,7,10,14,10,13,13,12,13,9,14,13,10,12,8,10
959,15.3333333333333,15,11,8,13,7,9,11,8,8,9,6,8,64,79,2,184,15;00-15;05,5,5,7,4,5,6,6,8,5,6,11,3,7,4,5
960,15.3333333333333,21,19,10,21,13,14,22,8,19,13,13,10,71,50,5,184,15;00-15;05,8,13,14,10,10,6,8,11,6,13,6,9,9,8,15
961,15.3333333333333,16,12,7,10,12,15,15,8,13,9,11,12,54,58,7,184,15;00-15;05,5,7,5,9,6,6,6,7,8,10,7,12,6,10,9
962,15.3333333333333,32,21,16,23,11,19,21,13,16,22,15,16,82,77,7,184,15;00-15;05,15,14,16,8,9,12,15,13,12,16,11,12,13,13,12
963,15.3333333333333,27,17,18,20,15,18,25,13,16,16,11,16,70,68,5,184,15;00-15;05,11,10,13,11,12,12,10,11,12,10,9,9,14,12,12
964,15.3333333333333,27,14,9,21,16,15,25,15,15,14,12,10,74,66,6,184,15;00-15;05,11,8,14,12,12,13,9,11,6,11,9,10,8,10,11
965,15.3333333333333,31,21,12,23,19,22,28,16,19,24,16,16,88,84,6,184,15;00-15;05,15,14,16,16,14,14,17,15,12,17,12,10,10,16,15
966,15.4166666666667,26,21,9,13,12,17,25,13,19,19,9,13,73,89,6,185,15;00-15;05,11,14,7,9,12,12,13,11,9,8,14,10,8,11,15
967,15.4166666666667,28,18,16,17,15,17,18,12,15,13,11,20,79,86,8,185,15;00-15;05,12,11,11,11,8,11,8,12,16,10,13,15,13,11,11
968,15.4166666666667,21,15,11,14,14,14,27,10,9,15,9,8,66,59,5,185,15;00-15;05,8,9,8,10,13,8,10,9,5,8,7,9,9,8,6
969,15.4166666666667,21,21,12,17,17,16,20,10,11,11,4,12,76,68,7,185,15;00-15;05,8,14,11,14,9,8,7,12,8,3,9,12,10,11,8
970,15.4166666666667,28,17,10,20,13,22,21,13,20,21,13,18,76,95,7,185,15;00-15;05,12,10,13,10,9,12,14,12,14,13,16,12,9,16,16
971,15.4166666666667,31,18,17,20,16,17,31,15,13,11,13,16,89,89,6,185,15;00-15;05,15,11,13,12,15,13,7,15,12,13,14,10,13,11,9
972,15.4166666666667,32,17,16,20,19,22,25,17,17,17,10,14,90,89,6,185,15;00-15;05,15,10,13,16,12,15,11,15,9,9,14,10,13,16,13
973,15.4166666666667,24,17,14,15,11,13,16,5,9,17,11,14,70,68,5,185,15;00-15;05,10,10,8,8,6,3,11,11,9,10,9,9,11,7,6
974,15.4166666666667,15,5,4,15,13,13,10,7,11,16,6,6,52,51,5,185,15;00-15;05,5,1,8,10,4,5,10,6,3,6,6,9,3,7,8
975,15.5,20,16,13,13,15,10,21,15,10,16,13,17,67,80,8,186,15;06-15;11,7,9,7,11,9,12,10,9,13,12,12,14,10,7,6
976,15.5,28,19,16,23,16,16,24,13,14,11,10,13,45,76,6,186,15;06-15;11,12,13,16,12,11,11,6,4,10,9,11,9,13,12,10
977,15.5,24,20,8,21,15,21,23,13,15,20,14,19,91,89,7,186,15;06-15;11,10,14,14,11,10,11,13,15,15,13,15,12,7,15,11
978,15.5,26,20,10,19,14,15,24,11,17,14,10,10,72,78,7,186,15;06-15;11,11,14,13,10,11,9,8,10,7,9,11,12,8,11,13
979,15.5,27,15,14,20,16,15,17,4,11,12,13,17,75,90,7,186,15;06-15;11,11,9,13,12,7,3,7,11,13,12,15,12,11,11,7
980,15.5,20,8,13,18,15,9,21,12,13,15,4,16,62,60,8,186,15;06-15;11,7,4,11,11,9,10,10,8,12,4,7,14,10,6,9
981,15.5,22,19,9,17,12,13,25,13,12,21,10,13,84,88,5,186,15;06-15;11,8,13,10,9,12,11,14,14,10,9,14,8,8,9,8
982,15.5833333333333,20,13,12,14,15,18,17,12,17,11,11,10,71,63,5,187,15;06-15;11,7,7,8,11,7,10,6,10,7,10,7,8,9,13,13
983,15.5833333333333,28,20,17,17,15,20,31,7,18,19,13,17,77,75,7,187,15;06-15;11,12,14,10,11,16,6,13,11,13,12,10,12,13,15,14
984,15.5833333333333,23,12,14,13,12,9,20,12,15,14,7,9,58,81,8,187,15;06-15;11,9,7,7,9,9,10,8,6,7,7,12,14,11,6,11
985,15.5833333333333,35,20,15,20,17,19,22,13,15,17,12,14,82,84,7,187,15;06-15;11,17,14,13,13,10,11,11,13,10,11,12,12,12,14,11
986,15.5833333333333,17,12,5,15,10,17,18,11,12,11,13,12,80,78,8,187,15;06-15;11,6,7,8,6,8,9,6,13,9,12,11,14,4,12,8
987,15.5833333333333,26,18,17,19,17,17,28,18,14,22,12,15,59,73,6,187,15;06-15;11,11,11,13,13,15,15,15,6,11,11,10,9,13,12,10
988,15.5833333333333,17,14,9,12,12,10,19,11,10,14,10,7,59,65,8,187,15;06-15;11,6,8,6,9,8,9,8,6,5,9,7,14,8,7,6
989,15.6666666666667,25,14,10,16,12,11,25,11,13,20,10,14,65,60,8,188,15;06-15;11,10,8,9,9,12,9,13,8,10,9,7,14,8,8,9
990,15.6666666666667,15,8,5,10,13,12,15,5,12,20,6,11,44,52,6,188,15;06-15;11,5,4,5,10,6,4,13,4,8,6,5,9,4,9,8
991,15.6666666666667,25,18,16,17,17,17,26,10,16,13,9,12,79,75,5,188,15;06-15;11,10,11,10,13,12,8,7,11,9,8,10,8,13,12,12
992,15.6666666666667,15,14,11,14,11,14,23,9,12,15,5,12,44,30,2,188,15;06-15;11,5,8,8,7,10,8,10,4,9,5,1,2,8,10,8
993,15.6666666666667,25,17,12,17,11,8,26,12,16,14,6,10,80,65,8,188,15;06-15;11,10,10,10,7,12,10,8,13,7,6,7,14,9,6,12
994,15.6666666666667,20,12,11,9,4,6,16,13,12,17,5,10,63,77,7,188,15;06-15;11,7,7,4,1,6,11,11,8,7,5,11,12,8,4,8
995,15.6666666666667,24,14,11,17,13,13,23,8,18,9,9,13,67,64,3,188,15;06-15;11,10,8,10,10,10,7,5,9,10,8,7,4,8,9,14
996,15.6666666666667,23,18,10,16,9,14,25,14,15,17,6,14,84,80,6,188,15;06-15;11,9,11,9,5,12,12,11,14,10,6,12,9,8,10,11
997,15.6666666666667,17,7,4,10,8,15,27,9,13,7,10,9,51,54,3,188,15;06-15;11,6,3,5,5,13,8,3,5,7,9,5,4,3,11,9
998,15.6666666666667,28,17,13,14,14,15,23,10,15,21,15,18,72,55,5,188,15;06-15;11,12,10,8,10,10,8,14,10,14,15,6,8,10,11,11
999,15.6666666666667,32,19,16,20,13,15,19,9,15,21,10,17,84,78,6,188,15;06-15;11,15,13,13,10,8,8,14,14,13,9,11,9,13,11,11
1000,15.6666666666667,30,20,15,18,12,18,26,14,16,14,14,18,71,76,5,188,15;06-15;11,13,14,11,9,12,12,8,10,14,13,11,8,12,13,12
1001,15.75,21,18,18,12,11,12,13,10,16,12,12,11,67,74,5,189,15;06-15;11,8,11,6,7,5,8,7,9,8,11,10,8,14,9,12
1002,15.75,28,19,14,13,17,10,25,16,16,16,6,17,70,90,5,189,15;06-15;11,12,13,7,13,12,13,10,10,13,6,15,8,11,7,12
1003,15.75,28,15,10,12,11,12,24,12,9,22,9,17,67,82,6,189,15;06-15;11,12,9,6,7,11,10,15,9,13,8,12,9,8,9,5
1004,15.75,18,12,8,19,15,10,19,15,11,22,11,11,78,66,5,189,15;06-15;11,6,7,13,11,8,12,15,11,8,10,9,8,7,7,7
1005,15.75,27,19,13,20,18,14,28,12,15,21,15,15,83,72,6,189,15;06-15;11,11,13,13,14,15,10,14,13,11,15,10,9,10,10,11
1006,15.75,24,10,16,18,19,15,26,13,19,15,11,15,79,76,7,189,15;06-15;11,10,5,11,15,12,11,10,11,11,10,11,12,13,11,15
1007,15.75,28,16,14,13,10,16,25,18,13,7,12,12,62,71,6,189,15;06-15;11,12,9,7,6,12,15,3,8,9,11,10,9,11,12,9
1008,15.75,30,22,12,19,15,13,30,16,18,18,14,20,95,84,8,189,15;06-15;11,13,15,13,11,16,13,12,16,16,13,12,14,9,9,14
1009,15.75,26,19,16,19,16,18,19,11,10,20,12,16,88,80,5,189,15;06-15;11,11,13,13,12,8,9,13,15,12,11,12,8,13,13,6
1010,15.75,21,12,7,12,11,13,16,7,8,19,2,9,65,60,2,189,15;06-15;11,8,7,6,7,6,6,13,8,7,2,7,2,6,9,4
1011,15.75,18,15,6,15,12,13,17,7,10,12,11,7,75,85,6,189,15;06-15;11,6,9,8,9,7,6,7,11,5,10,14,9,5,9,6
1012,15.8333333333333,26,22,17,22,16,22,24,16,17,14,13,20,81,90,6,190,15;06-15;11,11,15,15,12,11,13,8,13,16,12,15,9,13,16,13
1013,15.8333333333333,18,17,11,12,8,6,16,3,7,14,10,13,68,64,4,190,15;06-15;11,6,10,6,5,6,2,8,9,10,9,7,6,8,4,4
1014,15.8333333333333,18,15,8,18,11,9,18,6,16,15,7,17,69,61,5,190,15;06-15;11,6,9,11,7,8,5,10,9,13,7,7,8,7,6,12
1015,15.8333333333333,21,16,15,17,14,12,20,13,18,13,13,9,64,70,8,190,15;06-15;11,8,9,10,10,9,11,7,8,7,12,9,14,12,9,14
1016,15.8333333333333,27,16,13,19,16,15,24,18,12,8,14,13,69,77,7,190,15;06-15;11,11,9,13,12,11,15,4,9,10,13,11,12,10,11,8
1017,15.8333333333333,28,20,15,19,17,18,21,17,17,19,16,16,82,83,7,190,15;06-15;11,12,14,13,13,9,14,13,13,12,16,12,12,12,13,13
1018,15.8333333333333,23,14,11,16,17,10,24,11,8,14,8,10,59,45,5,190,15;06-15;11,9,8,9,13,11,9,8,6,7,8,4,8,8,7,4
1019,15.8333333333333,28,19,18,18,13,19,13,15,16,15,14,16,70,78,8,190,15;06-15;11,12,13,11,10,5,12,10,10,12,13,11,14,14,14,12
1020,15.8333333333333,32,15,12,23,15,16,27,12,18,19,13,16,82,77,7,190,15;06-15;11,15,9,16,11,13,10,13,13,12,12,11,12,9,12,14
1021,15.9166666666667,17,16,12,9,10,9,14,7,8,13,8,10,69,62,7,191,15;06-15;11,6,9,4,6,5,6,7,9,7,8,7,12,9,6,4
1022,15.9166666666667,27,12,16,16,19,16,19,9,15,17,13,14,62,80,8,191,15;06-15;11,11,7,9,15,8,8,11,8,10,12,12,14,13,12,11
1023,15.9166666666667,30,16,16,22,16,17,27,11,13,20,11,18,93,81,6,191,15;06-15;11,13,9,15,12,13,9,13,16,14,10,12,9,13,12,9
1024,15.9166666666667,26,17,11,18,13,13,14,13,14,19,10,16,72,79,5,191,15;06-15;11,11,10,11,10,5,11,13,10,12,9,11,8,8,9,10
1025,15.9166666666667,25,18,4,19,13,12,16,14,12,11,14,14,64,66,5,191,15;06-15;11,10,11,13,10,6,12,6,8,10,13,9,8,3,9,8
1026,15.9166666666667,20,14,14,13,8,14,27,13,16,12,7,18,55,80,6,191,15;06-15;11,7,8,7,5,13,11,7,6,14,7,12,9,11,10,12
1027,15.9166666666667,31,22,17,23,17,19,26,19,17,23,14,14,80,81,7,191,15;06-15;11,15,15,16,13,12,16,16,13,10,13,12,12,13,14,13
1028,15.9166666666667,32,16,16,12,15,13,18,13,12,21,11,7,72,62,6,191,15;06-15;11,15,9,6,11,8,11,14,10,5,10,7,9,13,9,8
1029,15.9166666666667,23,12,8,15,14,16,21,9,16,21,9,11,77,78,4,191,15;06-15;11,9,7,8,10,9,8,14,11,8,8,11,6,7,12,12
1030,15.9166666666667,27,19,16,17,15,15,17,13,14,15,7,13,69,58,5,191,15;06-15;11,11,13,10,11,7,11,10,9,10,7,6,8,13,11,10
1031,15.9166666666667,30,23,18,19,18,18,29,17,15,14,12,14,77,82,7,191,15;06-15;11,13,16,13,14,15,14,8,11,10,11,12,12,14,13,11
1032,15.9166666666667,20,10,10,13,8,9,13,11,12,12,6,7,69,79,6,191,15;06-15;11,7,5,7,5,5,9,7,9,5,6,11,9,8,6,8
1033,15.9166666666667,25,17,13,15,17,11,27,12,11,18,15,12,75,73,5,191,15;06-15;11,10,10,8,13,13,10,12,11,9,15,10,8,10,8,7
1034,15.9166666666667,32,21,19,19,18,13,25,13,13,21,15,11,83,65,6,191,15;06-15;11,15,14,13,14,12,11,14,13,8,15,7,9,15,9,9
1035,16,28,17,13,19,8,14,23,13,17,19,5,10,76,78,6,192,16;00-16;11,12,10,12,5,10,12,13,11,6,5,11,10,10,9,13
1036,16,15,16,14,17,14,17,25,9,15,9,9,17,67,70,5,192,16;00-16;11,4,9,10,10,13,7,5,9,12,8,8,9,11,11,11
1037,16,23,19,11,15,13,17,27,12,10,11,6,16,73,85,6,192,16;00-16;11,9,12,8,10,14,10,6,10,11,6,13,10,8,11,6
1038,16,27,21,13,16,12,16,18,15,14,17,14,9,82,59,7,192,16;00-16;11,11,13,9,9,8,13,11,12,6,13,6,12,10,11,10
1039,16,29,16,14,19,18,16,27,13,13,12,9,13,79,85,8,192,16;00-16;11,12,9,12,14,14,12,8,11,9,8,13,15,11,11,9
1040,16,25,12,9,16,10,13,10,6,7,18,10,15,69,60,5,192,16;00-16;11,10,7,9,7,2,4,12,9,10,9,7,9,7,8,4
1041,16,28,16,19,22,16,22,27,17,14,21,11,12,83,92,3,192,16;00-16;11,12,9,15,12,14,15,14,12,8,10,14,5,16,15,10
1042,16.0833333333333,26,14,11,15,14,9,21,13,17,16,15,17,84,80,4,193,16;00-16;11,11,8,8,10,9,12,10,13,12,15,12,7,8,5,13
1043,16.0833333333333,30,15,19,21,15,19,20,12,17,18,13,18,78,73,6,193,16;00-16;11,13,9,13,11,9,10,12,11,13,12,9,10,16,13,13
1044,16.0833333333333,24,20,18,20,13,11,26,10,14,12,12,13,88,82,7,193,16;00-16;11,10,13,12,10,13,8,8,14,9,11,12,12,15,7,10
1045,16.0833333333333,21,18,9,19,19,16,22,13,16,18,12,15,60,62,8,193,16;00-16;11,8,11,12,15,10,12,12,8,10,11,7,15,7,11,12
1046,16.0833333333333,31,17,16,17,16,19,21,10,14,20,10,10,84,80,3,193,16;00-16;11,14,10,10,12,9,8,13,13,6,9,12,5,13,13,10
1047,16.0833333333333,29,20,11,19,18,20,20,16,17,20,14,16,67,83,6,193,16;00-16;11,12,13,12,14,9,14,13,9,11,13,12,10,8,14,13
1048,16.0833333333333,25,20,17,16,14,13,24,15,15,13,11,16,50,49,6,193,16;00-16;11,10,13,9,10,11,13,8,5,11,10,5,10,13,8,11
1049,16.1666666666667,26,20,15,21,18,15,24,10,17,21,13,18,83,84,6,194,16;00-16;11,11,13,13,14,11,8,14,12,13,12,12,10,12,10,13
1050,16.1666666666667,31,20,12,18,17,19,24,11,19,20,11,17,93,88,7,194,16;00-16;11,14,13,11,13,11,9,13,15,12,10,13,12,9,13,15
1051,16.1666666666667,27,21,14,17,14,15,27,18,19,18,15,14,73,75,8,194,16;00-16;11,11,13,10,10,14,16,12,10,9,15,9,15,11,10,15
1052,16.1666666666667,21,17,5,17,16,14,23,7,15,18,13,16,65,79,6,194,16;00-16;11,8,10,10,12,10,5,12,8,11,12,11,10,3,9,11
1053,16.1666666666667,15,17,8,21,11,7,12,8,7,8,5,5,81,79,4,194,16;00-16;11,4,10,13,8,3,6,4,12,3,5,11,7,6,4,4
1054,16.1666666666667,28,19,14,16,20,19,29,11,9,12,11,20,77,83,6,194,16;00-16;11,12,12,9,16,15,9,8,11,16,10,12,10,11,13,5
1055,16.25,25,15,11,18,15,14,25,12,8,6,9,18,72,58,6,195,16;00-16;11,10,9,11,11,13,10,2,10,13,8,6,10,8,9,4
1056,16.25,21,13,13,14,12,18,21,15,12,12,5,13,69,81,8,195,16;00-16;11,8,7,8,9,9,13,8,9,9,5,12,15,10,12,8
1057,16.25,30,19,17,20,13,16,24,9,11,24,13,15,88,83,8,195,16;00-16;11,13,12,12,10,11,7,17,14,10,12,12,15,13,11,7
1058,16.25,31,17,12,23,19,23,27,9,15,16,14,14,77,80,6,195,16;00-16;11,14,10,16,15,14,7,10,11,9,13,12,10,9,17,11
1059,16.25,28,14,12,17,11,16,18,14,10,14,7,14,75,67,8,195,16;00-16;11,12,8,10,8,8,13,9,11,9,7,8,15,9,11,6
1060,16.25,20,15,7,17,8,17,19,7,13,13,13,10,53,60,5,195,16;00-16;11,7,9,10,5,8,5,8,5,6,12,7,9,5,11,9
1061,16.3333333333333,20,12,15,15,16,13,15,6,10,13,6,13,65,66,6,196,16;00-16;11,7,7,8,12,5,4,8,8,9,6,8,10,12,8,6
1062,16.3333333333333,21,16,11,18,15,14,22,10,15,9,4,17,54,81,3,196,16;00-16;11,8,9,11,11,10,8,5,6,12,4,12,5,8,9,11
1063,16.3333333333333,25,22,15,12,8,6,22,17,15,13,11,17,75,88,8,196,16;00-16;11,10,14,5,5,10,15,8,11,12,10,13,15,12,3,11
1064,16.3333333333333,28,20,15,20,17,15,25,16,16,15,6,16,78,91,5,196,16;00-16;11,12,13,12,13,13,14,10,11,11,6,14,9,12,10,12
1065,16.3333333333333,25,19,13,19,14,17,26,16,16,19,12,15,78,90,6,196,16;00-16;11,10,12,12,10,13,14,13,11,10,11,14,10,10,11,12
1066,16.3333333333333,24,14,8,20,17,12,25,12,16,14,10,18,34,57,4,196,16;00-16;11,10,8,12,13,13,10,9,2,13,9,6,7,6,8,12
1067,16.3333333333333,24,14,10,13,14,15,19,15,16,17,14,14,77,82,4,196,16;00-16;11,10,8,7,10,8,13,11,11,9,13,12,7,8,10,12
1068,16.4166666666667,22,18,7,16,8,8,23,14,17,16,8,16,71,75,5,197,16;00-16;11,8,11,9,5,10,13,10,10,11,8,9,9,5,5,13
1069,16.4166666666667,29,17,12,17,10,14,21,14,16,20,11,19,75,88,7,197,16;00-16;11,12,10,10,7,9,13,13,11,14,10,13,12,9,9,12
1070,16.4166666666667,21,11,13,15,13,17,18,12,12,11,15,5,76,74,7,197,16;00-16;11,8,6,8,10,8,10,6,11,3,15,9,12,10,11,8
1071,16.4166666666667,27,15,14,17,16,15,24,12,17,18,13,18,90,87,5,197,16;00-16;11,11,9,10,12,11,10,12,14,13,12,13,9,11,10,13
1072,16.4166666666667,25,14,8,18,11,14,19,12,15,14,13,18,90,84,4,197,16;00-16;11,10,8,11,8,8,10,9,14,13,12,12,7,6,9,11
1073,16.4166666666667,31,14,13,9,10,14,23,9,16,10,6,11,54,48,4,197,16;00-16;11,14,8,3,7,10,7,5,6,7,6,3,7,10,9,12
1074,16.5,28,17,11,13,16,14,19,12,10,18,8,13,62,64,7,198,16;00-16;11,12,10,7,12,8,10,12,8,9,8,7,12,8,9,6
1075,16.5,22,13,7,16,10,16,22,10,11,10,5,16,65,83,4,198,16;00-16;11,8,7,9,7,10,8,5,8,11,5,12,7,5,11,7
1076,16.5,27,13,10,12,11,8,15,8,14,10,14,15,69,83,4,198,16;00-16;11,11,7,5,8,5,6,5,9,10,13,12,7,8,5,10
1077,16.5,27,18,12,20,13,14,25,10,10,16,13,17,73,79,7,198,16;00-16;11,11,11,12,10,13,8,10,10,12,12,11,12,9,9,6
1078,16.5,23,16,15,14,12,10,18,10,14,15,13,11,79,75,8,198,16;00-16;11,9,9,8,9,8,8,10,11,7,12,9,15,12,6,10
1079,16.5,24,20,9,16,9,14,18,6,9,17,12,14,75,63,4,198,16;00-16;11,10,13,9,5,8,4,11,11,9,11,7,7,7,9,5
1080,16.5,28,20,15,17,14,19,24,13,16,21,14,16,78,83,5,198,16;00-16;11,12,13,10,10,11,12,14,11,11,13,12,9,12,13,12
1081,16.5833333333333,29,16,15,16,13,15,24,13,12,21,12,11,81,80,4,199,16;00-16;11,12,9,9,10,11,12,14,12,7,11,12,7,12,10,8
1082,16.5833333333333,21,16,14,9,11,17,21,13,11,17,8,12,72,80,6,199,16;00-16;11,8,9,3,8,9,12,11,10,8,8,12,10,11,11,7
1083,16.5833333333333,24,21,13,19,15,12,25,15,18,18,13,13,87,85,6,199,16;00-16;11,10,13,12,11,13,13,12,13,9,12,13,10,10,8,14
1084,16.5833333333333,24,18,13,21,19,16,24,13,16,16,12,18,88,82,6,199,16;00-16;11,10,11,13,15,11,12,10,14,13,11,12,10,10,11,12
1085,16.5833333333333,22,15,19,17,7,15,19,13,12,13,9,11,58,63,5,199,16;00-16;11,8,9,10,4,8,12,8,6,7,8,7,9,16,10,8
1086,16.6666666666667,31,16,11,17,9,13,24,11,15,17,9,17,85,81,6,200,16;00-16;11,14,9,10,5,11,9,11,13,12,8,12,10,8,8,11
1087,16.6666666666667,30,17,15,20,19,17,30,11,17,22,14,17,77,86,8,200,16;00-16;11,13,10,12,15,16,9,15,11,12,13,13,15,12,11,13
1088,16.6666666666667,9,6,13,4,16,10,8,6,9,15,3,7,25,52,7,200,16;00-16;11,1,1,1,12,1,4,10,1,4,3,5,12,10,6,5
1089,16.6666666666667,21,20,16,20,13,11,20,15,14,16,11,14,59,75,5,200,16;00-16;11,8,13,12,10,9,13,10,6,9,10,9,9,13,7,10
1090,16.6666666666667,25,18,13,20,18,15,24,14,16,20,14,17,84,90,7,200,16;00-16;11,10,11,12,14,11,13,13,13,12,13,14,12,10,10,12
1091,16.6666666666667,18,13,11,20,12,13,22,10,13,15,10,11,79,58,4,200,16;00-16;11,6,7,12,9,10,8,10,11,7,9,6,7,8,8,9
1092,16.6666666666667,21,16,10,20,16,15,19,18,12,19,13,17,84,89,5,200,16;00-16;11,8,9,12,12,8,16,13,13,12,12,14,9,8,10,8
1093,16.6666666666667,29,22,16,23,12,18,24,15,15,21,15,16,81,74,7,200,16;00-16;11,12,14,16,9,11,13,14,12,11,15,9,12,13,12,11
1094,16.6666666666667,30,16,13,19,15,19,26,15,20,14,13,15,77,87,4,200,16;00-16;11,13,9,12,11,13,13,9,11,10,12,13,7,10,13,16
1095,16.6666666666667,30,18,12,16,15,19,21,10,14,19,14,16,86,60,7,200,16;00-16;11,13,11,9,11,9,8,13,13,11,13,7,12,9,13,10
1096,16.75,32,18,16,20,20,18,19,12,16,18,8,14,83,79,8,201,16;00-16;11,14,11,12,16,8,10,12,12,9,8,11,15,13,12,12
1097,16.75,20,18,14,15,12,14,27,16,12,17,11,14,81,79,2,201,16;00-16;11,7,11,8,9,14,14,11,12,9,10,11,3,11,9,8
1098,16.75,26,14,11,11,14,18,23,16,14,15,8,15,43,65,5,201,16;00-16;11,11,8,4,10,10,14,10,4,10,8,7,9,8,12,10
1099,16.75,18,14,7,16,11,6,25,11,14,13,9,11,66,74,5,201,16;00-16;11,6,8,9,8,13,9,8,9,7,8,9,9,5,3,10
1100,16.75,20,8,12,19,12,11,15,5,13,16,6,6,69,74,3,201,16;00-16;11,7,3,12,9,5,3,10,9,3,6,9,5,9,7,9
1101,16.75,24,21,10,16,15,19,26,11,11,15,10,12,80,78,7,201,16;00-16;11,10,13,9,11,13,9,10,12,8,9,11,12,8,13,7
1102,16.75,31,19,18,19,14,21,27,19,13,19,13,20,80,80,7,201,16;00-16;11,14,12,12,10,14,17,13,12,16,12,12,12,15,14,9
1103,16.75,29,22,17,20,16,22,21,13,9,14,14,14,79,85,7,201,16;00-16;11,12,14,12,12,9,12,9,11,9,13,13,12,13,15,5
1104,16.8333333333333,21,14,11,15,18,10,10,10,9,16,10,12,72,73,8,202,16;00-16;11,8,8,8,14,2,8,10,10,8,9,9,15,8,6,5
1105,16.8333333333333,27,22,15,18,18,15,23,15,19,24,12,18,81,92,8,202,16;00-16;11,11,14,11,14,10,13,17,12,13,11,14,15,12,10,15
1106,16.8333333333333,11,6,5,14,4,8,13,6,10,7,1,6,22,39,4,202,16;00-16;11,2,1,8,1,4,4,3,1,3,1,2,7,3,5,6
1107,16.8333333333333,19,14,15,16,12,14,18,10,15,14,13,12,46,73,5,202,16;00-16;11,7,8,9,9,8,8,9,4,8,12,9,9,12,9,11
1108,16.8333333333333,29,15,13,13,19,17,27,11,16,16,11,8,78,93,4,202,16;00-16;11,12,9,7,15,14,9,10,11,5,10,15,7,10,11,12
1109,16.8333333333333,29,17,17,17,18,20,22,13,12,20,13,20,76,79,7,202,16;00-16;11,12,10,10,14,10,12,13,11,16,12,11,12,13,14,8
1110,16.8333333333333,30,20,14,17,13,15,22,6,7,17,7,18,51,50,4,202,16;00-16;11,13,13,10,10,10,4,11,5,13,7,5,7,11,10,4
1111,16.8333333333333,26,20,17,22,19,19,19,9,15,20,15,17,72,80,7,202,16;00-16;11,11,13,15,15,8,7,13,10,12,15,12,12,13,13,11
1112,16.9166666666667,9,8,9,20,11,11,22,6,16,14,5,15,81,59,3,203,16;00-16;11,1,3,12,8,10,4,9,12,10,5,6,5,7,7,12
1113,16.9166666666667,29,23,15,19,16,17,23,13,17,19,13,14,85,62,8,203,16;00-16;11,12,15,12,12,10,12,13,13,9,12,7,15,12,11,13
1114,16.9166666666667,33,23,7,9,8,20,20,7,11,11,13,12,82,54,5,203,16;00-16;11,15,15,3,5,9,5,6,12,8,12,5,9,5,14,7
1115,16.9166666666667,27,18,16,14,12,15,27,11,16,9,13,18,86,59,6,203,16;00-16;11,11,11,8,9,14,9,5,13,13,12,6,10,13,10,12
1116,17,24,12,10,19,12,11,17,11,11,14,8,11,56,60,4,204,17;00-17;11,10,7,12,8,7,9,8,7,7,7,8,6,8,7,6
1117,17,25,20,9,11,13,16,18,10,15,13,6,12,77,79,5,204,17;00-17;11,10,14,5,10,8,8,7,11,8,5,11,8,7,11,11
1118,17,23,16,10,19,9,20,20,16,16,16,13,17,60,64,4,204,17;00-17;11,9,9,12,5,9,13,9,8,12,12,8,6,8,14,12
1119,17,25,18,16,17,13,13,23,8,13,19,14,20,77,76,5,204,17;00-17;11,10,11,10,10,11,6,12,11,15,13,11,8,14,8,9
1120,17,30,20,14,21,15,22,31,11,11,18,13,18,60,51,6,204,17;00-17;11,14,14,13,11,16,9,11,8,13,12,6,9,11,16,6
1121,17,11,6,3,10,6,9,25,6,8,7,13,10,74,50,4,204,17;00-17;11,1,1,5,2,13,4,2,10,6,12,6,6,1,4,3
1122,17.0833333333333,26,20,16,19,14,13,24,11,12,22,10,19,88,89,7,205,17;00-17;11,11,14,12,10,12,9,15,15,14,8,15,12,14,8,8
1123,17.0833333333333,22,15,13,22,15,14,21,16,16,15,9,16,81,72,7,205,17;00-17;11,8,9,14,11,9,13,9,12,11,7,10,12,10,9,12
1124,17.0833333333333,31,12,11,18,17,19,16,15,14,16,7,10,76,84,3,205,17;00-17;11,15,7,11,13,6,12,9,11,6,6,12,4,8,13,10
1125,17.0833333333333,29,20,14,18,11,14,21,13,16,18,10,16,80,81,4,205,17;00-17;11,12,14,11,7,9,11,11,12,11,8,12,6,11,9,12
1126,17.0833333333333,24,11,11,11,12,14,17,13,16,15,8,15,72,81,6,205,17;00-17;11,10,6,5,8,7,11,9,10,10,7,12,9,8,9,12
1127,17.0833333333333,20,15,13,13,15,9,17,11,14,10,11,12,58,45,4,205,17;00-17;11,6,9,7,11,7,9,4,7,8,9,4,6,10,4,10
1128,17.0833333333333,30,20,14,14,16,14,21,20,15,23,16,20,82,88,7,205,17;00-17;11,14,14,8,12,9,16,16,12,15,17,13,12,11,9,11
1129,17.0833333333333,23,13,13,17,15,15,19,5,13,9,9,11,47,35,6,205,17;00-17;11,9,7,10,11,8,3,4,5,7,7,2,9,10,10,9
1130,17.0833333333333,30,18,16,17,18,16,22,11,15,19,7,12,74,78,7,205,17;00-17;11,14,11,10,14,11,9,12,10,8,6,11,12,14,11,11
1131,17.0833333333333,28,21,14,19,13,14,20,12,8,20,13,14,86,72,8,205,17;00-17;11,12,14,12,10,9,10,12,14,9,12,10,14,11,9,3
1132,17.0833333333333,26,14,5,18,13,14,20,8,9,10,4,13,48,59,5,205,17;00-17;11,11,8,11,10,9,6,4,5,9,2,7,8,2,9,4
1133,17.1666666666667,21,12,13,12,9,10,28,13,13,18,10,15,67,79,7,206,17;00-17;11,8,7,6,5,15,11,11,9,10,8,11,12,10,5,9
1134,17.1666666666667,21,16,11,16,15,13,10,13,14,18,12,12,48,61,4,206,17;00-17;11,8,9,9,11,3,11,11,5,8,11,8,6,8,8,10
1135,17.1666666666667,26,14,10,16,12,13,12,10,13,13,14,20,71,70,8,206,17;00-17;11,11,8,9,8,4,8,7,10,15,13,9,14,8,8,9
1136,17.1666666666667,16,16,8,17,13,13,20,11,10,7,6,6,66,59,3,206,17;00-17;11,4,9,10,10,9,9,2,9,2,5,7,4,6,8,5
1137,17.1666666666667,15,15,10,17,13,10,22,13,16,16,12,13,79,60,3,206,17;00-17;11,4,9,10,10,11,11,9,11,9,11,8,4,8,5,12
1138,17.1666666666667,28,19,16,22,20,16,19,13,16,18,14,16,83,64,6,206,17;00-17;11,12,12,14,17,8,11,11,12,11,13,8,9,14,11,12
1139,17.1666666666667,27,11,11,18,13,16,24,12,13,17,10,13,70,91,6,206,17;00-17;11,11,6,11,10,12,10,10,10,9,8,15,9,8,11,9
1140,17.1666666666667,21,16,12,21,16,22,13,13,14,19,10,16,79,81,7,206,17;00-17;11,8,9,13,12,5,11,12,11,11,8,12,12,9,16,10
1141,17.1666666666667,30,19,12,22,16,19,27,15,18,16,11,20,80,91,5,206,17;00-17;11,14,12,14,12,14,12,9,12,15,9,15,8,9,13,14
1142,17.1666666666667,20,8,13,13,13,14,21,12,14,13,9,15,66,60,8,206,17;00-17;11,6,3,7,10,9,10,7,9,10,7,8,14,10,9,10
1143,17.1666666666667,25,15,4,13,12,15,18,11,12,13,11,12,62,42,8,206,17;00-17;11,10,9,7,8,8,9,7,8,8,9,3,14,1,10,8
1144,17.25,19,17,16,19,14,17,17,17,13,11,11,13,60,83,8,207,17;00-17;11,6,10,12,10,7,14,6,8,9,9,12,14,14,11,9
1145,17.25,29,18,16,19,15,17,21,17,19,20,11,16,68,73,7,207,17;00-17;11,12,11,12,11,9,14,12,9,11,9,10,12,14,11,16
1146,17.25,23,12,11,16,12,14,13,15,11,19,8,19,85,80,6,207,17;00-17;11,9,7,9,8,5,12,12,14,14,7,12,9,8,9,6
1147,17.25,14,9,8,15,8,7,15,14,11,15,6,7,41,45,3,207,17;00-17;11,3,3,8,5,6,12,9,3,4,5,4,4,6,3,6
1148,17.25,26,15,12,14,13,17,17,13,14,18,15,15,90,77,7,207,17;00-17;11,11,9,8,10,7,11,11,15,10,15,11,12,9,11,10
1149,17.25,15,15,8,19,11,10,27,15,14,16,12,12,78,87,6,207,17;00-17;11,4,9,12,7,14,12,9,11,8,11,13,9,6,5,10
1150,17.25,30,16,18,21,16,19,23,6,13,16,10,15,76,76,7,207,17;00-17;11,14,9,13,12,11,4,9,11,10,8,11,12,15,13,9
1151,17.25,22,16,17,20,17,13,23,12,15,13,14,13,74,58,7,207,17;00-17;11,8,9,12,13,11,10,7,10,9,13,7,12,14,8,11
1152,17.25,27,15,9,19,20,22,24,10,14,20,13,18,88,83,6,207,17;00-17;11,11,9,12,17,12,8,12,15,13,12,12,9,7,16,10
1153,17.25,31,19,18,19,14,18,23,16,16,19,11,19,61,69,6,207,17;00-17;11,15,12,12,10,11,13,12,8,14,9,9,9,15,12,12
1154,17.25,24,22,11,20,19,19,21,13,17,21,14,15,58,62,6,207,17;00-17;11,10,15,12,15,9,11,14,7,10,13,8,9,8,13,13
1155,17.25,30,19,17,12,10,11,22,17,13,19,14,19,66,57,6,207,17;00-17;11,14,12,6,6,11,14,12,9,14,13,7,9,14,7,9
1156,17.25,29,20,18,14,19,14,28,14,19,12,15,13,89,89,8,207,17;00-17;11,12,14,8,15,15,12,7,15,9,15,15,14,15,9,16
1157,17.25,23,14,9,13,11,9,24,13,14,13,12,18,77,66,5,207,17;00-17;11,9,8,7,7,12,11,7,11,13,11,9,8,7,4,10
1158,17.25,26,19,16,12,12,16,23,18,13,18,11,14,82,75,8,207,17;00-17;11,11,12,6,8,11,15,11,12,9,9,10,14,14,11,9
1159,17.3333333333333,22,19,17,18,16,16,20,10,14,12,12,14,77,83,6,208,17;00-17;11,8,12,11,12,9,8,7,11,9,11,12,9,14,11,10
1160,17.3333333333333,24,16,12,17,12,14,30,14,15,20,14,15,58,68,6,208,17;00-17;11,10,9,10,8,16,12,12,7,10,13,9,9,9,9,11
1161,17.3333333333333,25,11,9,21,14,19,19,15,15,15,11,19,54,58,6,208,17;00-17;11,10,6,13,10,8,12,9,7,14,9,7,9,7,13,11
1162,17.3333333333333,31,21,18,19,10,18,30,18,16,19,9,19,62,84,7,208,17;00-17;11,15,14,12,6,16,15,12,8,14,7,12,12,15,12,12
1163,17.3333333333333,27,19,14,23,17,18,26,17,15,20,16,17,77,72,6,208,17;00-17;11,11,12,16,13,13,14,12,11,12,17,10,9,11,12,11
1164,17.3333333333333,24,20,16,15,7,9,22,13,9,17,13,13,50,55,5,208,17;00-17;11,10,14,8,4,11,11,10,6,9,12,7,8,14,4,4
1165,17.3333333333333,17,11,9,15,17,13,18,12,15,15,9,11,69,82,3,208,17;00-17;11,5,6,8,13,8,10,9,9,7,7,12,4,7,8,11
1166,17.4166666666667,18,16,16,12,10,13,16,5,10,11,8,11,26,44,7,209,17;00-17;11,5,9,6,6,6,3,6,1,7,7,4,12,14,8,5
1167,17.4166666666667,27,12,15,12,13,8,15,7,10,18,14,11,83,68,6,209,17;00-17;11,11,7,6,10,6,5,11,12,7,13,9,9,12,4,5
1168,17.4166666666667,28,16,8,20,17,17,20,9,12,13,14,13,72,76,4,209,17;00-17;11,12,9,12,13,9,7,7,10,9,13,11,6,6,11,8
1169,17.4166666666667,25,18,13,20,17,16,22,14,16,17,12,9,81,84,7,209,17;00-17;11,10,11,12,13,11,12,10,12,6,11,12,12,10,11,12
1170,17.4166666666667,25,18,11,20,16,19,19,10,12,19,14,15,71,83,7,209,17;00-17;11,10,11,12,12,8,8,12,10,10,13,12,12,8,13,8
1171,17.4166666666667,29,21,14,11,11,12,25,9,14,21,12,12,81,79,4,209,17;00-17;11,12,14,5,7,13,7,14,12,8,11,11,6,11,8,10
1172,17.4166666666667,23,19,14,19,15,12,21,14,18,21,16,18,80,95,8,209,17;00-17;11,9,12,12,11,9,12,14,12,13,17,16,14,11,8,14
1173,17.4166666666667,22,16,12,19,17,18,30,10,19,15,10,17,84,82,8,209,17;00-17;11,8,9,12,13,16,8,9,14,12,8,12,14,9,12,16
1174,17.4166666666667,25,16,12,11,12,19,25,12,18,17,14,20,70,78,7,209,17;00-17;11,10,9,5,8,13,10,10,10,15,13,11,12,9,13,14
1175,17.5,20,14,9,10,13,14,22,8,12,10,8,14,79,77,6,210,17;00-17;11,6,8,5,10,11,6,4,11,9,7,11,9,7,9,8
1176,17.5,21,17,10,14,11,17,23,8,12,12,11,16,64,59,7,210,17;00-17;11,8,10,8,7,11,6,7,8,11,9,7,12,8,11,8
1177,17.5,19,18,11,15,14,16,18,15,12,12,12,10,63,78,7,210,17;00-17;11,6,11,8,10,8,12,7,8,6,11,11,12,8,11,8
1178,17.5,23,19,9,19,13,20,21,12,16,16,11,16,55,59,8,210,17;00-17;11,9,12,12,10,9,10,9,7,11,9,7,14,7,14,12
1179,17.5,30,21,14,19,17,15,19,13,12,14,12,18,88,86,6,210,17;00-17;11,14,14,12,13,8,11,8,15,13,11,13,9,11,10,8
1180,17.5833333333333,26,21,13,22,14,19,27,13,18,19,14,17,78,62,7,211,17;00-17;11,11,14,14,10,14,11,12,11,12,13,8,12,10,13,14
1181,17.5833333333333,29,16,17,20,9,18,22,8,10,14,16,18,80,66,7,211,17;00-17;11,12,9,12,5,11,6,8,12,13,17,9,12,14,12,5
1182,17.5833333333333,26,15,14,17,11,12,26,11,13,20,12,11,46,63,6,211,17;00-17;11,11,9,10,7,13,9,12,5,7,11,8,9,11,8,9
1183,17.5833333333333,21,13,12,12,10,12,24,8,17,17,13,9,67,70,7,211,17;00-17;11,8,7,6,6,12,6,10,9,6,12,9,12,9,8,13
1184,17.5833333333333,25,15,13,20,14,11,23,14,18,17,7,14,82,65,5,211,17;00-17;11,10,9,12,10,11,12,10,12,9,6,8,8,10,7,14
1185,17.5833333333333,28,11,18,13,17,13,23,15,10,11,12,14,78,79,7,211,17;00-17;11,12,6,7,13,11,12,6,11,9,11,11,12,15,8,5
1186,17.5833333333333,21,14,7,14,16,11,15,9,8,11,12,13,81,58,6,211,17;00-17;11,8,8,8,12,6,7,6,12,9,11,7,9,5,7,3
1187,17.5833333333333,30,16,15,20,16,10,29,14,12,18,7,16,68,74,5,211,17;00-17;11,14,9,12,12,15,12,11,9,11,6,10,8,12,5,8
1188,17.5833333333333,26,12,15,6,14,11,22,11,13,12,10,10,71,87,6,211,17;00-17;11,11,7,1,10,11,9,7,10,6,8,13,9,12,7,9
1189,17.5833333333333,26,19,14,18,11,12,26,11,14,20,13,18,84,97,8,211,17;00-17;11,11,12,11,7,13,9,12,14,13,12,17,14,11,8,10
1190,17.5833333333333,26,16,8,18,15,18,19,12,11,23,12,14,63,71,4,211,17;00-17;11,11,9,11,11,8,10,16,8,9,11,10,6,6,12,6
1191,17.5833333333333,21,17,8,17,14,18,29,15,19,19,12,12,59,59,7,211,17;00-17;11,8,10,10,10,15,12,12,7,8,11,7,12,6,12,16
1192,17.6666666666667,27,21,13,19,16,23,17,13,15,21,11,17,70,81,5,212,17;00-17;11,11,14,12,12,7,11,14,10,12,9,12,8,10,17,11
1193,17.6666666666667,23,9,13,21,20,21,21,13,17,20,13,14,74,88,8,212,17;00-17;11,9,3,13,17,9,11,12,10,9,12,13,14,10,14,13
1194,17.6666666666667,26,23,14,19,19,18,21,9,13,19,16,16,66,66,7,212,17;00-17;11,11,16,12,15,9,7,12,9,11,17,9,12,11,12,9
1195,17.6666666666667,18,10,16,21,15,16,19,11,15,13,12,19,80,75,6,212,17;00-17;11,5,5,13,11,8,9,7,12,14,11,10,9,14,11,11
1196,17.6666666666667,31,21,16,20,15,19,29,16,17,21,14,18,79,82,8,212,17;00-17;11,15,14,12,11,15,13,14,11,13,13,12,14,14,13,13
1197,17.6666666666667,29,21,12,21,18,19,19,16,13,18,14,18,80,82,7,212,17;00-17;11,12,14,13,14,8,13,11,12,13,13,12,12,9,13,9
1198,17.6666666666667,30,18,11,19,13,18,20,11,16,10,6,8,49,89,5,212,17;00-17;11,14,11,12,10,9,9,4,6,5,5,15,8,8,12,12
1199,17.6666666666667,33,20,12,17,17,18,15,11,17,15,11,14,86,85,6,212,17;00-17;11,16,14,10,13,6,9,9,14,9,9,13,9,9,12,13
1200,17.6666666666667,30,18,10,20,20,14,25,10,16,20,10,17,68,77,7,212,17;00-17;11,14,11,12,17,13,8,12,9,12,8,11,12,8,9,12
1201,17.75,26,17,10,13,13,16,12,9,14,17,8,13,78,59,1,213,17;00-17;11,11,10,7,10,4,7,10,11,9,7,7,1,8,11,10
1202,17.75,28,22,16,17,17,15,28,14,17,19,12,18,77,90,8,213,17;00-17;11,12,15,10,13,15,12,12,11,13,11,15,14,14,10,13
1203,17.75,20,19,14,15,17,16,29,14,15,21,9,17,91,88,6,213,17;00-17;11,6,12,8,13,15,12,14,15,12,7,13,9,11,11,11
1204,17.75,25,12,10,19,12,20,22,15,17,21,11,14,56,57,7,213,17;00-17;11,10,7,12,8,11,12,14,7,9,9,7,12,8,14,13
1205,17.75,30,17,15,11,15,11,14,11,13,18,14,15,80,82,7,213,17;00-17;11,14,10,5,11,5,9,11,12,10,13,12,12,12,7,9
1206,17.8333333333333,19,18,16,20,15,17,23,11,10,21,10,18,50,64,4,214,17;00-17;11,6,11,12,11,11,9,14,6,13,8,8,6,14,11,5
1207,17.8333333333333,25,16,15,12,7,11,23,10,13,17,13,13,87,78,8,214,17;00-17;11,10,9,6,4,11,8,10,14,9,12,11,14,12,7,9
1208,17.8333333333333,25,17,12,22,17,20,23,9,15,21,8,14,54,77,6,214,17;00-17;11,10,10,14,13,11,7,14,7,9,7,11,9,9,14,11
1209,17.8333333333333,23,16,13,13,14,15,19,15,19,20,10,8,79,85,6,214,17;00-17;11,9,9,7,10,8,12,12,11,5,8,13,9,10,10,16
1210,17.8333333333333,29,18,15,17,14,16,22,11,13,15,12,14,58,46,7,214,17;00-17;11,12,11,10,10,11,9,9,7,9,11,4,12,12,11,9
1211,17.9166666666667,21,17,14,17,15,18,12,8,14,22,11,11,60,63,4,215,17;00-17;11,8,10,10,11,4,6,15,8,7,9,8,6,11,12,10
1212,17.9166666666667,29,15,13,17,14,15,25,12,15,17,11,17,61,60,8,215,17;00-17;11,12,9,10,10,13,10,10,8,12,9,8,14,10,10,11
1213,17.9166666666667,25,20,10,15,11,19,26,16,17,16,8,17,84,71,6,215,17;00-17;11,10,14,8,7,13,13,9,14,12,7,10,9,8,13,13
1214,17.9166666666667,25,13,15,17,13,16,18,13,16,16,8,10,83,82,6,215,17;00-17;11,10,7,10,10,8,11,9,12,6,7,12,9,12,11,12
1215,17.9166666666667,28,19,13,15,13,18,22,14,16,20,15,19,77,75,6,215,17;00-17;11,12,12,8,10,11,12,12,11,14,15,10,9,10,12,12
1216,17.9166666666667,23,22,15,20,10,14,18,18,14,19,13,14,70,78,7,215,17;00-17;11,9,15,12,6,8,15,12,10,9,12,11,12,12,9,10
1217,17.9166666666667,20,10,12,16,10,15,17,4,13,16,7,9,27,57,5,215,17;00-17;11,6,5,9,6,7,2,9,1,6,6,7,8,9,10,9
1218,18,26,14,7,13,12,12,22,5,16,14,11,17,73,49,8,216,18;00-18;11,10,7,5,7,9,1,7,9,12,9,4,14,3,7,12
1219,18,25,19,10,18,12,15,15,11,12,12,11,16,71,76,6,216,18;00-18;11,9,12,10,7,5,8,6,9,10,9,10,9,7,9,7
1220,18,23,17,10,22,16,16,24,13,13,16,12,19,69,68,8,216,18;00-18;11,8,9,14,11,11,10,8,8,14,10,8,14,7,11,8
1221,18,29,17,13,23,18,18,21,10,15,16,13,16,77,73,7,216,18;00-18;11,12,9,15,14,8,7,8,10,10,11,9,12,10,12,11
1222,18,27,19,16,18,14,12,20,17,9,16,12,16,80,82,7,216,18;00-18;11,10,12,10,9,8,14,8,12,10,10,12,12,13,7,4
1223,18,23,22,14,18,19,19,24,10,15,12,12,13,80,75,6,216,18;00-18;11,8,14,10,15,11,7,6,12,8,10,9,9,11,13,11
1224,18,14,9,7,18,8,15,12,12,14,16,8,10,70,71,5,216,18;00-18;11,2,2,10,4,3,9,8,9,4,6,9,8,3,9,9
1225,18,29,23,15,18,19,17,20,16,16,17,13,17,66,63,8,216,18;00-18;11,12,16,10,15,8,13,10,8,12,11,6,14,12,11,12
1226,18.0833333333333,27,14,10,17,15,19,21,12,12,23,10,17,83,79,5,217,18;00-18;11,10,7,9,10,8,9,16,12,12,8,10,8,7,13,7
1227,18.0833333333333,21,12,14,17,11,16,19,12,13,17,11,11,84,80,7,217,18;00-18;11,7,6,9,6,7,9,10,13,5,9,12,12,11,11,8
1228,18.0833333333333,29,19,11,16,16,17,21,6,11,20,13,11,81,82,7,217,18;00-18;11,12,12,8,11,8,2,12,12,5,11,12,12,7,11,6
1229,18.0833333333333,25,17,13,21,12,11,17,9,14,18,12,13,58,57,6,217,18;00-18;11,9,9,13,7,6,6,11,5,8,10,5,9,10,6,9
1230,18.0833333333333,29,22,16,22,18,21,30,18,17,24,16,20,81,91,8,217,18;00-18;11,12,14,14,14,15,15,17,12,16,16,14,14,13,14,13
1231,18.0833333333333,29,12,9,13,15,15,17,11,10,16,12,9,51,59,7,217,18;00-18;11,12,6,5,10,6,8,8,4,4,10,5,12,6,9,5
1232,18.0833333333333,20,16,14,16,7,13,11,14,13,14,12,15,75,81,4,217,18;00-18;11,6,8,8,3,3,12,7,10,9,10,12,5,11,7,8
1233,18.0833333333333,25,17,15,18,16,9,27,12,18,17,11,14,70,62,6,217,18;00-18;11,9,9,10,11,13,9,10,9,8,9,6,9,12,4,14
1234,18.1666666666667,20,15,11,19,17,21,27,15,18,16,11,19,68,69,6,218,18;00-18;11,6,8,12,12,13,12,8,8,14,9,8,9,7,14,14
1235,18.1666666666667,16,16,8,10,10,11,22,11,16,13,10,13,75,62,4,218,18;00-18;11,3,8,3,5,9,8,6,10,8,8,6,5,5,6,12
1236,18.1666666666667,29,22,9,21,17,20,28,16,20,16,13,19,79,84,8,218,18;00-18;11,12,14,13,12,14,13,8,10,14,11,12,14,6,14,16
1237,18.1666666666667,18,18,10,6,13,6,20,7,19,18,8,15,65,64,5,218,18;00-18;11,4,11,1,9,8,3,11,7,9,6,6,8,7,1,15
1238,18.1666666666667,32,20,17,19,17,14,26,13,16,20,14,18,82,88,8,218,18;00-18;11,14,13,12,12,12,10,12,12,13,12,13,14,13,8,12
1239,18.1666666666667,23,15,11,14,14,16,17,11,11,17,14,17,86,83,5,218,18;00-18;11,8,8,7,9,6,8,10,13,12,12,12,8,7,11,6
1240,18.1666666666667,31,19,18,20,18,13,23,12,16,18,15,17,69,67,7,218,18;00-18;11,14,12,12,14,9,9,11,8,12,15,8,12,14,7,12
1241,18.1666666666667,26,19,12,22,14,20,25,14,16,16,15,15,93,87,5,218,18;00-18;11,10,12,14,9,12,12,8,16,9,15,13,8,8,14,12
1242,18.25,27,22,14,20,17,23,26,15,14,20,13,17,62,81,8,219,18;00-18;11,10,14,12,12,12,12,12,7,12,11,12,14,11,16,9
1243,18.25,25,17,8,16,14,19,24,13,13,20,14,13,82,87,8,219,18;00-18;11,9,9,8,9,11,10,12,12,8,12,13,14,5,13,8
1244,18.25,31,22,15,23,16,23,26,14,18,17,14,17,73,87,7,219,18;00-18;11,14,14,15,11,12,12,10,9,12,12,13,12,12,16,14
1245,18.25,28,20,19,19,14,17,28,14,17,20,11,18,84,91,8,219,18;00-18;11,12,13,12,9,14,12,12,13,13,9,14,14,16,11,13
1246,18.25,29,19,12,16,12,13,17,13,13,19,7,14,69,75,3,219,18;00-18;11,12,12,8,7,6,10,12,8,8,5,9,4,8,7,8
1247,18.25,25,14,14,20,16,15,23,7,16,21,9,12,68,63,5,219,18;00-18;11,9,7,12,11,9,3,13,8,6,6,6,8,11,9,12
1248,18.25,25,18,14,18,18,16,25,11,12,14,14,13,74,85,4,219,18;00-18;11,9,11,10,14,12,8,7,9,8,12,13,5,11,11,7
1249,18.3333333333333,30,19,10,18,14,14,25,17,13,19,13,15,42,80,5,220,18;00-18;11,13,12,10,9,12,14,12,1,9,11,12,8,7,8,8
1250,18.3333333333333,29,20,14,18,15,16,29,15,17,20,15,18,88,98,6,220,18;00-18;11,12,13,10,10,14,12,12,14,13,15,17,9,11,11,13
1251,18.3333333333333,30,17,16,18,16,21,27,14,19,17,11,17,87,57,7,220,18;00-18;11,13,9,10,11,13,12,10,13,12,9,5,12,13,14,15
1252,18.3333333333333,29,21,15,20,18,21,31,12,15,18,15,19,78,79,5,220,18;00-18;11,12,13,12,14,15,9,11,10,14,15,10,8,12,14,11
1253,18.3333333333333,23,9,17,16,11,11,11,11,10,16,6,18,49,58,5,220,18;00-18;11,8,2,8,6,3,8,8,4,13,4,5,8,13,6,5
1254,18.3333333333333,25,18,14,21,19,22,24,15,16,24,14,19,79,82,6,220,18;00-18;11,9,11,13,15,11,12,17,10,14,12,12,9,11,15,12
1255,18.3333333333333,32,21,17,21,16,21,29,16,19,23,13,16,77,88,8,220,18;00-18;11,14,13,13,11,14,13,16,10,10,11,13,14,13,14,15
1256,18.3333333333333,28,18,14,17,14,18,27,16,16,17,14,11,83,64,6,220,18;00-18;11,12,11,9,9,13,13,10,12,5,12,6,9,11,12,12
1257,18.4166666666667,21,14,13,22,15,14,28,11,10,16,10,9,51,74,5,221,18;00-18;11,7,7,14,10,14,8,8,4,4,8,9,8,10,8,5
1258,18.4166666666667,25,16,11,12,9,12,27,15,15,13,13,17,47,65,4,221,18;00-18;11,9,8,4,4,13,12,6,3,12,11,6,5,7,7,11
1259,18.4166666666667,23,18,14,14,19,15,26,14,17,14,14,13,76,69,2,221,18;00-18;11,8,11,7,15,12,12,7,10,8,12,8,1,11,9,13
1260,18.4166666666667,33,17,14,21,16,19,16,15,15,15,13,17,81,85,6,221,18;00-18;11,15,9,13,11,5,12,8,12,12,11,13,9,11,13,11
1261,18.4166666666667,27,17,10,19,15,14,22,10,13,12,9,15,54,72,6,221,18;00-18;11,10,9,12,10,9,7,6,5,9,6,9,9,7,8,8
1262,18.4166666666667,26,14,13,14,8,13,21,13,12,13,10,13,64,52,4,221,18;00-18;11,10,7,7,4,8,10,6,7,8,8,4,5,10,7,7
1263,18.4166666666667,22,17,10,19,15,14,19,7,9,12,10,19,62,78,5,221,18;00-18;11,7,9,12,10,7,3,6,7,14,8,10,8,7,8,4
1264,18.4166666666667,28,24,18,18,15,14,25,14,17,21,13,19,73,86,6,221,18;00-18;11,12,17,10,10,12,12,13,9,14,11,13,9,14,8,13
1265,18.4166666666667,25,20,15,20,14,16,21,12,12,21,10,17,84,74,7,221,18;00-18;11,9,13,12,9,8,9,13,13,12,8,9,12,12,11,7
1266,18.4166666666667,25,16,15,16,16,13,25,13,19,15,11,17,86,84,6,221,18;00-18;11,9,8,8,11,12,10,8,13,12,9,12,9,12,7,15
1267,18.5,21,16,7,17,14,11,21,16,15,12,13,17,55,73,6,222,18;00-18;11,7,8,9,9,8,13,6,5,12,11,9,9,3,6,11
1268,18.5,27,20,12,14,15,17,22,14,15,19,11,18,70,75,6,222,18;00-18;11,10,13,7,10,9,12,12,9,13,9,9,9,8,11,11
1269,18.5,28,15,13,23,13,15,23,14,17,13,13,15,79,76,6,222,18;00-18;11,12,8,15,9,9,12,6,10,9,11,10,9,10,9,13
1270,18.5,18,15,10,18,18,18,22,17,16,23,9,17,74,83,5,222,18;00-18;11,4,8,10,14,9,14,16,9,12,6,12,8,7,12,12
1271,18.5,29,16,19,13,17,17,22,14,16,21,12,19,84,78,6,222,18;00-18;11,12,8,5,12,9,12,13,13,14,10,10,9,16,11,12
1272,18.5,29,19,12,20,14,14,27,13,16,16,12,16,66,73,6,222,18;00-18;11,12,12,12,9,13,10,8,8,10,10,9,9,8,8,12
1273,18.5,24,17,17,19,12,17,27,10,14,19,10,13,75,70,7,222,18;00-18;11,9,9,12,7,13,7,12,10,8,8,8,12,13,11,9
1274,18.5,32,19,16,21,15,18,29,11,16,22,12,14,88,86,8,222,18;00-18;11,14,12,13,10,14,8,15,14,8,10,13,14,13,12,12
1275,18.5833333333333,24,14,13,19,11,12,20,15,8,16,8,14,69,84,4,223,18;00-18;11,9,7,12,6,8,12,8,8,8,6,12,5,10,7,3
1276,18.5833333333333,30,19,13,22,18,16,24,18,19,17,15,17,93,87,7,223,18;00-18;11,13,12,14,14,11,15,10,16,12,15,13,12,10,11,15
1277,18.5833333333333,29,21,14,17,19,21,23,15,14,14,13,16,79,74,5,223,18;00-18;11,12,13,9,15,9,12,7,10,10,11,9,8,11,14,9
1278,18.5833333333333,28,12,12,18,12,17,13,16,15,13,14,16,72,80,8,223,18;00-18;11,12,6,10,7,4,13,6,9,10,12,12,14,8,11,11
1279,18.5833333333333,27,21,15,19,16,19,25,16,15,18,15,14,76,80,7,223,18;00-18;11,10,13,12,11,12,13,11,10,8,15,12,12,12,13,11
1280,18.5833333333333,26,16,15,23,13,17,20,11,10,19,13,19,82,78,7,223,18;00-18;11,10,8,15,9,8,8,12,12,14,11,10,12,12,11,5
1281,18.5833333333333,27,14,16,16,14,16,23,17,18,17,5,11,75,84,7,223,18;00-18;11,10,7,8,9,9,14,10,10,5,3,12,12,13,11,14
1282,18.5833333333333,22,16,16,20,10,16,24,12,13,18,4,12,88,74,3,223,18;00-18;11,7,8,12,5,11,9,11,14,6,2,9,4,13,11,8
1283,18.5833333333333,30,16,11,20,15,18,24,13,15,21,11,16,70,83,8,223,18;00-18;11,13,8,12,10,11,10,13,9,10,9,12,14,7,12,11
1284,18.6666666666667,33,21,17,17,17,14,30,15,9,14,14,19,79,85,7,224,18;00-18;11,15,13,9,12,15,12,7,10,14,12,13,12,13,8,4
1285,18.6666666666667,23,12,9,14,9,8,19,11,8,15,14,11,77,72,4,224,18;00-18;11,8,6,7,4,7,8,8,10,5,12,9,5,6,4,3
1286,18.6666666666667,28,18,15,17,16,19,15,10,12,17,11,18,69,65,8,224,18;00-18;11,12,11,9,11,5,7,10,8,13,9,6,14,12,13,7
1287,18.6666666666667,33,19,13,18,18,18,22,14,16,17,14,17,73,78,8,224,18;00-18;11,15,12,10,14,9,12,10,9,12,12,10,14,10,12,12
1288,18.6666666666667,25,16,13,17,13,18,28,12,19,17,11,18,83,81,7,224,18;00-18;11,9,8,9,9,14,9,10,12,13,9,12,12,10,12,15
1289,18.6666666666667,32,16,17,21,17,15,22,14,16,13,11,17,80,82,6,224,18;00-18;11,14,8,13,12,9,12,6,12,12,9,12,9,13,9,12
1290,18.6666666666667,27,15,17,21,16,20,19,9,14,15,14,17,81,89,3,224,18;00-18;11,10,8,13,11,7,6,8,12,12,12,14,4,13,14,9
1291,18.6666666666667,22,16,10,12,5,13,22,7,11,15,10,14,46,76,7,224,18;00-18;11,7,8,4,1,9,3,8,3,8,8,10,12,7,7,6
1292,18.6666666666667,29,17,19,21,17,22,24,13,12,11,11,16,77,78,5,224,18;00-18;11,12,9,13,12,11,10,5,10,10,9,10,8,16,15,7
1293,18.6666666666667,23,21,12,14,15,13,18,16,13,22,10,16,87,81,5,224,18;00-18;11,8,13,7,10,7,13,15,13,10,8,12,8,8,7,8
1294,18.75,23,15,13,18,16,16,25,12,14,18,8,16,71,83,7,225,18;00-18;11,8,8,10,11,12,9,11,9,10,6,12,12,10,11,9
1295,18.75,23,23,15,15,18,12,19,11,14,20,12,14,88,89,5,225,18;00-18;11,8,16,7,14,7,8,12,14,8,10,14,8,12,7,9
1296,18.75,28,19,13,16,18,14,27,16,15,15,10,19,80,86,6,225,18;00-18;11,12,12,8,14,13,13,8,12,14,8,13,9,10,8,11
1297,18.75,20,14,13,14,17,15,24,13,12,17,9,15,61,84,5,225,18;00-18;11,6,7,7,12,11,10,10,7,9,6,12,8,10,9,7
1298,18.75,30,22,15,21,19,16,25,14,15,21,12,12,89,91,7,225,18;00-18;11,13,14,13,15,12,12,13,14,6,10,14,12,12,11,11
1299,18.75,32,16,16,13,16,13,29,19,17,18,14,17,88,76,8,225,18;00-18;11,14,8,5,11,14,16,11,14,12,12,10,14,13,7,13
1300,18.75,17,13,10,18,14,12,14,8,11,12,7,15,61,72,7,225,18;00-18;11,4,6,10,9,4,5,6,7,9,5,9,12,7,7,6
1301,18.75,29,21,14,20,17,12,23,10,16,22,13,15,86,70,6,225,18;00-18;11,12,13,12,12,9,7,15,13,9,11,8,9,11,7,12
1302,18.75,23,16,8,17,12,18,27,14,13,19,10,14,81,64,6,225,18;00-18;11,8,8,9,7,13,12,12,12,8,8,6,9,5,12,8
1303,18.75,29,12,7,16,12,21,18,12,17,17,13,15,76,61,5,225,18;00-18;11,12,6,8,7,7,9,10,10,9,11,6,8,3,14,13
1304,18.8333333333333,25,18,9,12,13,9,22,10,8,19,13,16,54,73,5,226,18;00-18;11,9,11,4,9,9,7,12,5,10,11,9,8,6,4,3
1305,18.8333333333333,19,11,16,18,16,17,25,15,17,14,14,13,82,75,7,226,18;00-18;11,6,4,10,11,12,12,7,12,8,12,9,12,13,11,13
1306,18.8333333333333,18,11,14,13,13,13,17,12,12,13,11,14,57,73,5,226,18;00-18;11,4,4,5,9,6,9,6,5,8,9,9,8,11,7,7
1307,18.8333333333333,32,22,15,19,16,21,27,19,15,21,15,16,91,95,7,226,18;00-18;11,14,14,12,11,13,16,13,14,10,15,15,12,12,14,11
1308,18.8333333333333,30,15,16,22,14,21,25,10,15,17,13,16,82,73,5,226,18;00-18;11,13,8,14,9,12,7,10,12,10,11,9,8,13,14,11
1309,18.8333333333333,22,18,12,16,17,13,25,12,16,20,12,12,71,69,6,226,18;00-18;11,7,11,8,12,12,9,12,9,6,10,8,9,8,7,12
1310,18.8333333333333,32,18,11,15,18,18,25,16,13,17,9,14,72,86,7,226,18;00-18;11,14,11,7,14,12,13,10,9,8,6,13,12,7,12,8
1311,18.8333333333333,30,19,16,16,17,15,27,16,19,14,10,19,80,58,8,226,18;00-18;11,13,12,8,12,13,13,7,12,14,8,5,14,13,9,15
1312,18.8333333333333,28,19,18,18,11,15,31,17,17,21,12,18,73,78,7,226,18;00-18;11,12,12,10,6,15,14,13,9,13,10,10,12,14,9,13
1313,18.8333333333333,30,20,13,16,15,15,18,17,13,21,13,14,90,91,3,226,18;00-18;11,13,13,8,10,7,14,13,14,8,11,14,4,10,9,8
1314,18.8333333333333,28,16,13,19,19,14,27,12,16,13,12,12,80,68,6,226,18;00-18;11,12,8,12,15,13,9,6,12,6,10,8,9,10,8,12
1315,18.9166666666667,31,19,17,19,14,17,25,10,13,20,16,18,86,85,6,227,18;00-18;11,14,12,12,9,12,7,12,13,13,16,13,9,13,11,8
1316,18.9166666666667,29,21,12,22,16,20,18,13,12,20,11,11,78,67,5,227,18;00-18;11,12,13,14,11,7,10,12,10,5,9,8,8,8,14,7
1317,18.9166666666667,10,16,10,18,10,14,24,14,11,11,8,19,75,50,7,227,18;00-18;11,1,8,10,5,11,12,5,10,14,6,4,12,7,8,6
1318,18.9166666666667,30,23,16,22,19,22,29,18,18,20,15,17,90,89,8,227,18;00-18;11,13,16,14,15,14,15,12,14,12,15,14,14,13,15,14
1319,18.9166666666667,26,17,9,19,17,12,27,11,14,21,16,16,82,71,8,227,18;00-18;11,10,9,12,12,13,8,13,12,10,16,9,14,6,7,9
1320,18.9166666666667,23,17,13,12,15,15,23,14,16,21,14,17,83,94,8,227,18;00-18;11,8,9,4,10,9,12,13,12,12,12,15,14,10,9,12
1321,18.9166666666667,18,17,13,19,14,12,19,13,16,9,10,13,55,28,6,227,18;00-18;11,4,9,12,9,7,10,3,5,8,8,1,9,10,7,12
1322,18.9166666666667,28,20,19,19,14,16,25,10,18,22,15,19,92,87,8,227,18;00-18;11,12,13,12,9,12,7,15,16,14,15,13,14,16,11,14
1323,18.9166666666667,31,15,15,15,13,10,21,9,13,18,9,15,73,75,6,227,18;00-18;11,14,8,7,9,8,6,11,9,9,6,9,9,12,5,8
1324,18.9166666666667,29,15,11,18,13,11,22,13,14,16,4,12,78,68,5,227,18;00-18;11,12,8,10,9,9,10,8,10,6,2,8,8,7,6,9
1325,19,28,19,14,18,15,20,23,10,12,17,14,14,64,76,5,228,19;00-19;11,12,11,10,10,9,7,10,6,9,12,10,8,10,13,7
1326,19,20,16,11,21,14,19,25,15,15,21,12,15,81,94,7,228,19;00-19;11,6,8,12,9,12,12,13,11,10,10,15,11,7,12,10
1327,19,29,15,14,21,20,19,21,15,11,20,16,13,87,68,7,228,19;00-19;11,12,8,12,16,8,12,12,13,9,16,8,11,10,12,6
1328,19,26,20,17,19,11,19,22,15,11,18,10,19,81,69,7,228,19;00-19;11,10,12,11,6,9,12,11,11,14,8,8,11,13,12,6
1329,19,20,15,15,18,16,20,23,10,18,17,13,15,77,77,4,228,19;00-19;11,6,8,10,11,9,7,10,10,10,11,10,6,12,13,13
1330,19,28,22,16,19,19,18,22,13,15,15,12,16,81,67,6,228,19;00-19;11,12,14,11,14,9,11,8,11,11,10,8,9,13,11,10
1331,19.0833333333333,23,20,9,18,10,7,24,7,13,8,11,12,69,79,7,229,19;00-19;11,8,12,10,5,10,3,3,8,8,9,10,11,6,3,8
1332,19.0833333333333,24,16,10,19,15,14,23,11,15,15,8,14,75,80,6,229,19;00-19;11,9,8,11,10,9,8,8,10,9,6,11,9,7,8,10
1333,19.0833333333333,24,18,10,15,15,10,17,10,15,14,7,8,63,43,5,229,19;00-19;11,9,10,7,10,6,7,7,6,5,5,2,8,7,5,10
1334,19.0833333333333,27,22,7,17,15,18,17,12,18,19,8,18,49,82,6,229,19;00-19;11,10,14,9,10,6,9,12,4,13,6,11,9,4,11,13
1335,19.0833333333333,27,19,13,19,13,10,22,8,18,13,6,15,84,75,8,229,19;00-19;11,10,11,11,9,9,4,6,13,10,4,9,14,9,5,13
1336,19.0833333333333,31,19,14,17,19,19,22,13,15,16,10,15,79,74,8,229,19;00-19;11,14,11,9,14,9,11,8,10,10,8,9,14,10,12,10
1337,19.0833333333333,30,22,14,24,15,21,27,15,15,14,14,17,81,66,7,229,19;00-19;11,13,14,16,10,13,12,7,11,12,12,8,11,10,13,10
1338,19.0833333333333,22,19,12,21,16,16,24,14,14,17,15,13,58,90,8,229,19;00-19;11,7,11,12,11,10,12,10,5,9,15,13,14,8,10,9
1339,19.0833333333333,22,13,10,19,16,12,21,11,16,13,9,16,73,73,5,229,19;00-19;11,7,6,11,11,8,8,6,9,11,6,9,8,7,7,11
1340,19.1666666666667,26,22,15,15,19,14,25,13,14,13,12,15,88,88,7,230,19;00-19;11,10,14,7,14,12,11,6,14,10,10,12,11,12,8,9
1341,19.1666666666667,18,19,19,16,14,16,24,13,19,19,12,12,77,79,5,230,19;00-19;11,5,11,8,9,10,11,12,10,8,10,10,8,15,10,15
1342,19.1666666666667,26,15,13,19,14,14,25,14,17,21,10,13,74,84,6,230,19;00-19;11,10,8,11,9,12,12,13,9,9,8,11,9,9,8,12
1343,19.1666666666667,29,21,15,21,18,23,28,16,20,19,15,16,72,84,7,230,19;00-19;11,12,12,12,13,14,13,12,9,11,15,11,11,12,15,16
1344,19.1666666666667,22,16,16,12,17,18,24,12,12,20,14,14,72,84,6,230,19;00-19;11,7,8,5,12,10,9,12,9,9,12,11,9,13,11,7
1345,19.1666666666667,25,17,12,22,18,20,25,10,15,15,14,14,91,77,7,230,19;00-19;11,9,9,14,13,12,7,8,14,9,12,10,11,8,13,10
1346,19.1666666666667,16,14,5,10,15,11,22,15,17,11,9,10,68,71,8,230,19;00-19;11,3,7,4,10,9,12,5,8,6,6,9,14,1,6,12
1347,19.25,28,20,19,22,19,21,28,16,14,23,16,18,93,93,8,231,19;00-19;11,12,12,14,14,14,13,15,15,13,16,15,14,15,13,9
1348,19.25,22,15,11,17,12,5,19,10,10,12,12,16,68,48,7,231,19;00-19;11,7,8,9,7,7,7,6,8,11,10,4,11,7,1,5
1349,19.25,24,15,9,18,20,22,28,18,16,22,15,18,93,80,6,231,19;00-19;11,9,8,10,16,14,15,14,15,13,15,11,9,6,14,11
1350,19.25,21,9,16,14,8,13,22,10,7,21,10,6,49,36,2,231,19;00-19;11,7,2,7,4,9,7,13,4,2,8,1,2,13,7,3
1351,19.25,29,23,16,21,18,17,28,11,14,17,12,19,84,78,7,231,19;00-19;11,12,15,12,13,14,8,10,13,14,10,10,11,13,10,9
1352,19.3333333333333,22,16,9,23,15,19,25,15,12,17,9,18,81,73,8,232,19;00-19;11,7,8,15,10,12,12,10,11,13,6,9,14,6,12,7
1353,19.3333333333333,23,15,16,19,15,19,19,12,7,17,13,16,68,59,6,232,19;00-19;11,8,8,11,10,7,9,10,8,11,11,6,9,13,12,3
1354,19.3333333333333,26,17,16,18,18,19,21,14,18,22,14,19,80,85,5,232,19;00-19;11,10,9,10,13,8,12,14,11,14,12,12,8,13,12,13
1355,19.3333333333333,21,13,13,13,13,13,22,10,15,13,9,16,70,65,4,232,19;00-19;11,7,6,6,9,9,7,6,9,11,6,7,6,9,7,10
1356,19.3333333333333,22,15,13,9,11,7,11,8,7,16,8,10,52,84,5,232,19;00-19;11,7,8,3,6,2,4,8,4,6,6,11,8,9,3,3
1357,19.3333333333333,23,14,10,21,20,19,27,13,15,18,12,18,84,86,8,232,19;00-19;11,8,7,12,16,13,11,11,13,13,10,12,14,7,12,10
1358,19.3333333333333,19,11,14,17,11,15,13,14,8,14,12,6,56,79,4,232,19;00-19;11,6,5,9,6,3,12,7,5,2,10,10,6,10,9,3
1359,19.3333333333333,28,19,15,20,16,16,23,13,11,9,14,9,85,78,7,232,19;00-19;11,12,11,11,11,9,11,4,13,6,12,10,11,12,10,6
1360,19.4166666666667,28,19,16,22,10,14,22,13,15,16,13,18,77,91,6,233,19;00-19;11,12,11,14,5,9,11,8,10,13,11,13,9,13,8,10
1361,19.4166666666667,21,12,12,16,12,14,22,9,15,19,11,10,75,72,4,233,19;00-19;11,7,6,8,7,9,6,12,10,6,9,9,6,8,8,10
1362,19.4166666666667,29,24,16,18,14,17,20,16,15,18,14,20,77,88,7,233,19;00-19;11,12,16,10,9,8,13,11,10,16,12,12,11,13,10,10
1363,19.4166666666667,25,17,12,13,10,19,14,10,12,15,6,10,69,60,5,233,19;00-19;11,9,9,6,5,3,7,8,8,6,4,7,8,8,12,7
1364,19.4166666666667,23,17,8,17,14,16,21,9,13,13,5,10,57,31,5,233,19;00-19;11,8,9,9,9,8,6,6,5,6,3,1,8,5,10,8
1365,19.4166666666667,27,13,18,16,14,16,28,17,18,18,13,17,78,78,2,233,19;00-19;11,10,6,8,9,14,14,11,10,12,11,10,2,14,10,13
1366,19.4166666666667,27,16,12,20,19,21,24,14,17,22,12,14,70,80,7,233,19;00-19;11,10,8,11,14,10,12,14,9,9,10,11,11,8,13,12
1367,19.5,30,21,12,23,15,22,22,13,18,22,16,16,90,90,5,234,19;00-19;11,13,12,15,10,9,11,14,14,11,16,13,8,8,14,13
1368,19.5,29,22,16,22,13,18,28,12,19,16,11,16,86,87,7,234,19;00-19;11,12,14,14,9,14,9,8,13,11,9,12,11,13,11,15
1369,19.5,25,23,13,13,12,16,18,14,14,20,13,18,75,66,7,234,19;00-19;11,9,15,6,7,7,12,12,10,13,11,8,11,9,10,9
1370,19.5,29,17,15,23,13,18,19,12,12,18,10,18,77,73,6,234,19;00-19;11,12,9,15,9,7,9,11,10,13,8,9,9,12,11,7
1371,19.5,17,17,16,13,6,12,18,12,12,16,8,3,73,63,7,234,19;00-19;11,5,9,6,2,7,9,8,9,1,6,7,11,13,7,7
1372,19.5,26,18,10,18,15,11,14,7,15,11,13,9,41,50,2,234,19;00-19;11,10,10,10,10,3,3,5,1,6,11,5,2,7,6,10
1373,19.5,24,8,11,20,14,15,25,4,8,14,7,16,82,66,8,234,19;00-19;11,9,2,11,9,12,1,7,11,11,5,8,14,7,9,3
1374,19.5,30,19,15,20,16,20,29,13,14,22,11,14,80,76,3,234,19;00-19;11,13,11,11,11,14,11,14,11,9,9,10,5,12,13,9
1375,19.5,28,20,15,20,18,20,21,12,17,20,13,12,86,75,6,234,19;00-19;11,12,12,11,13,8,9,12,13,8,11,9,9,12,13,12
1376,19.5833333333333,21,10,13,14,13,9,17,14,13,10,7,14,56,58,6,235,19;00-19;11,7,3,7,9,6,12,4,5,9,5,6,9,9,4,8
1377,19.5833333333333,18,18,9,18,13,20,20,11,10,18,12,12,66,60,6,235,19;00-19;11,5,10,10,9,8,8,11,8,8,10,7,9,6,13,5
1378,19.5833333333333,27,18,17,19,14,22,22,12,13,16,11,10,84,83,5,235,19;00-19;11,10,10,11,9,9,9,8,13,6,9,11,8,13,14,8
1379,19.5833333333333,21,16,8,19,16,17,20,16,17,15,8,14,62,70,8,235,19;00-19;11,7,8,11,11,8,13,8,6,9,6,8,14,5,10,12
1380,19.5833333333333,31,21,19,17,19,19,24,16,17,24,13,18,78,76,8,235,19;00-19;11,14,12,9,14,10,13,16,10,13,11,10,14,15,12,12
1381,19.5833333333333,26,13,14,13,14,10,16,15,15,16,12,16,68,85,8,235,19;00-19;11,10,6,6,9,5,12,8,8,11,10,12,14,10,5,10
1382,19.5833333333333,15,12,7,15,9,12,24,6,10,11,12,11,58,51,3,235,19;00-19;11,3,6,7,4,10,2,5,5,7,10,5,5,4,7,5
1383,19.5833333333333,25,16,13,20,14,13,23,15,15,18,11,18,67,66,4,235,19;00-19;11,9,8,11,9,9,12,11,8,13,9,8,6,9,7,10
1384,19.5833333333333,25,14,14,12,14,10,17,14,13,17,14,13,59,81,4,235,19;00-19;11,9,7,5,9,6,12,10,5,9,12,11,6,10,5,8
1385,19.6666666666667,31,20,18,24,19,23,29,14,16,22,10,16,80,71,8,236,19;00-19;11,14,12,16,14,14,12,14,11,11,8,9,14,14,15,11
1386,19.6666666666667,30,20,15,21,16,13,29,14,19,23,12,12,74,73,8,236,19;00-19;11,13,12,12,11,14,12,15,9,8,10,9,14,12,7,15
1387,19.6666666666667,25,22,9,16,17,13,25,12,17,21,11,15,87,83,8,236,19;00-19;11,9,14,8,12,12,9,13,13,10,9,11,14,6,7,12
1388,19.6666666666667,31,20,14,21,12,18,21,14,16,18,12,14,79,88,6,236,19;00-19;11,14,12,12,7,8,12,11,10,9,10,12,9,10,11,11
1389,19.6666666666667,32,18,16,19,16,14,28,11,15,18,13,15,67,74,4,236,19;00-19;11,14,10,11,11,14,8,11,8,10,11,9,6,13,8,10
1390,19.6666666666667,32,21,19,17,16,15,29,14,16,22,16,16,96,87,7,236,19;00-19;11,14,12,9,11,14,12,14,16,11,16,12,11,15,9,11
1391,19.6666666666667,29,20,15,18,17,15,25,14,17,21,14,15,80,88,7,236,19;00-19;11,12,12,10,12,12,12,13,11,10,12,12,11,12,9,12
1392,19.6666666666667,27,17,11,22,12,15,27,15,16,22,13,16,76,72,4,236,19;00-19;11,10,9,14,7,13,12,14,10,11,11,9,6,7,9,11
1393,19.6666666666667,14,13,9,12,12,10,16,12,16,14,11,11,60,47,2,236,19;00-19;11,2,6,5,7,5,9,7,6,7,9,4,2,6,5,11
1394,19.6666666666667,33,22,18,23,19,22,32,17,18,17,13,19,92,83,8,236,19;00-19;11,15,14,15,14,16,14,10,15,14,11,11,14,14,14,13
1395,19.6666666666667,28,20,16,15,10,17,26,7,14,19,12,9,67,83,6,236,19;00-19;11,12,12,7,5,12,3,12,8,6,10,11,9,13,10,9
1396,19.6666666666667,28,18,12,15,13,16,22,14,13,13,9,18,84,84,7,236,19;00-19;11,12,10,7,9,9,12,6,13,13,6,11,11,8,10,8
1397,19.6666666666667,26,15,12,14,18,17,22,12,13,16,11,14,80,76,5,236,19;00-19;11,10,8,7,13,9,9,8,11,9,9,10,8,8,10,8
1398,19.6666666666667,19,19,11,16,9,16,24,12,11,14,13,16,74,81,7,236,19;00-19;11,6,11,8,4,10,9,7,9,11,11,11,11,7,10,6
1399,19.6666666666667,33,18,15,18,17,19,26,12,19,16,12,14,80,94,5,236,19;00-19;11,15,10,10,12,12,9,8,11,9,10,15,8,12,12,15
1400,19.75,29,13,15,22,14,18,22,17,18,17,15,15,88,75,7,237,19;00-19;11,12,6,14,9,9,14,10,14,10,15,9,11,12,11,13
1401,19.75,35,19,15,21,16,18,31,16,18,16,13,19,90,93,7,237,19;00-19;11,16,11,12,11,15,13,8,14,14,11,15,11,12,11,13
1402,19.75,25,16,17,12,11,15,26,12,9,17,8,14,60,79,7,237,19;00-19;11,9,8,5,6,12,9,10,6,9,6,10,11,13,9,4
1403,19.75,29,22,16,20,14,19,28,18,14,24,15,19,83,82,8,237,19;00-19;11,12,14,11,9,14,15,16,11,14,15,11,14,13,12,9
1404,19.75,24,21,12,18,15,18,28,13,17,10,14,15,72,52,6,237,19;00-19;11,9,12,10,10,14,11,4,9,10,12,5,9,8,11,12
1405,19.75,25,17,12,17,15,19,24,13,13,16,9,14,76,91,6,237,19;00-19;11,9,9,9,10,10,11,8,10,9,6,13,9,8,12,8
1406,19.75,30,21,18,21,15,17,22,14,15,19,16,16,87,94,8,237,19;00-19;11,13,12,12,10,9,12,12,13,11,16,15,14,14,10,10
1407,19.8333333333333,27,23,18,14,18,20,23,11,15,20,14,17,87,93,7,238,19;00-19;11,10,15,7,13,9,8,12,13,12,12,15,11,14,13,10
1408,19.8333333333333,25,20,16,19,17,19,26,12,17,20,14,18,89,74,8,238,19;00-19;11,9,12,11,12,12,9,12,14,13,12,9,14,13,12,12
1409,19.8333333333333,33,23,16,14,14,16,27,15,18,18,12,17,84,98,7,238,19;00-19;11,15,15,7,9,13,12,11,13,12,10,16,11,13,10,13
1410,19.8333333333333,26,20,18,21,14,15,30,17,17,22,12,17,89,91,7,238,19;00-19;11,10,12,12,9,15,14,14,14,12,10,13,11,14,9,12
1411,19.8333333333333,23,17,14,19,19,19,24,18,13,22,13,15,87,93,7,238,19;00-19;11,8,9,11,14,10,15,14,13,10,11,15,11,10,12,8
1412,19.8333333333333,25,14,15,13,11,18,16,13,15,13,10,16,65,68,7,238,19;00-19;11,9,7,6,6,5,11,6,6,11,8,8,11,12,11,10
1413,19.8333333333333,31,21,17,21,17,16,26,16,17,22,14,19,75,85,8,238,19;00-19;11,14,12,12,12,12,13,14,10,14,12,12,14,13,10,12
1414,19.9166666666667,25,21,10,12,15,17,22,14,18,17,13,13,76,75,8,239,19;00-19;11,9,12,5,10,9,12,10,10,9,11,9,14,7,10,13
1415,19.9166666666667,35,17,10,22,20,20,29,14,13,20,13,18,89,92,8,239,19;00-19;11,16,9,14,16,14,12,12,14,13,11,13,14,7,13,8
1416,19.9166666666667,30,20,14,12,16,21,22,11,15,17,14,12,83,77,5,239,19;00-19;11,13,12,5,11,9,8,10,11,8,12,10,8,10,13,10
1417,19.9166666666667,31,22,13,23,16,17,29,14,17,18,14,15,76,86,8,239,19;00-19;11,14,14,15,11,14,12,11,10,10,12,12,14,9,10,12
1418,19.9166666666667,29,21,11,19,16,22,23,13,17,20,13,16,78,69,8,239,19;00-19;11,12,12,11,11,9,11,12,10,11,11,8,14,7,14,12
1419,19.9166666666667,21,16,9,17,16,13,19,12,15,19,6,12,64,76,7,239,19;00-19;11,7,8,9,11,7,9,12,6,8,4,10,11,6,7,10
1420,20,28,21,16,22,15,18,25,15,12,16,12,17,80,89,4,240,20;00-20;11,11,13,14,10,11,12,8,12,12,10,14,5,13,12,7
1421,20,26,12,12,19,19,18,22,7,10,13,11,18,70,74,5,240,20;00-20;11,10,5,12,15,9,3,6,9,13,9,9,8,8,12,5
1422,20,26,21,17,15,14,13,22,13,14,11,10,12,70,68,5,240,20;00-20;11,10,13,6,8,9,10,4,9,8,7,7,8,13,6,9
1423,20.0833333333333,29,21,14,20,18,21,28,15,12,20,15,16,69,81,4,241,20;00-20;11,11,13,12,14,14,12,12,8,11,15,11,5,10,14,7
1424,20.0833333333333,21,17,10,14,13,14,24,14,12,20,15,5,50,71,6,241,20;00-20;11,6,9,6,8,10,12,12,4,2,15,9,9,7,8,7
1425,20.0833333333333,25,19,13,17,11,15,18,7,15,21,8,12,68,81,5,241,20;00-20;11,8,11,9,6,7,3,13,8,8,6,11,8,9,9,10
1426,20.0833333333333,30,19,11,18,16,14,27,16,18,17,14,13,87,77,6,241,20;00-20;11,12,11,10,11,13,13,9,13,9,12,10,9,7,8,14
1427,20.0833333333333,30,19,18,20,11,21,19,15,18,18,11,15,77,70,8,241,20;00-20;11,12,11,12,6,7,12,11,10,10,9,7,15,14,14,14
1428,20.0833333333333,22,18,10,19,17,11,28,17,17,15,14,12,78,75,8,241,20;00-20;11,6,10,12,12,14,14,8,10,8,12,9,15,7,5,13
1429,20.0833333333333,30,14,17,19,12,17,21,8,8,17,8,12,79,77,6,241,20;00-20;11,12,6,12,7,8,4,9,10,8,6,10,9,13,10,3
1430,20.0833333333333,27,13,12,19,13,15,23,17,16,13,9,17,63,64,5,241,20;00-20;11,10,5,12,8,9,14,6,7,12,6,6,8,8,9,12
1431,20.1666666666667,33,23,17,18,16,20,16,13,14,18,12,18,83,91,7,242,20;00-20;11,15,15,10,11,4,10,11,12,13,10,14,12,13,14,9
1432,20.1666666666667,26,16,11,19,13,20,26,13,12,16,12,17,78,72,7,242,20;00-20;11,10,8,12,8,11,10,8,10,12,10,9,12,7,14,7
1433,20.1666666666667,27,19,11,19,15,16,27,13,13,14,11,18,88,86,6,242,20;00-20;11,10,11,12,10,13,10,7,14,13,9,13,9,7,10,8
1434,20.1666666666667,27,19,7,18,9,15,21,10,15,20,9,14,30,44,6,242,20;00-20;11,10,11,10,3,8,7,12,1,9,6,2,9,3,9,10
1435,20.1666666666667,28,18,13,16,16,20,24,15,13,20,15,17,85,89,7,242,20;00-20;11,11,10,7,11,10,12,12,13,12,15,14,12,9,14,8
1436,20.1666666666667,24,20,16,17,18,20,23,10,16,19,15,14,75,86,6,242,20;00-20;11,8,13,9,14,9,7,12,10,9,15,13,9,13,14,12
1437,20.1666666666667,22,19,15,21,19,16,25,14,16,20,11,13,88,66,7,242,20;00-20;11,6,11,13,15,11,12,12,14,9,9,7,12,11,10,12
1438,20.1666666666667,20,20,12,18,14,13,13,11,11,16,10,15,82,68,5,242,20;00-20;11,5,13,10,8,3,8,8,12,10,7,7,8,8,6,6
1439,20.25,26,16,9,13,13,18,15,10,7,15,10,16,69,61,8,243,20;00-20;11,10,8,4,8,4,7,8,8,11,7,6,15,6,12,3
1440,20.25,27,16,14,18,15,12,23,8,17,19,12,13,85,80,8,243,20;00-20;11,10,8,10,10,9,4,12,13,9,10,11,15,10,6,13
1441,20.25,18,17,13,16,17,13,17,6,14,13,11,9,74,64,7,243,20;00-20;11,3,9,7,12,5,2,6,9,5,9,6,12,9,6,9
1442,20.25,33,20,20,19,12,15,21,15,15,14,13,19,71,76,6,243,20;00-20;11,15,13,12,7,8,12,7,9,14,11,10,9,16,9,10
1443,20.25,31,18,16,23,20,20,31,18,17,23,16,16,71,75,6,243,20;00-20;11,13,10,16,17,15,15,16,9,11,16,9,9,13,14,13
1444,20.25,21,17,15,14,12,14,20,10,7,13,11,14,70,69,5,243,20;00-20;11,6,9,6,7,8,7,6,9,9,9,7,8,11,8,3
1445,20.25,26,20,11,16,18,20,24,12,14,19,14,17,79,55,7,243,20;00-20;11,10,13,7,14,10,9,12,10,12,12,4,12,7,14,9
1446,20.25,32,21,15,22,16,19,25,13,16,15,12,19,86,87,7,243,20;00-20;11,13,13,14,11,11,10,8,13,14,10,13,12,11,13,12
1447,20.25,23,13,13,18,11,18,27,14,10,22,14,12,50,81,6,243,20;00-20;11,7,5,10,6,13,12,15,4,8,12,11,9,9,12,5
1448,20.25,27,19,12,20,14,17,25,15,14,18,13,19,77,83,8,243,20;00-20;11,10,11,12,8,11,12,11,10,14,11,11,15,8,10,9
1449,20.3333333333333,27,21,10,22,15,17,25,18,16,14,7,17,85,89,7,244,20;00-20;11,10,13,14,10,11,15,7,13,12,5,14,12,7,10,12
1450,20.3333333333333,34,22,16,21,17,20,29,13,17,23,16,19,84,86,7,244,20;00-20;11,15,14,13,12,14,10,16,13,14,16,13,12,13,14,13
1451,20.3333333333333,29,18,13,21,17,15,24,14,18,18,8,17,72,76,6,244,20;00-20;11,11,10,13,12,10,12,11,9,12,6,10,9,9,9,14
1452,20.3333333333333,22,15,10,17,13,17,19,8,15,17,11,13,67,67,7,244,20;00-20;11,6,8,9,8,7,4,9,8,9,9,7,12,7,10,10
1453,20.4166666666667,29,14,13,18,14,16,27,9,10,14,13,15,65,74,6,245,20;00-20;11,11,6,10,8,13,6,7,7,10,11,9,9,9,10,5
1454,20.4166666666667,28,15,12,18,13,18,30,15,17,13,13,18,73,62,4,245,20;00-20;11,11,8,10,8,15,12,6,9,13,11,6,5,8,12,13
1455,20.4166666666667,13,11,15,18,17,14,23,11,15,20,8,15,70,76,6,245,20;00-20;11,1,4,10,12,9,8,12,9,10,6,10,9,11,8,10
1456,20.4166666666667,29,21,13,22,19,17,24,14,17,20,13,19,89,81,7,245,20;00-20;11,11,13,14,15,10,12,12,14,14,11,11,12,9,10,13
1457,20.4166666666667,34,20,14,20,14,18,17,13,14,15,13,15,80,78,5,245,20;00-20;11,15,13,12,8,5,10,8,12,10,11,10,8,10,12,9
1458,20.4166666666667,29,22,9,15,15,15,27,13,15,18,8,14,69,66,6,245,20;00-20;11,11,14,6,10,13,10,11,8,9,6,7,9,6,9,10
1459,20.4166666666667,33,21,16,18,16,15,22,18,15,19,14,17,92,89,6,245,20;00-20;11,15,13,10,11,9,15,12,15,12,12,14,9,13,9,10
1460,20.4166666666667,26,18,19,20,16,15,24,15,17,12,11,16,70,79,6,245,20;00-20;11,10,10,12,11,10,12,6,9,11,9,10,9,15,9,13
1461,20.5,28,20,17,21,17,17,20,15,19,23,13,19,77,81,6,246,20;00-20;11,11,13,13,12,8,12,16,10,14,11,11,9,13,10,15
1462,20.5,28,17,10,14,14,14,25,11,20,22,10,14,66,82,6,246,20;00-20;11,11,9,6,8,11,8,15,8,9,7,11,9,7,8,16
1463,20.5,22,14,15,10,12,11,16,12,13,11,12,9,81,57,3,246,20;00-20;11,6,6,1,7,4,9,4,12,5,10,4,3,11,5,8
1464,20.5,29,17,16,13,15,20,25,14,14,13,13,13,76,76,6,246,20;00-20;11,11,9,4,10,11,12,6,10,9,11,10,9,13,14,9
1465,20.5,26,18,19,18,17,16,27,15,17,19,13,19,67,86,8,246,20;00-20;11,10,10,10,12,13,12,12,8,14,11,13,15,15,10,13
1466,20.5,28,17,13,17,11,14,23,15,13,20,12,13,73,62,4,246,20;00-20;11,11,9,9,6,9,12,12,9,9,10,6,5,9,8,8
1467,20.5,30,20,12,18,11,14,27,9,17,18,10,9,64,66,8,246,20;00-20;11,12,13,10,6,13,6,11,7,5,7,7,15,8,8,13
1468,20.5,29,20,13,19,16,11,20,11,11,17,7,17,90,91,7,246,20;00-20;11,11,13,12,11,8,8,9,14,12,5,14,12,9,5,6
1469,20.5,30,18,15,23,20,15,30,17,18,24,15,19,85,87,7,246,20;00-20;11,12,10,16,17,15,14,17,13,14,15,13,12,11,9,14
1470,20.5,22,15,14,15,13,10,13,12,13,17,15,12,81,85,5,246,20;00-20;11,6,8,6,8,3,9,9,12,8,15,13,8,10,4,8
1471,20.5,25,17,16,14,16,18,24,12,18,16,11,14,57,65,6,246,20;00-20;11,8,9,6,11,10,9,8,6,9,9,6,9,13,12,14
1472,20.5833333333333,26,13,14,20,13,12,16,12,9,17,9,12,58,76,4,247,20;00-20;11,10,5,12,8,4,9,9,6,8,6,10,5,10,6,4
1473,20.5833333333333,26,16,13,17,13,12,20,13,12,15,11,11,64,85,7,247,20;00-20;11,10,8,9,8,8,10,8,7,6,9,13,12,9,6,7
1474,20.5833333333333,29,16,14,19,13,17,23,11,18,16,14,13,88,87,6,247,20;00-20;11,11,8,12,8,9,8,8,14,9,12,13,9,10,10,14
1475,20.5833333333333,26,19,17,17,15,20,26,13,16,16,14,18,86,86,4,247,20;00-20;11,10,11,9,10,11,10,8,13,13,12,13,5,13,14,12
1476,20.5833333333333,34,22,16,20,16,15,19,13,17,19,13,15,76,84,6,247,20;00-20;11,15,14,12,11,7,10,12,10,10,11,11,9,13,9,13
1477,20.5833333333333,31,20,17,20,14,20,30,15,14,15,13,15,82,80,6,247,20;00-20;11,13,13,12,8,15,12,8,12,10,11,11,9,13,14,9
1478,20.5833333333333,28,13,9,19,16,18,22,13,16,19,8,15,75,78,5,247,20;00-20;11,11,5,12,11,9,10,12,10,10,6,10,8,6,12,12
1479,20.6666666666667,23,16,14,21,9,16,24,11,16,12,8,14,71,93,7,248,20;00-20;11,7,8,13,3,10,8,6,9,9,6,16,12,10,10,12
1480,20.6666666666667,30,14,14,18,18,10,23,15,11,21,8,17,86,62,5,248,20;00-20;11,12,6,10,14,9,12,13,13,12,6,6,8,10,4,6
1481,20.6666666666667,34,22,10,21,17,17,27,15,17,18,15,15,85,85,8,248,20;00-20;11,15,14,13,12,13,12,11,13,10,15,13,15,7,10,13
1482,20.6666666666667,33,24,15,15,14,15,29,16,17,22,12,15,83,88,6,248,20;00-20;11,15,17,6,8,14,13,15,12,10,10,13,9,11,9,13
1483,20.6666666666667,22,15,12,13,17,18,16,13,13,17,13,15,46,68,8,248,20;00-20;11,6,8,4,12,4,10,9,3,10,11,7,15,8,12,8
1484,20.75,30,19,16,19,19,14,25,17,14,20,14,17,78,85,6,249,20;00-20;11,12,11,12,15,11,14,12,10,12,12,13,9,13,8,9
1485,20.75,22,13,7,13,15,14,23,10,11,14,9,3,38,81,5,249,20;00-20;11,6,5,4,10,9,7,7,2,1,6,11,8,3,8,6
1486,20.75,26,17,11,20,13,18,22,12,17,13,8,16,76,76,6,249,20;00-20;11,10,9,12,8,9,9,6,10,11,6,10,9,7,12,13
1487,20.75,20,21,13,17,16,19,28,12,16,19,14,11,74,83,7,249,20;00-20;11,5,13,9,11,14,9,12,9,6,12,11,12,9,13,12
1488,20.8333333333333,32,21,15,19,19,20,29,16,17,18,10,15,94,81,6,250,20;00-20;11,13,13,12,15,14,13,11,15,10,7,11,9,11,14,13
1489,20.8333333333333,30,20,18,18,17,19,27,13,15,22,13,18,85,84,8,250,20;00-20;11,12,13,10,12,13,10,15,13,13,11,11,15,14,13,10
1490,20.8333333333333,23,11,6,15,9,12,25,11,9,19,12,8,79,74,7,250,20;00-20;11,7,4,6,3,11,8,12,10,4,10,9,12,2,6,4
1491,20.8333333333333,30,21,18,14,14,12,21,9,11,18,12,12,62,82,7,250,20;00-20;11,12,13,6,8,8,6,11,7,8,10,11,12,14,6,6
1492,20.8333333333333,32,22,19,21,18,12,27,13,16,20,13,19,78,90,8,250,20;00-20;11,13,14,13,14,13,10,12,10,14,11,14,15,15,6,12
1493,20.8333333333333,26,17,18,20,16,17,23,16,17,18,12,12,83,68,6,250,20;00-20;11,10,9,12,11,9,13,11,12,8,10,7,9,14,10,13
1494,20.8333333333333,26,15,9,18,13,11,25,14,15,16,10,18,82,93,6,250,20;00-20;11,10,8,10,8,11,12,8,12,13,7,16,9,6,5,10
1495,20.9166666666667,27,18,14,22,12,20,25,14,17,11,15,13,58,73,5,251,20;00-20;11,10,10,14,7,11,12,4,6,9,15,9,8,10,14,13
1496,20.9166666666667,29,18,18,19,15,14,29,14,12,20,10,18,85,68,8,251,20;00-20;11,11,10,12,10,14,12,12,13,13,7,7,15,14,8,7
1497,20.9166666666667,34,19,16,20,15,20,29,18,18,16,15,20,85,87,6,251,20;00-20;11,15,11,12,10,14,15,8,13,15,15,13,9,13,14,14
1498,20.9166666666667,30,14,11,20,15,23,25,12,17,18,13,20,79,72,6,251,20;00-20;11,12,6,12,10,11,9,11,10,15,11,9,9,7,17,13
1499,20.9166666666667,27,15,17,18,13,19,21,9,13,20,9,11,68,65,5,251,20;00-20;11,10,8,10,8,8,6,12,8,6,6,6,8,13,13,8
1500,21,26,13,13,16,13,9,23,16,10,10,7,11,72,57,7,252,21;00-21;11,10,4,8,9,9,13,2,10,6,5,5,11,9,4,5
1501,21,32,23,14,20,17,13,23,11,17,23,15,19,84,88,8,252,21;00-21;11,13,16,11,12,9,8,15,13,14,15,13,13,10,7,12
1502,21,27,15,15,22,9,16,19,12,15,18,8,13,76,83,6,252,21;00-21;11,10,7,14,4,7,9,10,11,8,6,11,9,12,11,10
1503,21,31,15,13,22,16,19,29,16,16,17,10,16,83,75,7,252,21;00-21;11,13,7,14,11,14,13,9,12,11,7,9,11,9,13,11
1504,21,30,20,16,21,17,22,29,17,18,20,13,15,74,77,7,252,21;00-21;11,12,13,12,12,14,14,11,10,9,11,10,11,13,15,13
1505,21,22,17,12,15,14,13,15,6,11,19,14,11,61,60,0,252,21;00-21;11,6,9,7,9,4,3,11,7,6,13,6,1,7,7,6
1506,21,31,16,10,20,16,14,24,11,8,22,10,14,66,75,6,252,21;00-21;11,13,7,11,11,10,8,14,8,8,7,9,9,6,8,3
1507,21,25,22,14,18,18,17,26,13,15,16,8,19,76,86,7,252,21;00-21;11,8,14,10,14,11,10,8,11,14,6,13,11,10,11,10
1508,21,32,16,15,21,18,21,24,15,20,21,15,14,68,83,7,252,21;00-21;11,13,7,12,14,10,11,13,8,8,15,11,11,12,14,16
1509,21,22,17,9,19,11,17,19,4,10,20,11,18,55,67,8,252,21;00-21;11,6,9,11,6,7,1,11,6,13,9,8,13,5,11,5
1510,21,18,13,15,16,10,8,19,11,15,21,12,15,44,38,6,252,21;00-21;11,4,4,8,5,7,8,13,3,9,10,1,9,12,4,10
1511,21.0833333333333,27,20,14,17,16,17,27,16,18,18,12,16,66,93,8,253,21;00-21;11,10,13,9,11,13,13,10,8,11,10,15,13,10,11,13
1512,21.0833333333333,31,21,14,17,16,12,22,13,12,19,10,17,81,73,7,253,21;00-21;11,13,13,9,11,9,10,11,12,12,7,9,11,10,7,7
1513,21.0833333333333,30,15,14,21,13,15,20,17,15,19,8,16,78,72,5,253,21;00-21;11,12,7,12,9,8,14,11,11,11,6,9,7,10,9,10
1514,21.0833333333333,25,20,15,17,16,18,25,15,13,19,11,15,74,68,8,253,21;00-21;11,8,13,9,11,11,11,11,10,9,9,8,13,12,12,8
1515,21.0833333333333,22,15,17,20,12,16,20,14,14,17,13,17,76,57,8,253,21;00-21;11,6,7,11,7,8,11,9,11,12,11,5,13,13,11,9
1516,21.0833333333333,31,21,13,13,12,14,22,14,15,16,9,13,72,82,8,253,21;00-21;11,13,13,5,7,9,11,8,10,8,6,11,13,9,8,10
1517,21.0833333333333,33,20,18,24,17,12,30,15,17,21,14,19,94,90,6,253,21;00-21;11,14,13,16,12,15,11,13,16,14,13,14,9,14,7,12
1518,21.0833333333333,25,18,18,13,15,11,27,11,15,22,15,16,90,77,5,253,21;00-21;11,8,10,5,10,13,8,14,15,11,15,10,7,14,6,10
1519,21.0833333333333,33,18,14,12,11,13,28,16,14,21,11,18,82,89,7,253,21;00-21;11,14,10,4,6,14,13,13,12,13,9,14,11,10,7,9
1520,21.0833333333333,21,18,14,13,15,16,20,10,15,17,12,10,58,74,3,253,21;00-21;11,6,10,5,10,8,7,9,6,5,10,9,4,10,11,10
1521,21.1666666666667,22,17,13,17,10,18,21,9,11,14,10,15,73,76,5,254,21;00-21;11,6,9,9,5,8,6,6,10,9,7,10,7,9,12,6
1522,21.1666666666667,24,14,12,8,11,14,18,8,15,14,9,11,76,80,7,254,21;00-21;11,8,6,1,6,7,5,6,11,6,6,11,11,7,8,10
1523,21.1666666666667,32,19,13,21,15,18,28,16,17,21,12,13,80,71,8,254,21;00-21;11,13,11,12,10,14,13,13,12,8,10,9,13,9,12,12
1524,21.1666666666667,30,17,14,22,16,15,26,7,13,19,14,16,91,92,5,254,21;00-21;11,12,9,14,11,11,4,11,15,11,13,14,7,10,9,8
1525,21.1666666666667,26,16,12,10,11,12,12,8,15,15,13,14,74,61,4,254,21;00-21;11,10,7,3,6,2,5,8,10,8,11,6,5,7,7,10
1526,21.1666666666667,23,22,15,17,14,12,26,17,18,17,12,14,80,65,5,254,21;00-21;11,7,14,9,9,11,14,9,12,8,10,6,7,12,7,13
1527,21.1666666666667,31,22,17,17,17,18,29,16,18,19,13,15,64,79,7,254,21;00-21;11,13,14,9,12,14,13,11,7,9,11,10,11,13,12,13
1528,21.25,20,16,10,15,13,6,18,8,9,18,9,16,50,80,4,255,21;00-21;11,5,7,7,9,7,5,10,4,11,6,11,5,6,2,4
1529,21.25,32,19,13,17,19,19,27,17,20,12,14,19,81,70,6,255,21;00-21;11,13,11,9,15,13,14,5,12,14,13,8,9,9,13,16
1530,21.25,19,15,7,16,12,19,22,15,19,18,9,15,63,73,6,255,21;00-21;11,5,7,8,7,9,11,10,7,9,6,9,9,2,13,15
1531,21.25,20,12,10,14,16,18,28,12,16,17,12,20,69,54,8,255,21;00-21;11,5,4,7,11,14,9,9,8,15,10,4,13,6,12,11
1532,21.25,24,16,16,16,17,18,20,13,14,12,13,12,67,71,6,255,21;00-21;11,8,7,8,12,8,10,5,8,7,11,9,9,13,12,9
1533,21.25,24,13,14,20,16,9,24,15,17,16,10,7,96,73,6,255,21;00-21;11,8,4,11,11,10,11,8,17,2,7,9,9,10,4,12
1534,21.3333333333333,24,19,15,16,14,12,26,14,14,13,10,16,57,71,7,256,21;00-21;11,8,11,8,9,11,11,5,6,11,7,9,11,12,7,9
1535,21.3333333333333,31,13,13,20,7,15,17,9,9,15,15,11,83,85,8,256,21;00-21;11,13,4,11,3,5,6,8,12,6,15,13,13,9,9,4
1536,21.3333333333333,23,17,5,21,10,16,15,11,12,17,13,16,71,73,7,256,21;00-21;11,7,9,12,5,4,8,9,10,11,11,9,11,1,11,7
1537,21.3333333333333,31,18,16,21,18,12,30,12,12,18,12,17,72,88,8,256,21;00-21;11,13,10,12,14,15,9,10,10,12,10,13,13,13,7,7
1538,21.3333333333333,25,16,10,13,15,15,23,12,12,19,9,16,70,86,6,256,21;00-21;11,8,7,5,10,9,9,11,10,11,6,13,9,6,9,7
1539,21.3333333333333,26,21,7,20,16,18,18,13,15,23,13,18,69,70,7,256,21;00-21;11,10,13,11,11,7,10,15,8,13,11,8,11,2,12,10
1540,21.3333333333333,28,21,15,18,13,16,20,13,14,15,13,18,82,76,7,256,21;00-21;11,11,13,10,9,8,10,8,12,13,11,10,11,12,11,9
1541,21.3333333333333,32,23,15,22,20,20,26,14,15,22,13,16,82,89,7,256,21;00-21;11,13,16,14,16,11,11,14,12,11,11,14,11,12,14,10
1542,21.3333333333333,28,18,13,15,14,19,27,15,16,17,12,15,81,85,8,256,21;00-21;11,11,10,7,9,13,11,9,12,9,10,13,13,9,13,11
1543,21.3333333333333,25,15,17,21,17,20,17,15,16,20,12,18,77,72,7,256,21;00-21;11,8,7,12,12,5,11,11,11,13,10,9,11,13,14,11
1544,21.3333333333333,31,18,10,19,19,18,21,11,15,20,16,17,62,85,5,256,21;00-21;11,13,10,11,15,8,8,11,7,12,17,13,7,6,12,10
1545,21.4166666666667,20,16,12,16,12,19,25,15,15,13,11,12,73,67,5,257,21;00-21;11,5,7,8,7,11,11,5,10,7,9,8,7,7,13,10
1546,21.4166666666667,30,20,13,22,17,19,22,8,15,21,10,16,69,75,8,257,21;00-21;11,12,13,14,12,9,5,13,8,11,7,9,13,9,13,10
1547,21.4166666666667,34,21,14,18,16,18,21,12,17,21,14,17,85,90,7,257,21;00-21;11,14,13,10,11,8,9,13,13,12,13,14,11,10,12,12
1548,21.4166666666667,28,17,16,18,14,17,21,14,18,16,14,19,72,87,6,257,21;00-21;11,11,9,10,9,8,11,8,10,14,13,13,9,13,11,13
1549,21.4166666666667,33,20,17,17,16,13,25,13,19,22,9,18,80,81,8,257,21;00-21;11,14,13,9,11,11,10,14,12,13,6,11,13,13,7,15
1550,21.4166666666667,22,20,13,22,17,10,25,14,15,20,2,18,73,65,7,257,21;00-21;11,6,13,14,12,11,11,11,10,13,1,6,11,9,5,10
1551,21.4166666666667,30,15,16,15,11,11,17,8,10,17,8,19,71,74,6,257,21;00-21;11,12,7,7,6,5,5,9,10,14,6,9,9,13,6,5
1552,21.5,33,15,16,20,13,14,27,11,16,21,13,16,77,77,6,258,21;00-21;11,14,7,11,9,13,8,13,11,11,11,10,9,13,8,11
1553,21.5,28,19,12,12,9,21,23,10,10,20,13,11,85,81,7,258,21;00-21;11,11,11,4,4,9,7,11,13,6,11,11,11,7,14,5
1554,21.5,28,18,15,17,18,14,29,12,15,19,14,17,66,83,7,258,21;00-21;11,11,10,9,14,14,9,11,8,12,13,11,11,12,8,10
1555,21.5,31,20,17,21,19,20,25,16,13,23,15,16,85,77,8,258,21;00-21;11,13,13,12,15,11,13,15,13,11,15,10,13,13,14,8
1556,21.5,26,21,13,20,14,17,25,12,17,17,12,12,64,75,5,258,21;00-21;11,10,13,11,9,11,9,9,7,7,10,9,7,9,11,12
1557,21.5,23,13,15,18,16,15,27,17,19,15,13,18,86,80,6,258,21;00-21;11,7,4,10,11,13,14,8,13,13,11,11,9,12,9,15
1558,21.5,29,21,16,20,15,23,29,19,18,16,15,19,80,90,8,258,21;00-21;11,11,13,11,10,14,16,8,12,14,15,14,13,13,16,13
1559,21.5,25,16,14,13,10,13,22,12,12,16,13,18,64,77,7,258,21;00-21;11,8,7,5,5,9,9,8,7,13,11,10,11,10,7,7
1560,21.5,31,21,16,20,18,18,27,11,17,20,16,19,78,89,6,258,21;00-21;11,13,13,11,14,13,8,11,11,14,17,14,9,13,12,12
1561,21.5,33,19,16,19,15,15,28,15,14,19,11,17,77,82,7,258,21;00-21;11,14,11,11,10,14,11,11,11,12,9,11,11,13,9,9
1562,21.5833333333333,31,21,16,19,15,14,26,16,14,22,11,14,85,87,7,259,21;00-21;11,13,13,11,10,11,13,14,13,8,9,13,11,13,8,9
1563,21.5833333333333,23,18,10,21,16,13,22,6,15,13,10,14,83,86,7,259,21;00-21;11,7,10,12,11,9,3,5,12,8,7,13,11,6,7,10
1564,21.5833333333333,26,15,11,18,17,20,24,12,14,17,14,19,80,85,7,259,21;00-21;11,10,7,10,12,10,9,9,12,14,13,13,11,6,14,9
1565,21.5833333333333,30,22,17,21,16,16,24,14,16,19,12,18,75,86,7,259,21;00-21;11,12,14,12,11,10,11,11,11,13,10,13,11,13,11,11
1566,21.5833333333333,25,20,13,19,16,18,25,7,15,23,12,15,77,74,8,259,21;00-21;11,8,13,11,11,11,4,15,11,9,10,9,13,9,12,10
1567,21.5833333333333,34,16,11,19,18,14,30,11,15,18,15,19,70,87,5,259,21;00-21;11,14,7,11,14,15,8,10,10,14,15,13,7,6,8,10
1568,21.5833333333333,27,19,11,22,18,22,22,14,12,20,11,14,90,82,8,259,21;00-21;11,10,11,14,14,9,11,11,15,8,9,11,13,6,15,7
1569,21.6666666666667,23,17,12,14,11,14,25,5,14,11,12,13,57,70,4,260,21;00-21;11,7,9,7,6,11,2,4,6,8,10,8,5,7,8,9
1570,21.6666666666667,27,19,14,15,17,15,21,13,16,13,12,6,88,83,7,260,21;00-21;11,10,11,7,12,8,10,5,15,1,10,11,11,10,9,11
1571,21.6666666666667,28,21,14,21,15,14,20,16,15,22,13,12,71,82,7,260,21;00-21;11,11,13,12,10,8,13,14,10,7,11,11,11,10,8,10
1572,21.6666666666667,27,16,17,22,17,15,26,14,12,18,13,13,63,81,8,260,21;00-21;11,10,7,14,12,11,11,10,7,8,11,11,13,13,9,7
1573,21.6666666666667,26,19,16,16,15,18,26,18,16,13,13,10,74,68,4,260,21;00-21;11,10,11,8,10,11,15,5,10,5,11,8,5,13,12,11
1574,21.6666666666667,33,16,16,20,17,18,20,14,17,21,15,13,78,94,8,260,21;00-21;11,14,7,11,12,8,11,13,11,8,15,15,13,13,12,12
1575,21.75,31,17,15,21,15,20,27,19,17,20,11,19,71,78,4,261,21;00-21;11,13,9,12,10,13,16,11,10,14,9,10,5,12,14,12
1576,21.75,26,20,15,24,17,20,26,16,17,23,10,20,67,88,5,261,21;00-21;11,10,13,16,12,11,13,15,8,15,7,13,7,12,14,12
1577,21.75,19,17,13,17,14,15,25,9,11,19,10,16,62,76,7,261,21;00-21;11,5,9,9,9,11,6,11,7,11,7,10,11,9,9,6
1578,21.75,14,16,12,20,16,17,20,15,16,16,11,10,39,68,8,261,21;00-21;11,2,7,11,11,8,11,8,2,5,9,8,13,7,11,11
1579,21.75,26,17,14,16,14,14,27,16,16,12,10,10,77,80,7,261,21;00-21;11,10,9,8,9,13,13,5,11,5,7,11,11,10,8,11
1580,21.75,17,20,8,20,13,18,25,14,16,21,10,13,54,65,8,261,21;00-21;11,4,13,11,9,11,11,13,6,8,7,6,13,3,12,11
1581,21.75,28,20,16,21,12,22,25,15,11,20,12,16,68,84,7,261,21;00-21;11,11,13,12,7,11,11,11,8,11,10,11,11,13,15,6
1582,21.75,30,18,16,21,19,19,30,18,19,17,13,19,87,92,6,261,21;00-21;11,12,10,12,15,15,15,9,13,14,11,14,9,13,13,15
1583,21.8333333333333,24,21,15,18,11,17,21,9,13,16,13,10,73,91,6,262,21;00-21;11,8,13,10,6,8,6,8,10,5,11,14,9,12,11,8
1584,21.8333333333333,25,18,15,18,8,14,16,16,10,17,10,14,59,34,6,262,21;00-21;11,8,10,10,4,4,13,9,6,8,7,1,9,12,8,5
1585,21.8333333333333,24,15,16,17,12,17,22,12,19,18,10,10,70,77,2,262,21;00-21;11,8,7,9,7,9,9,10,10,5,7,10,1,13,11,15
1586,21.8333333333333,24,20,14,20,19,20,17,13,13,19,12,18,91,86,4,262,21;00-21;11,8,13,11,15,5,10,11,15,13,10,13,5,10,14,8
1587,21.8333333333333,25,17,14,20,11,9,22,16,19,18,13,16,48,49,7,262,21;00-21;11,8,9,11,6,9,13,10,3,11,11,4,11,10,4,15
1588,21.8333333333333,28,19,15,19,14,16,27,15,17,20,13,15,77,79,5,262,21;00-21;11,11,11,11,9,13,11,11,11,9,11,10,7,12,11,12
1589,21.8333333333333,15,17,16,16,15,13,15,10,8,19,11,17,47,57,5,262,21;00-21;11,3,9,8,10,4,7,11,3,12,9,5,7,13,7,3
1590,21.9166666666667,29,23,18,22,18,19,26,16,9,12,10,14,74,70,8,263,21;00-21;11,11,16,14,14,11,13,5,10,8,7,8,13,14,13,4
1591,21.9166666666667,34,20,18,21,20,20,30,19,17,20,15,15,88,89,8,263,21;00-21;11,14,13,12,16,15,16,11,15,9,15,14,13,14,14,12
1592,21.9166666666667,22,15,13,20,12,19,25,14,16,20,11,10,83,76,5,263,21;00-21;11,6,7,11,7,11,11,11,12,5,9,10,7,9,13,11
1593,21.9166666666667,28,20,12,19,15,15,25,10,16,17,12,17,63,74,8,263,21;00-21;11,11,13,11,10,11,7,9,7,12,10,9,13,7,9,11
1594,21.9166666666667,27,15,16,23,12,15,26,13,18,15,12,16,82,79,8,263,21;00-21;11,10,7,15,7,11,10,8,12,11,10,10,13,13,9,13
1595,21.9166666666667,28,20,11,21,18,11,19,14,13,20,14,17,53,49,7,263,21;00-21;11,11,13,12,14,7,11,11,4,12,13,4,11,6,6,8
1596,21.9166666666667,28,18,13,19,20,21,24,11,17,18,12,17,80,81,7,263,21;00-21;11,11,10,11,16,10,8,10,12,12,10,11,11,9,14,12
1597,21.9166666666667,29,22,14,23,16,13,16,11,13,20,7,17,70,78,7,263,21;00-21;11,11,14,15,11,4,8,11,10,12,5,10,11,10,7,8
1598,21.9166666666667,24,12,11,8,11,8,19,7,13,10,8,15,63,63,5,263,21;00-21;11,8,4,1,6,7,4,2,7,9,6,6,7,6,4,8
1599,21.9166666666667,29,14,16,18,14,12,29,13,9,19,13,15,72,82,6,263,21;00-21;11,11,6,10,9,14,10,11,10,9,11,11,9,13,7,4
1600,21.9166666666667,33,22,14,17,14,18,26,13,17,19,13,17,82,89,7,263,21;00-21;11,14,14,9,9,11,10,11,12,12,11,14,11,10,12,12
